keyword,count_moon_original,count_park_original,log_odds_z_original,direction_original,abs_log_odds_z_original,condition_original,rank_original,count_moon_covid_filtered,count_park_covid_filtered,log_odds_z_covid_filtered,direction_covid_filtered,abs_log_odds_z_covid_filtered,condition_covid_filtered,rank_covid_filtered,retained_in_top_n,direction_stable,rank_change_filtered_minus_original
플랫폼,77121.0,8117.0,93.97099678816792,문재인정부,93.97099678816792,original_base,5.0,77121.0,8117.0,94.5112548913526,문재인정부,94.5112548913526,covid_filtered,1.0,True,True,-4.0
디지털,76475.0,14614.0,74.66593602601422,문재인정부,74.66593602601422,original_base,6.0,76475.0,14614.0,75.2308717588204,문재인정부,75.2308717588204,covid_filtered,2.0,True,True,-4.0
연금,45982.0,59651.0,-71.44350866742991,박근혜정부,71.44350866742991,original_base,7.0,45982.0,59651.0,-70.81981255653145,박근혜정부,70.81981255653145,covid_filtered,3.0,True,True,-4.0
소상공인,36423.0,3291.0,66.9256246015208,문재인정부,66.9256246015208,original_base,8.0,36423.0,3291.0,67.29334124547044,문재인정부,67.29334124547044,covid_filtered,4.0,True,True,-4.0
주택,130810.0,41550.0,64.21037138828329,문재인정부,64.21037138828329,original_base,9.0,130810.0,41550.0,64.99660532782997,문재인정부,64.99660532782997,covid_filtered,5.0,True,True,-4.0
인공지능,44544.0,7349.0,61.25427151378492,문재인정부,61.25427151378492,original_base,10.0,44544.0,7349.0,61.67922547737852,문재인정부,61.67922547737852,covid_filtered,6.0,True,True,-4.0
뉴딜,22517.0,661.0,60.470569007318566,문재인정부,60.470569007318566,original_base,11.0,22517.0,661.0,60.74816106819629,문재인정부,60.74816106819629,covid_filtered,7.0,True,True,-4.0
데이터,61201.0,13873.0,60.11862868538936,문재인정부,60.11862868538936,original_base,12.0,61201.0,13873.0,60.633331534197204,문재인정부,60.633331534197204,covid_filtered,8.0,True,True,-4.0
임금피크제,711.0,8124.0,-58.013545467588,박근혜정부,58.013545467588,original_base,13.0,711.0,8124.0,-57.84026055812635,박근혜정부,57.84026055812635,covid_filtered,9.0,True,True,-4.0
모빌리티,17520.0,322.0,54.62434884733644,문재인정부,54.62434884733644,original_base,14.0,17520.0,322.0,54.867287253272984,문재인정부,54.867287253272984,covid_filtered,10.0,True,True,-4.0
종부세,17758.0,436.0,54.26486540714512,문재인정부,54.26486540714512,original_base,16.0,17758.0,436.0,54.51053340604922,문재인정부,54.51053340604922,covid_filtered,11.0,True,True,-5.0
공정,84568.0,25970.0,53.75449137163296,문재인정부,53.75449137163296,original_base,17.0,84568.0,25970.0,54.383384891927896,문재인정부,54.383384891927896,covid_filtered,12.0,True,True,-5.0
공무원연금,1540.0,8257.0,-52.817668210339015,박근혜정부,52.817668210339015,original_base,18.0,1540.0,8257.0,-52.63263652644783,박근혜정부,52.63263652644783,covid_filtered,13.0,True,True,-5.0
정책,333216.0,151147.0,50.556077588321386,문재인정부,50.556077588321386,original_base,19.0,333216.0,151147.0,51.886022249929525,문재인정부,51.886022249929525,covid_filtered,14.0,True,True,-5.0
텍스트는,13900.0,9.0,50.52634629228105,문재인정부,50.52634629228105,original_base,20.0,13900.0,9.0,50.73992623689894,문재인정부,50.73992623689894,covid_filtered,15.0,True,True,-5.0
화폐,24566.0,3152.0,50.0663492324345,문재인정부,50.0663492324345,original_base,21.0,24566.0,3152.0,50.375339089112934,문재인정부,50.375339089112934,covid_filtered,17.0,True,True,-4.0
산업,181406.0,74053.0,49.65658607339578,문재인정부,49.65658607339578,original_base,22.0,181406.0,74053.0,50.61918963524638,문재인정부,50.61918963524638,covid_filtered,16.0,True,True,-6.0
가상,24045.0,3621.0,46.76107525814633,문재인정부,46.76107525814633,original_base,23.0,24045.0,3621.0,47.070724155631034,문재인정부,47.070724155631034,covid_filtered,18.0,True,True,-5.0
복지,64862.0,61653.0,-46.446221170423655,박근혜정부,46.446221170423655,original_base,24.0,64862.0,61653.0,-45.762910096375066,박근혜정부,45.762910096375066,covid_filtered,21.0,True,True,-3.0
수소,17203.0,1509.0,46.27903103679537,문재인정부,46.27903103679537,original_base,25.0,17203.0,1509.0,46.53127433545086,문재인정부,46.53127433545086,covid_filtered,19.0,True,True,-6.0
혁신성장,11799.0,87.0,45.893494960948786,문재인정부,45.893494960948786,original_base,26.0,11799.0,87.0,46.09125461326216,문재인정부,46.09125461326216,covid_filtered,20.0,True,True,-6.0
감염병,22018.0,3202.0,45.35654465828995,문재인정부,45.35654465828995,original_base,27.0,22018.0,3202.0,45.65197899751459,문재인정부,45.65197899751459,covid_filtered,22.0,True,True,-5.0
민영화,1170.0,5961.0,-44.42114868911846,박근혜정부,44.42114868911846,original_base,28.0,1170.0,5961.0,-44.26311429108917,박근혜정부,44.26311429108917,covid_filtered,23.0,True,True,-5.0
보유세,11674.0,322.0,43.707309151960175,문재인정부,43.707309151960175,original_base,29.0,11674.0,322.0,43.906912316907174,문재인정부,43.906912316907174,covid_filtered,24.0,True,True,-5.0
블록체인,10744.0,158.0,43.113626816261025,문재인정부,43.113626816261025,original_base,30.0,10744.0,158.0,43.30335227948689,문재인정부,43.30335227948689,covid_filtered,26.0,True,True,-4.0
클라우드,18862.0,2556.0,43.07064239702994,문재인정부,43.07064239702994,original_base,31.0,18862.0,2556.0,43.34251921781396,문재인정부,43.34251921781396,covid_filtered,25.0,True,True,-6.0
마크롱,10485.0,109.0,42.98499326209693,문재인정부,42.98499326209693,original_base,32.0,10485.0,109.0,43.17182857468795,문재인정부,43.17182857468795,covid_filtered,27.0,True,True,-5.0
규제,121294.0,48576.0,42.34557642341857,문재인정부,42.34557642341857,original_base,34.0,121294.0,48576.0,43.12979766701958,문재인정부,43.12979766701958,covid_filtered,28.0,True,True,-6.0
암호화폐,9315.0,9.0,41.333302492248315,문재인정부,41.333302492248315,original_base,35.0,9315.0,9.0,41.508177063751035,문재인정부,41.508177063751035,covid_filtered,30.0,True,True,-5.0
판단,156637.0,67250.0,40.72752967189362,문재인정부,40.72752967189362,original_base,36.0,156637.0,67250.0,41.62934668066434,문재인정부,41.62934668066434,covid_filtered,29.0,True,True,-7.0
구조조정,8836.0,13650.0,-40.232804123081614,박근혜정부,40.232804123081614,original_base,37.0,8836.0,13650.0,-39.94557964286026,박근혜정부,39.94557964286026,covid_filtered,32.0,True,True,-5.0
다주택자,13129.0,1183.0,40.199482719400315,문재인정부,40.199482719400315,original_base,38.0,13129.0,1183.0,40.42016502473023,문재인정부,40.42016502473023,covid_filtered,31.0,True,True,-7.0
공급망,9892.0,327.0,39.75392781456536,문재인정부,39.75392781456536,original_base,39.0,9892.0,327.0,39.9383718394782,문재인정부,39.9383718394782,covid_filtered,33.0,True,True,-6.0
소득주도성장,9224.0,168.0,39.647406226833894,문재인정부,39.647406226833894,original_base,40.0,9224.0,168.0,39.823643708829394,문재인정부,39.823643708829394,covid_filtered,34.0,True,True,-6.0
밀레니얼,11004.0,668.0,39.413213606388005,문재인정부,39.413213606388005,original_base,41.0,11004.0,668.0,39.61144887461059,문재인정부,39.61144887461059,covid_filtered,35.0,True,True,-6.0
재택근무,10792.0,641.0,39.14832805753242,문재인정부,39.14832805753242,original_base,42.0,10792.0,641.0,39.34447347938732,문재인정부,39.34447347938732,covid_filtered,36.0,True,True,-6.0
블록체,8631.0,76.0,39.131813309002254,문재인정부,39.131813309002254,original_base,43.0,8631.0,76.0,39.30112588723688,문재인정부,39.30112588723688,covid_filtered,37.0,True,True,-6.0
갑질,20526.0,3913.0,38.719411845549786,문재인정부,38.719411845549786,original_base,45.0,20526.0,3913.0,39.01185388817787,문재인정부,39.01185388817787,covid_filtered,38.0,True,True,-7.0
최저임금,29185.0,7314.0,38.48300377690927,문재인정부,38.48300377690927,original_base,46.0,29185.0,7314.0,38.84256970035776,문재인정부,38.84256970035776,covid_filtered,39.0,True,True,-7.0
바이오,26459.0,6344.0,37.93864435008462,문재인정부,37.93864435008462,original_base,47.0,26459.0,6344.0,38.27917566076222,문재인정부,38.27917566076222,covid_filtered,40.0,True,True,-7.0
성과연봉제,929.0,4435.0,-37.789187403302286,박근혜정부,37.789187403302286,original_base,48.0,929.0,4435.0,-37.65193018178279,박근혜정부,37.65193018178279,covid_filtered,41.0,True,True,-7.0
공무원,206324.0,154617.0,-37.50054843976285,박근혜정부,37.50054843976285,original_base,49.0,206324.0,154617.0,-36.34628210836582,박근혜정부,36.34628210836582,covid_filtered,48.0,True,True,-1.0
해고,13752.0,17369.0,-37.42611140621906,박근혜정부,37.42611140621906,original_base,50.0,13752.0,17369.0,-37.0875854478336,박근혜정부,37.0875854478336,covid_filtered,43.0,True,True,-7.0
무상급식,2812.0,6687.0,-36.89956556594221,박근혜정부,36.89956556594221,original_base,51.0,2812.0,6687.0,-36.71415148791269,박근혜정부,36.71415148791269,covid_filtered,46.0,True,True,-5.0
가상화폐,8222.0,224.0,36.7067186571436,문재인정부,36.7067186571436,original_base,52.0,8222.0,224.0,36.87418447320808,문재인정부,36.87418447320808,covid_filtered,44.0,True,True,-8.0
공시가격,8457.0,288.0,36.676738014928844,문재인정부,36.676738014928844,original_base,53.0,8457.0,288.0,36.84739614636402,문재인정부,36.84739614636402,covid_filtered,45.0,True,True,-8.0
활용,133213.0,57718.0,36.63063533162662,문재인정부,36.63063533162662,original_base,54.0,133213.0,57718.0,37.4633995623873,문재인정부,37.4633995623873,covid_filtered,42.0,True,True,-12.0
경제활성화,437.0,3490.0,-36.58618663925932,박근혜정부,36.58618663925932,original_base,55.0,437.0,3490.0,-36.469965522572444,박근혜정부,36.469965522572444,covid_filtered,47.0,True,True,-8.0
김희옥,119.0,2845.0,-35.95263976858158,박근혜정부,35.95263976858158,original_base,56.0,119.0,2845.0,-35.8531320356039,박근혜정부,35.8531320356039,covid_filtered,51.0,True,True,-5.0
물량,27847.0,7418.0,35.673182482924986,문재인정부,35.673182482924986,original_base,58.0,27847.0,7418.0,36.02709244701946,문재인정부,36.02709244701946,covid_filtered,50.0,True,True,-8.0
일자리,170481.0,77945.0,35.17690515656683,문재인정부,35.17690515656683,original_base,59.0,170481.0,77945.0,36.12807426446428,문재인정부,36.12807426446428,covid_filtered,49.0,True,True,-10.0
집단감염,6865.0,35.0,35.17491758036583,문재인정부,35.17491758036583,original_base,60.0,6865.0,35.0,35.32550238366332,문재인정부,35.32550238366332,covid_filtered,52.0,True,True,-8.0
특활비,6589.0,9.0,34.73333625542434,문재인정부,34.73333625542434,original_base,61.0,6589.0,9.0,34.880452997725754,문재인정부,34.880452997725754,covid_filtered,53.0,True,True,-8.0
중기부,6543.0,1.0,34.70041478863869,문재인정부,34.70041478863869,original_base,62.0,6543.0,1.0,34.84688392702637,문재인정부,34.84688392702637,covid_filtered,54.0,True,True,-8.0
행정처,8876.0,622.0,34.643459554429946,문재인정부,34.643459554429946,original_base,63.0,8876.0,622.0,34.822593914676226,문재인정부,34.822593914676226,covid_filtered,55.0,True,True,-8.0
인문학,5449.0,9031.0,-34.57509326890215,박근혜정부,34.57509326890215,original_base,64.0,5449.0,9031.0,-34.344807022297985,박근혜정부,34.344807022297985,covid_filtered,64.0,True,True,0.0
개학,7603.0,283.0,34.5335733701231,문재인정부,34.5335733701231,original_base,66.0,7603.0,283.0,34.695741376599734,문재인정부,34.695741376599734,covid_filtered,56.0,True,True,-10.0
자율주행,10112.0,1016.0,34.41109973030189,문재인정부,34.41109973030189,original_base,67.0,10112.0,1016.0,34.606020280317274,문재인정부,34.606020280317274,covid_filtered,58.0,True,True,-9.0
시세,16631.0,3253.0,34.360824786797195,문재인정부,34.360824786797195,original_base,68.0,16631.0,3253.0,34.62474487556381,문재인정부,34.62474487556381,covid_filtered,57.0,True,True,-11.0
공매도,11724.0,1535.0,34.3552284077649,문재인정부,34.3552284077649,original_base,69.0,11724.0,1535.0,34.56898746236227,문재인정부,34.56898746236227,covid_filtered,60.0,True,True,-9.0
김의겸,7174.0,191.0,34.333783873319526,문재인정부,34.333783873319526,original_base,70.0,7174.0,191.0,34.490142708412726,문재인정부,34.490142708412726,covid_filtered,61.0,True,True,-9.0
거래소,18341.0,3904.0,34.30744791945083,문재인정부,34.30744791945083,original_base,71.0,18341.0,3904.0,34.587115176904646,문재인정부,34.587115176904646,covid_filtered,59.0,True,True,-12.0
비트코인,10675.0,1210.0,34.25988469644262,문재인정부,34.25988469644262,original_base,72.0,10675.0,1210.0,34.461736714743495,문재인정부,34.461736714743495,covid_filtered,62.0,True,True,-10.0
류재복,6751.0,95.0,34.22129416933293,문재인정부,34.22129416933293,original_base,73.0,6751.0,95.0,34.37161108262472,문재인정부,34.37161108262472,covid_filtered,63.0,True,True,-10.0
고위공직자범죄수사처,6339.0,1.0,34.15479072401934,문재인정부,34.15479072401934,original_base,74.0,6339.0,1.0,34.2989586627762,문재인정부,34.2989586627762,covid_filtered,65.0,True,True,-9.0
공수처장,6422.0,29.0,34.06297489156508,문재인정부,34.06297489156508,original_base,75.0,6422.0,29.0,34.208556379204104,문재인정부,34.208556379204104,covid_filtered,67.0,True,True,-8.0
등교,11604.0,1540.0,34.0237596938716,문재인정부,34.0237596938716,original_base,76.0,11604.0,1540.0,34.236643536693805,문재인정부,34.236643536693805,covid_filtered,66.0,True,True,-10.0
착용,17116.0,3519.0,33.86086551887729,문재인정부,33.86086551887729,original_base,77.0,17116.0,3519.0,34.130014994885485,문재인정부,34.130014994885485,covid_filtered,68.0,True,True,-9.0
우한,7660.0,371.0,33.80867235331879,문재인정부,33.80867235331879,original_base,78.0,7660.0,371.0,33.972704661333,문재인정부,33.972704661333,covid_filtered,70.0,True,True,-8.0
피크제,484.0,3143.0,-33.705107357328735,박근혜정부,33.705107357328735,original_base,79.0,484.0,3143.0,-33.59296904150616,박근혜정부,33.59296904150616,covid_filtered,79.0,True,True,0.0
윤호중,7934.0,457.0,33.70351552834487,문재인정부,33.70351552834487,original_base,80.0,7934.0,457.0,33.87148911725921,문재인정부,33.87148911725921,covid_filtered,72.0,True,True,-8.0
화이자,6846.0,167.0,33.70267869657842,문재인정부,33.70267869657842,original_base,81.0,6846.0,167.0,33.855178860417084,문재인정부,33.855178860417084,covid_filtered,74.0,True,True,-7.0
협업,23262.0,5976.0,33.65412032703626,문재인정부,33.65412032703626,original_base,82.0,23262.0,5976.0,33.97609783383923,문재인정부,33.97609783383923,covid_filtered,69.0,True,True,-13.0
미세,20841.0,5011.0,33.5979191367147,문재인정부,33.5979191367147,original_base,83.0,20841.0,5011.0,33.90022742734,문재인정부,33.90022742734,covid_filtered,71.0,True,True,-12.0
협치,17567.0,3736.0,33.59409200296375,문재인정부,33.59409200296375,original_base,84.0,17567.0,3736.0,33.867766400427634,문재인정부,33.867766400427634,covid_filtered,73.0,True,True,-11.0
탄소중립,6203.0,18.0,33.59150760098462,문재인정부,33.59150760098462,original_base,85.0,6203.0,18.0,33.73441324831572,문재인정부,33.73441324831572,covid_filtered,76.0,True,True,-9.0
김현미,8927.0,757.0,33.56734350196884,문재인정부,33.56734350196884,original_base,86.0,8927.0,757.0,33.74869928630986,문재인정부,33.74869928630986,covid_filtered,75.0,True,True,-11.0
기후위기,6141.0,8.0,33.536144445737385,문재인정부,33.536144445737385,original_base,87.0,6141.0,8.0,33.67816436937955,문재인정부,33.67816436937955,covid_filtered,78.0,True,True,-9.0
보복,19360.0,4457.0,33.43665178791237,문재인정부,33.43665178791237,original_base,88.0,19360.0,4457.0,33.72653456708565,문재인정부,33.72653456708565,covid_filtered,77.0,True,True,-11.0
기업부,6074.0,4.0,33.397979660215555,문재인정부,33.397979660215555,original_base,89.0,6074.0,4.0,33.53915454307426,문재인정부,33.53915454307426,covid_filtered,81.0,True,True,-8.0
이인영,10729.0,1339.0,33.378695113773325,문재인정부,33.378695113773325,original_base,90.0,10729.0,1339.0,33.582445035002124,문재인정부,33.582445035002124,covid_filtered,80.0,True,True,-10.0
젠더,8989.0,811.0,33.25297535940732,문재인정부,33.25297535940732,original_base,91.0,8989.0,811.0,33.43558346887157,문재인정부,33.43558346887157,covid_filtered,83.0,True,True,-8.0
암호,9765.0,1063.0,33.131380380810505,문재인정부,33.131380380810505,original_base,92.0,9765.0,1063.0,33.32391163097899,문재인정부,33.32391163097899,covid_filtered,84.0,True,True,-8.0
기후,24869.0,6757.0,33.1052830272153,문재인정부,33.1052830272153,original_base,93.0,24869.0,6757.0,33.440573098901986,문재인정부,33.440573098901986,covid_filtered,82.0,True,True,-11.0
월성,14946.0,2862.0,32.95861655965596,문재인정부,32.95861655965596,original_base,94.0,14946.0,2862.0,33.20826145876677,문재인정부,33.20826145876677,covid_filtered,85.0,True,True,-9.0
김성태,13436.0,2339.0,32.80998924091373,문재인정부,32.80998924091373,original_base,95.0,13436.0,2339.0,33.04447544708183,문재인정부,33.04447544708183,covid_filtered,86.0,True,True,-9.0
열린민주당,5808.0,0.0,32.70374848475541,문재인정부,32.70374848475541,original_base,96.0,5808.0,0.0,32.84172899870578,문재인정부,32.84172899870578,covid_filtered,89.0,True,True,-7.0
솔루션,17491.0,3867.0,32.68388720001837,문재인정부,32.68388720001837,original_base,97.0,17491.0,3867.0,32.95814782193516,문재인정부,32.95814782193516,covid_filtered,87.0,True,True,-10.0
누적,24443.0,6700.0,32.549876160064215,문재인정부,32.549876160064215,original_base,98.0,24443.0,6700.0,32.88265961233781,문재인정부,32.88265961233781,covid_filtered,88.0,True,True,-10.0
김상조,11497.0,1705.0,32.527440231217206,문재인정부,32.527440231217206,original_base,99.0,11497.0,1705.0,32.741250435509194,문재인정부,32.741250435509194,covid_filtered,90.0,True,True,-9.0
코로나,496130.0,165.0,302.816924321301,문재인정부,302.816924321301,original_base,1.0,,,,,,,,False,False,
확진자,93228.0,1414.0,126.9298154155011,문재인정부,126.9298154155011,original_base,2.0,,,,,,,,False,False,
방역,84302.0,2962.0,115.57014702317647,문재인정부,115.57014702317647,original_base,3.0,,,,,,,,False,False,
접종,75100.0,1395.0,113.08048656340245,문재인정부,113.08048656340245,original_base,4.0,,,,,,,,False,False,
팬데믹,16085.0,18.0,54.2993394464519,문재인정부,54.2993394464519,original_base,15.0,,,,,,,,False,False,
비대면,10437.0,153.0,42.49736354476416,문재인정부,42.49736354476416,original_base,33.0,,,,,,,,False,False,
재난지원금,8468.0,45.0,39.048860874042106,문재인정부,39.048860874042106,original_base,44.0,,,,,,,,False,False,
자가격리,8243.0,315.0,35.87905611626842,문재인정부,35.87905611626842,original_base,57.0,,,,,,,,False,False,
델타,7114.0,154.0,34.561155193710555,문재인정부,34.561155193710555,original_base,65.0,,,,,,,,False,False,
공기업,14477.0,16597.0,-32.52684429555349,박근혜정부,32.52684429555349,original_base,100.0,,,,,,,,False,False,
고민정,,,,,,,,5971.0,91.0,32.24454634160151,문재인정부,32.24454634160151,covid_filtered,99.0,False,False,
기무사,,,,,,,,9488.0,1091.0,32.35854970834604,문재인정부,32.35854970834604,covid_filtered,96.0,False,False,
김영철,,,,,,,,10811.0,1492.0,32.60358612705734,문재인정부,32.60358612705734,covid_filtered,92.0,False,False,
김태년,,,,,,,,8192.0,694.0,32.33561706559216,문재인정부,32.33561706559216,covid_filtered,97.0,False,False,
모더,,,,,,,,5708.0,0.0,32.55775614760414,문재인정부,32.55775614760414,covid_filtered,94.0,False,False,
발사체,,,,,,,,10275.0,1302.0,32.707047700324054,문재인정부,32.707047700324054,covid_filtered,91.0,False,False,
성범죄,,,,,,,,18379.0,4283.0,32.57670507340606,문재인정부,32.57670507340606,covid_filtered,93.0,False,False,
신혼부부,,,,,,,,13729.0,2526.0,32.5034294238651,문재인정부,32.5034294238651,covid_filtered,95.0,False,False,
주택자,,,,,,,,7708.0,556.0,32.29726916084579,문재인정부,32.29726916084579,covid_filtered,98.0,False,False,
추신수,,,,,,,,1597.0,4469.0,-32.216154216990894,박근혜정부,32.216154216990894,covid_filtered,100.0,False,False,
