period,month,cluster_id,label_ko,article_count,total_tokens,cluster_tokens,docs_with_cluster,normalized_frequency_per_10k_tokens,article_share
moon_post_covid_2020_2022,2020-01,organizational_culture,조직문화,12540,3852307,14681,5087,38.10963144941459,0.40566188197767145
moon_post_covid_2020_2022,2020-01,fairness,공정성,12540,3852307,8405,2833,21.818094975296624,0.2259170653907496
moon_post_covid_2020_2022,2020-01,performance_npm,성과주의/NPM,12540,3852307,28259,8738,73.35604353443274,0.6968102073365231
moon_post_covid_2020_2022,2020-01,digital_transformation,디지털 전환,12540,3852307,10825,2554,28.100044986030447,0.20366826156299841
moon_post_covid_2020_2022,2020-01,public_health_crisis,방역/위기 대응,12540,3852307,12779,2663,33.17233024263123,0.2123604465709729
moon_post_covid_2020_2022,2020-02,organizational_culture,조직문화,10485,3236318,11712,4078,36.18927435437432,0.3889365760610396
moon_post_covid_2020_2022,2020-02,fairness,공정성,10485,3236318,4901,1937,15.143752869773612,0.18474010491177872
moon_post_covid_2020_2022,2020-02,performance_npm,성과주의/NPM,10485,3236318,20216,7156,62.466049380808684,0.6824988078206963
moon_post_covid_2020_2022,2020-02,digital_transformation,디지털 전환,10485,3236318,8255,2187,25.507382154658472,0.20858369098712445
moon_post_covid_2020_2022,2020-02,public_health_crisis,방역/위기 대응,10485,3236318,57967,4522,179.11404256318446,0.4312827849308536
moon_post_covid_2020_2022,2020-03,organizational_culture,조직문화,11896,3643564,13645,4219,37.44959605485179,0.3546570275722932
moon_post_covid_2020_2022,2020-03,fairness,공정성,11896,3643564,5221,2081,14.329376401786822,0.1749327505043712
moon_post_covid_2020_2022,2020-03,performance_npm,성과주의/NPM,11896,3643564,21002,7710,57.641364334481295,0.6481170141223941
moon_post_covid_2020_2022,2020-03,digital_transformation,디지털 전환,11896,3643564,12811,2751,35.1606284396267,0.2312542030934768
moon_post_covid_2020_2022,2020-03,public_health_crisis,방역/위기 대응,11896,3643564,102891,7503,282.39108740782376,0.6307162071284466
moon_post_covid_2020_2022,2020-04,organizational_culture,조직문화,12155,3706530,11034,3926,29.769083212600467,0.3229946524064171
moon_post_covid_2020_2022,2020-04,fairness,공정성,12155,3706530,5285,2109,14.258619247652117,0.1735088440970794
moon_post_covid_2020_2022,2020-04,performance_npm,성과주의/NPM,12155,3706530,22559,8144,60.862855554926035,0.6700123406005759
moon_post_covid_2020_2022,2020-04,digital_transformation,디지털 전환,12155,3706530,14556,2976,39.27123212276711,0.24483751542575072
moon_post_covid_2020_2022,2020-04,public_health_crisis,방역/위기 대응,12155,3706530,82783,7385,223.34366644813343,0.6075689016865488
moon_post_covid_2020_2022,2020-05,organizational_culture,조직문화,11737,3587497,12522,4276,34.904558805205966,0.36431796881656303
moon_post_covid_2020_2022,2020-05,fairness,공정성,11737,3587497,6353,2353,17.708725610084134,0.20047712362613956
moon_post_covid_2020_2022,2020-05,performance_npm,성과주의/NPM,11737,3587497,24728,8412,68.92828063688974,0.7167078469796371
moon_post_covid_2020_2022,2020-05,digital_transformation,디지털 전환,11737,3587497,16517,3247,46.04045661919717,0.2766465025134191
moon_post_covid_2020_2022,2020-05,public_health_crisis,방역/위기 대응,11737,3587497,71976,6822,200.6301329311216,0.5812388174150124
moon_post_covid_2020_2022,2020-06,organizational_culture,조직문화,12725,3811418,13971,4904,36.6556488949782,0.38538310412573673
moon_post_covid_2020_2022,2020-06,fairness,공정성,12725,3811418,12032,2894,31.568303450316918,0.227426326129666
moon_post_covid_2020_2022,2020-06,performance_npm,성과주의/NPM,12725,3811418,24531,8913,64.36187266786273,0.7004322200392927
moon_post_covid_2020_2022,2020-06,digital_transformation,디지털 전환,12725,3811418,16118,3006,42.28872298971144,0.2362278978388998
moon_post_covid_2020_2022,2020-06,public_health_crisis,방역/위기 대응,12725,3811418,57522,6715,150.92020869922953,0.5277013752455796
moon_post_covid_2020_2022,2020-07,organizational_culture,조직문화,13289,4042584,16887,5314,41.77278691055028,0.3998795996688991
moon_post_covid_2020_2022,2020-07,fairness,공정성,13289,4042584,8381,2797,20.731789370363117,0.21047482880577922
moon_post_covid_2020_2022,2020-07,performance_npm,성과주의/NPM,13289,4042584,24567,8982,60.770536864540105,0.6758973587177365
moon_post_covid_2020_2022,2020-07,digital_transformation,디지털 전환,13289,4042584,17105,3231,42.31204595872343,0.2431334186169012
moon_post_covid_2020_2022,2020-07,public_health_crisis,방역/위기 대응,13289,4042584,47105,5994,116.52200671649618,0.4510497403867861
moon_post_covid_2020_2022,2020-08,organizational_culture,조직문화,11226,3415430,12240,4259,35.83736162064513,0.379387137003385
moon_post_covid_2020_2022,2020-08,fairness,공정성,11226,3415430,5518,1981,16.156091619503254,0.17646534829859256
moon_post_covid_2020_2022,2020-08,performance_npm,성과주의/NPM,11226,3415430,20970,7491,61.39783277654644,0.6672902191341529
moon_post_covid_2020_2022,2020-08,digital_transformation,디지털 전환,11226,3415430,12869,2764,37.679003815039394,0.24621414573311953
moon_post_covid_2020_2022,2020-08,public_health_crisis,방역/위기 대응,11226,3415430,52460,5726,153.5970580571114,0.5100659184037056
moon_post_covid_2020_2022,2020-09,organizational_culture,조직문화,12872,3820398,14289,4773,37.40186231905681,0.37080484773151023
moon_post_covid_2020_2022,2020-09,fairness,공정성,12872,3820398,10428,2791,27.29558543376894,0.2168272218769422
moon_post_covid_2020_2022,2020-09,performance_npm,성과주의/NPM,12872,3820398,24139,8591,63.184516377613015,0.6674176507147297
moon_post_covid_2020_2022,2020-09,digital_transformation,디지털 전환,12872,3820398,17121,3277,44.81470255193307,0.2545835922933499
moon_post_covid_2020_2022,2020-09,public_health_crisis,방역/위기 대응,12872,3820398,53101,6568,138.99337189476068,0.5102548166563082
moon_post_covid_2020_2022,2020-10,organizational_culture,조직문화,12047,3572324,12315,4332,34.47335683997308,0.3595915995683573
moon_post_covid_2020_2022,2020-10,fairness,공정성,12047,3572324,7469,2560,20.907957956781075,0.21250103760272268
moon_post_covid_2020_2022,2020-10,performance_npm,성과주의/NPM,12047,3572324,23603,7955,66.07183446966177,0.660330372706898
moon_post_covid_2020_2022,2020-10,digital_transformation,디지털 전환,12047,3572324,12870,2591,36.02696731875384,0.21507429235494313
moon_post_covid_2020_2022,2020-10,public_health_crisis,방역/위기 대응,12047,3572324,39850,5156,111.55203167461855,0.42799037104673365
moon_post_covid_2020_2022,2020-11,organizational_culture,조직문화,12044,3626078,13157,4743,36.28438218924138,0.3938060445034872
moon_post_covid_2020_2022,2020-11,fairness,공정성,12044,3626078,5944,2319,16.392366628627403,0.19254400531384921
moon_post_covid_2020_2022,2020-11,performance_npm,성과주의/NPM,12044,3626078,24363,8594,67.18829545310388,0.7135503155097974
moon_post_covid_2020_2022,2020-11,digital_transformation,디지털 전환,12044,3626078,13127,2882,36.20164817193673,0.23928927266688807
moon_post_covid_2020_2022,2020-11,public_health_crisis,방역/위기 대응,12044,3626078,46884,5351,129.29672224370242,0.44428761208900697
moon_post_covid_2020_2022,2020-12,organizational_culture,조직문화,13441,4106027,15315,5408,37.29882925757673,0.4023510155494383
moon_post_covid_2020_2022,2020-12,fairness,공정성,13441,4106027,9004,3239,21.9287403614248,0.2409790938174243
moon_post_covid_2020_2022,2020-12,performance_npm,성과주의/NPM,13441,4106027,30080,9567,73.25816415722547,0.7117773975150659
moon_post_covid_2020_2022,2020-12,digital_transformation,디지털 전환,13441,4106027,15538,3365,37.841933333609354,0.25035339632467823
moon_post_covid_2020_2022,2020-12,public_health_crisis,방역/위기 대응,13441,4106027,69328,6503,168.84448153896696,0.4838181682910498
moon_post_covid_2020_2022,2021-01,organizational_culture,조직문화,12183,3697568,13877,4819,37.53007382149564,0.39555117787080357
moon_post_covid_2020_2022,2021-01,fairness,공정성,12183,3697568,7575,2585,20.48643865373132,0.21218090782237545
moon_post_covid_2020_2022,2021-01,performance_npm,성과주의/NPM,12183,3697568,25714,8556,69.54300772832305,0.7022900763358778
moon_post_covid_2020_2022,2021-01,digital_transformation,디지털 전환,12183,3697568,13310,3037,35.99663346285991,0.2492817860953788
moon_post_covid_2020_2022,2021-01,public_health_crisis,방역/위기 대응,12183,3697568,61956,6178,167.5587845848947,0.5071000574571124
moon_post_covid_2020_2022,2021-02,organizational_culture,조직문화,10140,3061996,11500,3954,37.55720125042619,0.3899408284023669
moon_post_covid_2020_2022,2021-02,fairness,공정성,10140,3061996,5715,2086,18.66429609966832,0.2057199211045365
moon_post_covid_2020_2022,2021-02,performance_npm,성과주의/NPM,10140,3061996,20417,6926,66.67872851564796,0.6830374753451677
moon_post_covid_2020_2022,2021-02,digital_transformation,디지털 전환,10140,3061996,10157,2555,33.17117331309381,0.2519723865877712
moon_post_covid_2020_2022,2021-02,public_health_crisis,방역/위기 대응,10140,3061996,43876,4540,143.2921532229304,0.4477317554240631
moon_post_covid_2020_2022,2021-03,organizational_culture,조직문화,13484,4009577,20672,6112,51.556560704533176,0.4532779590625927
moon_post_covid_2020_2022,2021-03,fairness,공정성,13484,4009577,9760,3232,24.341719837279594,0.23969148620587363
moon_post_covid_2020_2022,2021-03,performance_npm,성과주의/NPM,13484,4009577,26036,8875,64.93453050034954,0.6581874814595076
moon_post_covid_2020_2022,2021-03,digital_transformation,디지털 전환,13484,4009577,12272,2927,30.606719860972866,0.21707208543458914
moon_post_covid_2020_2022,2021-03,public_health_crisis,방역/위기 대응,13484,4009577,43184,5231,107.7021341652748,0.3879412637199644
moon_post_covid_2020_2022,2021-04,organizational_culture,조직문화,13042,3897346,14501,5170,37.207371375289746,0.3964115933139089
moon_post_covid_2020_2022,2021-04,fairness,공정성,13042,3897346,9154,2987,23.4877786062618,0.22902928998619843
moon_post_covid_2020_2022,2021-04,performance_npm,성과주의/NPM,13042,3897346,26157,8861,67.11490332138845,0.6794203343045545
moon_post_covid_2020_2022,2021-04,digital_transformation,디지털 전환,13042,3897346,11432,2794,29.332781846928654,0.2142309461738997
moon_post_covid_2020_2022,2021-04,public_health_crisis,방역/위기 대응,13042,3897346,54968,5494,141.0395689784792,0.4212544088330011
moon_post_covid_2020_2022,2021-05,organizational_culture,조직문화,12682,3874002,14893,5149,38.44344943549332,0.406008516006939
moon_post_covid_2020_2022,2021-05,fairness,공정성,12682,3874002,9314,3072,24.0423210932777,0.24223308626399623
moon_post_covid_2020_2022,2021-05,performance_npm,성과주의/NPM,12682,3874002,25937,8688,66.95143678294436,0.6850654470903643
moon_post_covid_2020_2022,2021-05,digital_transformation,디지털 전환,12682,3874002,11565,2692,29.852849843650056,0.21226935814540293
moon_post_covid_2020_2022,2021-05,public_health_crisis,방역/위기 대응,12682,3874002,51774,5199,133.64474256853765,0.40995111181201704
moon_post_covid_2020_2022,2021-06,organizational_culture,조직문화,13578,4089361,18616,5715,45.52300469437645,0.4209014582412727
moon_post_covid_2020_2022,2021-06,fairness,공정성,13578,4089361,11512,3290,28.151097445297687,0.24230372661658564
moon_post_covid_2020_2022,2021-06,performance_npm,성과주의/NPM,13578,4089361,27665,9164,67.65115625644202,0.6749153041685079
moon_post_covid_2020_2022,2021-06,digital_transformation,디지털 전환,13578,4089361,11833,2919,28.936061159677514,0.21498011489173663
moon_post_covid_2020_2022,2021-06,public_health_crisis,방역/위기 대응,13578,4089361,40812,5089,99.8004333684407,0.37479746648991014
moon_post_covid_2020_2022,2021-07,organizational_culture,조직문화,12670,3879704,14801,5018,38.14981761495207,0.39605367008681924
moon_post_covid_2020_2022,2021-07,fairness,공정성,12670,3879704,8192,2765,21.11501289789118,0.21823204419889503
moon_post_covid_2020_2022,2021-07,performance_npm,성과주의/NPM,12670,3879704,25358,8687,65.36065637997126,0.6856353591160221
moon_post_covid_2020_2022,2021-07,digital_transformation,디지털 전환,12670,3879704,13454,2882,34.677903262723135,0.22746645619573796
moon_post_covid_2020_2022,2021-07,public_health_crisis,방역/위기 대응,12670,3879704,50558,5554,130.31406519672635,0.4383583267561168
moon_post_covid_2020_2022,2021-08,organizational_culture,조직문화,11947,3682480,13903,4960,37.754448089331106,0.41516698752824976
moon_post_covid_2020_2022,2021-08,fairness,공정성,11947,3682480,7570,2580,20.556798679151008,0.21595379593203315
moon_post_covid_2020_2022,2021-08,performance_npm,성과주의/NPM,11947,3682480,22859,7974,62.07501466403077,0.6674478948690048
moon_post_covid_2020_2022,2021-08,digital_transformation,디지털 전환,11947,3682480,11722,2559,31.831808998283766,0.2141960324767724
moon_post_covid_2020_2022,2021-08,public_health_crisis,방역/위기 대응,11947,3682480,40599,4913,110.24907127805174,0.41123294550933287
moon_post_covid_2020_2022,2021-09,organizational_culture,조직문화,11576,3532210,12773,4544,36.16149662675775,0.3925362819626814
moon_post_covid_2020_2022,2021-09,fairness,공정성,11576,3532210,7985,2543,22.606243683133222,0.21967864547339322
moon_post_covid_2020_2022,2021-09,performance_npm,성과주의/NPM,11576,3532210,22329,7763,63.21538073897079,0.670611610228058
moon_post_covid_2020_2022,2021-09,digital_transformation,디지털 전환,11576,3532210,13279,2734,37.594027535169204,0.2361782999308915
moon_post_covid_2020_2022,2021-09,public_health_crisis,방역/위기 대응,11576,3532210,36611,4614,103.64899029219667,0.39858327574291635
moon_post_covid_2020_2022,2021-10,organizational_culture,조직문화,12099,3669907,13493,4665,36.76659926259712,0.38556905529382596
moon_post_covid_2020_2022,2021-10,fairness,공정성,12099,3669907,8875,2963,24.183174124030934,0.2448962724192082
moon_post_covid_2020_2022,2021-10,performance_npm,성과주의/NPM,12099,3669907,24946,8534,67.97447455752966,0.7053475493842466
moon_post_covid_2020_2022,2021-10,digital_transformation,디지털 전환,12099,3669907,11498,2530,31.330494205983964,0.2091081907595669
moon_post_covid_2020_2022,2021-10,public_health_crisis,방역/위기 대응,12099,3669907,36051,4384,98.23409694033118,0.3623439953715183
moon_post_covid_2020_2022,2021-11,organizational_culture,조직문화,13509,4068602,15878,5218,39.025689905279506,0.38626101117773337
moon_post_covid_2020_2022,2021-11,fairness,공정성,13509,4068602,8448,2894,20.76388892302565,0.2142275520023688
moon_post_covid_2020_2022,2021-11,performance_npm,성과주의/NPM,13509,4068602,27446,9196,67.45806053283167,0.680731364275668
moon_post_covid_2020_2022,2021-11,digital_transformation,디지털 전환,13509,4068602,13934,3004,34.247635920151446,0.22237027167073803
moon_post_covid_2020_2022,2021-11,public_health_crisis,방역/위기 대응,13509,4068602,39896,5329,98.05825194993268,0.3944777555703605
moon_post_covid_2020_2022,2021-12,organizational_culture,조직문화,14085,4254497,15322,5510,36.01365801879752,0.39119630812921546
moon_post_covid_2020_2022,2021-12,fairness,공정성,14085,4254497,8563,2988,20.12693862517708,0.21214057507987222
moon_post_covid_2020_2022,2021-12,performance_npm,성과주의/NPM,14085,4254497,28666,9642,67.37811778924747,0.6845580404685836
moon_post_covid_2020_2022,2021-12,digital_transformation,디지털 전환,14085,4254497,13456,3097,31.627710631832624,0.21987930422435215
moon_post_covid_2020_2022,2021-12,public_health_crisis,방역/위기 대응,14085,4254497,47461,5766,111.55490296502737,0.4093716719914803
moon_post_covid_2020_2022,2022-01,organizational_culture,조직문화,12830,3961417,14712,5054,37.13822604386259,0.39392049883086516
moon_post_covid_2020_2022,2022-01,fairness,공정성,12830,3961417,7599,2786,19.182529887663936,0.2171473109898675
moon_post_covid_2020_2022,2022-01,performance_npm,성과주의/NPM,12830,3961417,25687,8758,64.84295897149934,0.6826188620420889
moon_post_covid_2020_2022,2022-01,digital_transformation,디지털 전환,12830,3961417,13672,2937,34.51290283249655,0.2289166017147311
moon_post_covid_2020_2022,2022-01,public_health_crisis,방역/위기 대응,12830,3961417,37192,5161,93.88559699723608,0.40226032735775524
moon_post_covid_2020_2022,2022-02,organizational_culture,조직문화,10334,3248840,11372,3868,35.00326270299553,0.3742984323592026
moon_post_covid_2020_2022,2022-02,fairness,공정성,10334,3248840,6441,2307,19.825537730389925,0.2232436616992452
moon_post_covid_2020_2022,2022-02,performance_npm,성과주의/NPM,10334,3248840,21418,7165,65.92506863988378,0.6933423650087092
moon_post_covid_2020_2022,2022-02,digital_transformation,디지털 전환,10334,3248840,10000,2287,30.780216938968984,0.22130830269014903
moon_post_covid_2020_2022,2022-02,public_health_crisis,방역/위기 대응,10334,3248840,29246,4191,90.01982245970869,0.4055544803561061
moon_post_covid_2020_2022,2022-03,organizational_culture,조직문화,12507,3932514,15651,5013,39.79896829356488,0.40081554329575436
moon_post_covid_2020_2022,2022-03,fairness,공정성,12507,3932514,7448,2656,18.939538422495126,0.21236107779643398
moon_post_covid_2020_2022,2022-03,performance_npm,성과주의/NPM,12507,3932514,25760,8878,65.50517048381774,0.7098424882066043
moon_post_covid_2020_2022,2022-03,digital_transformation,디지털 전환,12507,3932514,10337,2353,26.28598397869658,0.18813464459902454
moon_post_covid_2020_2022,2022-03,public_health_crisis,방역/위기 대응,12507,3932514,29318,4987,74.55281786663696,0.39873670744383144
moon_post_covid_2020_2022,2022-04,organizational_culture,조직문화,12649,3976154,15127,5120,38.044301101013694,0.40477508103407384
moon_post_covid_2020_2022,2022-04,fairness,공정성,12649,3976154,9309,3187,23.412071061633934,0.25195667641710806
moon_post_covid_2020_2022,2022-04,performance_npm,성과주의/NPM,12649,3976154,27025,8924,67.9676893802403,0.7055103170211083
moon_post_covid_2020_2022,2022-04,digital_transformation,디지털 전환,12649,3976154,10586,2302,26.623717290628083,0.1819906711993043
moon_post_covid_2020_2022,2022-04,public_health_crisis,방역/위기 대응,12649,3976154,27051,4580,68.0330792016607,0.36208395920626135
moon_post_covid_2020_2022,2022-05,organizational_culture,조직문화,3522,1103593,4390,1388,39.77915771484596,0.3940942646223736
moon_post_covid_2020_2022,2022-05,fairness,공정성,3522,1103593,2414,807,21.8740060873891,0.22913117546848383
moon_post_covid_2020_2022,2022-05,performance_npm,성과주의/NPM,3522,1103593,6996,2449,63.39293562028755,0.69534355479841
moon_post_covid_2020_2022,2022-05,digital_transformation,디지털 전환,3522,1103593,2762,633,25.027342507609237,0.1797274275979557
moon_post_covid_2020_2022,2022-05,public_health_crisis,방역/위기 대응,3522,1103593,6924,1204,62.74052118851787,0.3418512208972175
moon_pre_covid_2017_2019,2017-05,organizational_culture,조직문화,7243,2322112,11380,3540,49.00711076812832,0.4887477564545078
moon_pre_covid_2017_2019,2017-05,fairness,공정성,7243,2322112,7341,2010,31.613462227489457,0.27750931934281375
moon_pre_covid_2017_2019,2017-05,performance_npm,성과주의/NPM,7243,2322112,17891,5288,77.04624066367168,0.7300842192461687
moon_pre_covid_2017_2019,2017-05,digital_transformation,디지털 전환,7243,2322112,2837,946,12.217326296061517,0.1306088637304984
moon_pre_covid_2017_2019,2017-05,public_health_crisis,방역/위기 대응,7243,2322112,2472,1220,10.6454813549045,0.16843849233742925
moon_pre_covid_2017_2019,2017-06,organizational_culture,조직문화,9118,2904848,11283,3886,38.84196350377025,0.42618995393726694
moon_pre_covid_2017_2019,2017-06,fairness,공정성,9118,2904848,8739,2521,30.084190291540214,0.2764860715069094
moon_pre_covid_2017_2019,2017-06,performance_npm,성과주의/NPM,9118,2904848,21656,6420,74.55123297329155,0.7041017767054178
moon_pre_covid_2017_2019,2017-06,digital_transformation,디지털 전환,9118,2904848,4268,1133,14.69267927271926,0.12425970607589383
moon_pre_covid_2017_2019,2017-06,public_health_crisis,방역/위기 대응,9118,2904848,3561,1696,12.258816984571999,0.18600570300504496
moon_pre_covid_2017_2019,2017-07,organizational_culture,조직문화,9386,2906598,10737,3840,36.940092850817344,0.4091199659066695
moon_pre_covid_2017_2019,2017-07,fairness,공정성,9386,2906598,7853,2472,27.017840100350995,0.2633709780524185
moon_pre_covid_2017_2019,2017-07,performance_npm,성과주의/NPM,9386,2906598,21471,6715,73.86986435688733,0.7154272320477306
moon_pre_covid_2017_2019,2017-07,digital_transformation,디지털 전환,9386,2906598,3841,1042,13.214761724875611,0.11101640741529938
moon_pre_covid_2017_2019,2017-07,public_health_crisis,방역/위기 대응,9386,2906598,3934,1812,13.534723412043908,0.19305348391220967
moon_pre_covid_2017_2019,2017-08,organizational_culture,조직문화,10073,3067234,12467,4021,40.64574140740485,0.3991859426188822
moon_pre_covid_2017_2019,2017-08,fairness,공정성,10073,3067234,5895,2133,19.21927052190997,0.21175419438101856
moon_pre_covid_2017_2019,2017-08,performance_npm,성과주의/NPM,10073,3067234,23820,7380,77.65954602746318,0.7326516430060558
moon_pre_covid_2017_2019,2017-08,digital_transformation,디지털 전환,10073,3067234,3285,985,10.70997517633151,0.09778616102452099
moon_pre_covid_2017_2019,2017-08,public_health_crisis,방역/위기 대응,10073,3067234,4268,1983,13.914817063191137,0.19686290082398492
moon_pre_covid_2017_2019,2017-09,organizational_culture,조직문화,8629,2717358,10394,3595,38.250388796765094,0.41661837988179395
moon_pre_covid_2017_2019,2017-09,fairness,공정성,8629,2717358,7538,1988,27.740179983645877,0.23038590798470274
moon_pre_covid_2017_2019,2017-09,performance_npm,성과주의/NPM,8629,2717358,18224,6237,67.06514195037975,0.7227952254027118
moon_pre_covid_2017_2019,2017-09,digital_transformation,디지털 전환,8629,2717358,4541,1146,16.711084811055443,0.13280797311391818
moon_pre_covid_2017_2019,2017-09,public_health_crisis,방역/위기 대응,8629,2717358,4218,1846,15.522430242905056,0.21392977170008112
moon_pre_covid_2017_2019,2017-10,organizational_culture,조직문화,7772,2446712,9853,3379,40.27037101219923,0.43476582604220276
moon_pre_covid_2017_2019,2017-10,fairness,공정성,7772,2446712,7160,1795,29.263762960250325,0.23095728255275347
moon_pre_covid_2017_2019,2017-10,performance_npm,성과주의/NPM,7772,2446712,15863,5420,64.83394858078924,0.6973751930005146
moon_pre_covid_2017_2019,2017-10,digital_transformation,디지털 전환,7772,2446712,4223,1056,17.259898181723063,0.13587236232629954
moon_pre_covid_2017_2019,2017-10,public_health_crisis,방역/위기 대응,7772,2446712,3196,1510,13.062428271083805,0.19428718476582604
moon_pre_covid_2017_2019,2017-11,organizational_culture,조직문화,9247,2899557,10861,3759,37.45744608572965,0.4065102195306586
moon_pre_covid_2017_2019,2017-11,fairness,공정성,9247,2899557,6965,2079,24.020910780508885,0.22482967448902347
moon_pre_covid_2017_2019,2017-11,performance_npm,성과주의/NPM,9247,2899557,18861,6526,65.04786765702485,0.7057424029414945
moon_pre_covid_2017_2019,2017-11,digital_transformation,디지털 전환,9247,2899557,4606,1308,15.885185219673213,0.14145128149670164
moon_pre_covid_2017_2019,2017-11,public_health_crisis,방역/위기 대응,9247,2899557,4339,1828,14.964354899731234,0.1976857359143506
moon_pre_covid_2017_2019,2017-12,organizational_culture,조직문화,9043,2869328,10233,3681,35.663402720079404,0.40705518080283093
moon_pre_covid_2017_2019,2017-12,fairness,공정성,9043,2869328,6434,1865,22.423368816670664,0.2062368682959195
moon_pre_covid_2017_2019,2017-12,performance_npm,성과주의/NPM,9043,2869328,19038,6314,66.35003039039105,0.6982196173836116
moon_pre_covid_2017_2019,2017-12,digital_transformation,디지털 전환,9043,2869328,4911,1340,17.115505790902958,0.14818091341369014
moon_pre_covid_2017_2019,2017-12,public_health_crisis,방역/위기 대응,9043,2869328,4073,1664,14.194961328924402,0.18400973128386597
moon_pre_covid_2017_2019,2018-01,organizational_culture,조직문화,11369,3396182,13963,4764,41.1138154551199,0.41903421585011874
moon_pre_covid_2017_2019,2018-01,fairness,공정성,11369,3396182,7446,2337,21.924620058642322,0.20555897616325094
moon_pre_covid_2017_2019,2018-01,performance_npm,성과주의/NPM,11369,3396182,23192,7883,68.28844861671135,0.6933767261852406
moon_pre_covid_2017_2019,2018-01,digital_transformation,디지털 전환,11369,3396182,7464,1805,21.97762075177361,0.15876506289031578
moon_pre_covid_2017_2019,2018-01,public_health_crisis,방역/위기 대응,11369,3396182,4150,2035,12.219604249713354,0.1789955141173366
moon_pre_covid_2017_2019,2018-02,organizational_culture,조직문화,8361,2579089,10635,3518,41.235490516224914,0.4207630666188255
moon_pre_covid_2017_2019,2018-02,fairness,공정성,8361,2579089,5639,1716,21.864309451903367,0.20523860782203085
moon_pre_covid_2017_2019,2018-02,performance_npm,성과주의/NPM,8361,2579089,15670,5689,60.75788776579637,0.6804210022724555
moon_pre_covid_2017_2019,2018-02,digital_transformation,디지털 전환,8361,2579089,5043,1236,19.55341595423811,0.1478292070326516
moon_pre_covid_2017_2019,2018-02,public_health_crisis,방역/위기 대응,8361,2579089,2879,1384,11.162856341909876,0.1655304389427102
moon_pre_covid_2017_2019,2018-03,organizational_culture,조직문화,10707,3249528,12535,4085,38.57483302190349,0.3815261044176707
moon_pre_covid_2017_2019,2018-03,fairness,공정성,10707,3249528,9146,2680,28.145626072463447,0.2503035397403568
moon_pre_covid_2017_2019,2018-03,performance_npm,성과주의/NPM,10707,3249528,20714,7578,63.74464229882001,0.7077612776688148
moon_pre_covid_2017_2019,2018-03,digital_transformation,디지털 전환,10707,3249528,6710,1540,20.64915273849002,0.14383113850751844
moon_pre_covid_2017_2019,2018-03,public_health_crisis,방역/위기 대응,10707,3249528,3614,1798,11.12161520073069,0.1679275240496871
moon_pre_covid_2017_2019,2018-04,organizational_culture,조직문화,10191,3095342,12515,4069,40.43171966134921,0.3992738691001864
moon_pre_covid_2017_2019,2018-04,fairness,공정성,10191,3095342,6738,2235,21.768192335451136,0.21931115690314984
moon_pre_covid_2017_2019,2018-04,performance_npm,성과주의/NPM,10191,3095342,20957,7345,67.7049579658726,0.7207339809635953
moon_pre_covid_2017_2019,2018-04,digital_transformation,디지털 전환,10191,3095342,5782,1514,18.679680629797936,0.14856245706996368
moon_pre_covid_2017_2019,2018-04,public_health_crisis,방역/위기 대응,10191,3095342,3275,1555,10.580414054408205,0.1525856147581199
moon_pre_covid_2017_2019,2018-05,organizational_culture,조직문화,10876,3298100,12376,4143,37.52463539613717,0.38093048915042294
moon_pre_covid_2017_2019,2018-05,fairness,공정성,10876,3298100,7537,2342,22.85255146902762,0.21533652077969842
moon_pre_covid_2017_2019,2018-05,performance_npm,성과주의/NPM,10876,3298100,22151,7895,67.16291197962464,0.7259102611254138
moon_pre_covid_2017_2019,2018-05,digital_transformation,디지털 전환,10876,3298100,6039,1521,18.31054243352233,0.13984920926811328
moon_pre_covid_2017_2019,2018-05,public_health_crisis,방역/위기 대응,10876,3298100,3149,1705,9.547921530578211,0.1567671938212578
moon_pre_covid_2017_2019,2018-06,organizational_culture,조직문화,10964,3331704,12228,4142,36.70193990822714,0.3777818314483765
moon_pre_covid_2017_2019,2018-06,fairness,공정성,10964,3331704,5418,2002,16.26194884059328,0.18259759211966436
moon_pre_covid_2017_2019,2018-06,performance_npm,성과주의/NPM,10964,3331704,23721,8231,71.19780148536604,0.7507296607077709
moon_pre_covid_2017_2019,2018-06,digital_transformation,디지털 전환,10964,3331704,5116,1350,15.355505771220972,0.1231302444363371
moon_pre_covid_2017_2019,2018-06,public_health_crisis,방역/위기 대응,10964,3331704,3174,1753,9.526656629760627,0.1598869025902955
moon_pre_covid_2017_2019,2018-07,organizational_culture,조직문화,11046,3351152,13335,4479,39.79228635406571,0.40548614883215645
moon_pre_covid_2017_2019,2018-07,fairness,공정성,11046,3351152,5890,2259,17.576045491222125,0.20450841933731667
moon_pre_covid_2017_2019,2018-07,performance_npm,성과주의/NPM,11046,3351152,24929,7843,74.38934432099768,0.7100307803729857
moon_pre_covid_2017_2019,2018-07,digital_transformation,디지털 전환,11046,3351152,5817,1534,17.358209952875907,0.13887380047075865
moon_pre_covid_2017_2019,2018-07,public_health_crisis,방역/위기 대응,11046,3351152,3837,2055,11.449793981293597,0.18604019554589896
moon_pre_covid_2017_2019,2018-08,organizational_culture,조직문화,10819,3230132,11358,4134,35.16264969976459,0.3821055550420556
moon_pre_covid_2017_2019,2018-08,fairness,공정성,10819,3230132,6052,2234,18.73607642040635,0.20648858489694058
moon_pre_covid_2017_2019,2018-08,performance_npm,성과주의/NPM,10819,3230132,23759,7681,73.55426960879618,0.7099547093076994
moon_pre_covid_2017_2019,2018-08,digital_transformation,디지털 전환,10819,3230132,6278,1650,19.435738229892774,0.1525094740733894
moon_pre_covid_2017_2019,2018-08,public_health_crisis,방역/위기 대응,10819,3230132,3797,1971,11.754937569114821,0.18217949902948516
moon_pre_covid_2017_2019,2018-09,organizational_culture,조직문화,9879,3044461,9653,3491,31.706761886586822,0.35337584775787023
moon_pre_covid_2017_2019,2018-09,fairness,공정성,9879,3044461,5984,2041,19.65536756752673,0.20659985828525154
moon_pre_covid_2017_2019,2018-09,performance_npm,성과주의/NPM,9879,3044461,20257,7134,66.5372294143364,0.7221378682052839
moon_pre_covid_2017_2019,2018-09,digital_transformation,디지털 전환,9879,3044461,6056,1389,19.891862631841892,0.1406012754327361
moon_pre_covid_2017_2019,2018-09,public_health_crisis,방역/위기 대응,9879,3044461,4922,1743,16.167065368878102,0.17643486182812027
moon_pre_covid_2017_2019,2018-10,organizational_culture,조직문화,11169,3313595,13030,4418,39.322850257801576,0.39555913689676786
moon_pre_covid_2017_2019,2018-10,fairness,공정성,11169,3313595,12449,2609,37.569467602407656,0.23359298057122393
moon_pre_covid_2017_2019,2018-10,performance_npm,성과주의/NPM,11169,3313595,22007,7631,66.41427211231306,0.6832303697734802
moon_pre_covid_2017_2019,2018-10,digital_transformation,디지털 전환,11169,3313595,7541,1799,22.75776007629176,0.16107082102247292
moon_pre_covid_2017_2019,2018-10,public_health_crisis,방역/위기 대응,11169,3313595,3797,1905,11.458853601601884,0.17056137523502551
moon_pre_covid_2017_2019,2018-11,organizational_culture,조직문화,11726,3506902,13952,4689,39.78440230151855,0.39988060719768037
moon_pre_covid_2017_2019,2018-11,fairness,공정성,11726,3506902,9151,2572,26.094256412069683,0.21934163397578033
moon_pre_covid_2017_2019,2018-11,performance_npm,성과주의/NPM,11726,3506902,25171,8459,71.77560137123878,0.7213883677298312
moon_pre_covid_2017_2019,2018-11,digital_transformation,디지털 전환,11726,3506902,8034,1955,22.90910895143349,0.16672352038205696
moon_pre_covid_2017_2019,2018-11,public_health_crisis,방역/위기 대응,11726,3506902,4797,2115,13.678739810807373,0.18036841207572915
moon_pre_covid_2017_2019,2018-12,organizational_culture,조직문화,11916,3710853,14943,5092,40.26836956354779,0.4273246055723397
moon_pre_covid_2017_2019,2018-12,fairness,공정성,11916,3710853,8409,2755,22.66055809809766,0.23120174555219872
moon_pre_covid_2017_2019,2018-12,performance_npm,성과주의/NPM,11916,3710853,28705,8501,77.35418244807865,0.7134105404498153
moon_pre_covid_2017_2019,2018-12,digital_transformation,디지털 전환,11916,3710853,7173,1938,19.329787517856406,0.16263846928499495
moon_pre_covid_2017_2019,2018-12,public_health_crisis,방역/위기 대응,11916,3710853,3858,2014,10.396531471335566,0.16901644847264183
moon_pre_covid_2017_2019,2019-01,organizational_culture,조직문화,12359,3862516,15439,5150,39.97135545846283,0.41670038028966744
moon_pre_covid_2017_2019,2019-01,fairness,공정성,12359,3862516,7460,2749,19.313835852071552,0.22242899910996036
moon_pre_covid_2017_2019,2019-01,performance_npm,성과주의/NPM,12359,3862516,29125,8828,75.40421839029275,0.7142972732421717
moon_pre_covid_2017_2019,2019-01,digital_transformation,디지털 전환,12359,3862516,8738,2236,22.622560010107403,0.18092078647139737
moon_pre_covid_2017_2019,2019-01,public_health_crisis,방역/위기 대응,12359,3862516,4672,2218,12.09574277491666,0.17946435795776358
moon_pre_covid_2017_2019,2019-02,organizational_culture,조직문화,10084,3130439,9987,3572,31.902873686406284,0.3542245140817136
moon_pre_covid_2017_2019,2019-02,fairness,공정성,10084,3130439,6319,2049,20.185667249864956,0.20319317731059103
moon_pre_covid_2017_2019,2019-02,performance_npm,성과주의/NPM,10084,3130439,20909,7312,66.79254890448273,0.7251090836969457
moon_pre_covid_2017_2019,2019-02,digital_transformation,디지털 전환,10084,3130439,5977,1573,19.09316872170325,0.15598968663228877
moon_pre_covid_2017_2019,2019-02,public_health_crisis,방역/위기 대응,10084,3130439,3206,1667,10.24137509148078,0.16531138437128123
moon_pre_covid_2017_2019,2019-03,organizational_culture,조직문화,11284,3511190,12001,4395,34.17929533861739,0.3894895427153492
moon_pre_covid_2017_2019,2019-03,fairness,공정성,11284,3511190,7284,2437,20.745103511914763,0.21596951435661113
moon_pre_covid_2017_2019,2019-03,performance_npm,성과주의/NPM,11284,3511190,23756,7884,67.65797350755727,0.6986884083658277
moon_pre_covid_2017_2019,2019-03,digital_transformation,디지털 전환,11284,3511190,8406,1962,23.94060133459027,0.17387451258419
moon_pre_covid_2017_2019,2019-03,public_health_crisis,방역/위기 대응,11284,3511190,3992,1917,11.369364802246531,0.16988656504785538
moon_pre_covid_2017_2019,2019-04,organizational_culture,조직문화,11754,3568681,12438,4362,34.85321327403598,0.371107708014293
moon_pre_covid_2017_2019,2019-04,fairness,공정성,11754,3568681,6299,2251,17.650779097375192,0.19150927343882934
moon_pre_covid_2017_2019,2019-04,performance_npm,성과주의/NPM,11754,3568681,24175,8087,67.74211536419197,0.6880210992002722
moon_pre_covid_2017_2019,2019-04,digital_transformation,디지털 전환,11754,3568681,8849,2015,24.796276271261004,0.17143100221201293
moon_pre_covid_2017_2019,2019-04,public_health_crisis,방역/위기 대응,11754,3568681,5133,2081,14.383465487668975,0.17704611196188533
moon_pre_covid_2017_2019,2019-05,organizational_culture,조직문화,12177,3711756,13734,4893,37.00135461490465,0.4018231091401823
moon_pre_covid_2017_2019,2019-05,fairness,공정성,12177,3711756,5803,2268,15.63410956970232,0.18625277161862527
moon_pre_covid_2017_2019,2019-05,performance_npm,성과주의/NPM,12177,3711756,25770,8634,69.42805507689621,0.7090416358709042
moon_pre_covid_2017_2019,2019-05,digital_transformation,디지털 전환,12177,3711756,8290,1967,22.334442242431884,0.16153403958282006
moon_pre_covid_2017_2019,2019-05,public_health_crisis,방역/위기 대응,12177,3711756,4648,2239,12.52237485438159,0.18387123265172045
moon_pre_covid_2017_2019,2019-06,organizational_culture,조직문화,11167,3430647,12036,4315,35.08376116808287,0.38640637592907673
moon_pre_covid_2017_2019,2019-06,fairness,공정성,11167,3430647,6868,2353,20.01954733319983,0.21071012805587894
moon_pre_covid_2017_2019,2019-06,performance_npm,성과주의/NPM,11167,3430647,25185,8046,73.41180832653433,0.7205158054983434
moon_pre_covid_2017_2019,2019-06,digital_transformation,디지털 전환,11167,3430647,7096,1855,20.684145002385847,0.16611444434494493
moon_pre_covid_2017_2019,2019-06,public_health_crisis,방역/위기 대응,11167,3430647,3797,1912,11.067883113593442,0.1712187695889675
moon_pre_covid_2017_2019,2019-07,organizational_culture,조직문화,11891,3669192,15537,4695,42.34447257052779,0.3948364309141367
moon_pre_covid_2017_2019,2019-07,fairness,공정성,11891,3669192,7572,2450,20.636696035530438,0.20603818013623748
moon_pre_covid_2017_2019,2019-07,performance_npm,성과주의/NPM,11891,3669192,26192,8523,71.38356346574395,0.7167605752249601
moon_pre_covid_2017_2019,2019-07,digital_transformation,디지털 전환,11891,3669192,8155,1948,22.225601712856673,0.16382137751240433
moon_pre_covid_2017_2019,2019-07,public_health_crisis,방역/위기 대응,11891,3669192,6248,2620,17.02827216455285,0.2203347069212009
moon_pre_covid_2017_2019,2019-08,organizational_culture,조직문화,11081,3444915,11223,4039,32.57845258881569,0.3644977890082123
moon_pre_covid_2017_2019,2019-08,fairness,공정성,11081,3444915,6839,2330,19.85244918960265,0.21026983124266763
moon_pre_covid_2017_2019,2019-08,performance_npm,성과주의/NPM,11081,3444915,23245,7905,67.47626574240583,0.7133832686580633
moon_pre_covid_2017_2019,2019-08,digital_transformation,디지털 전환,11081,3444915,6875,1753,19.95695104233341,0.15819871852720874
moon_pre_covid_2017_2019,2019-08,public_health_crisis,방역/위기 대응,11081,3444915,6474,2710,18.7929165160824,0.24456276509340313
moon_pre_covid_2017_2019,2019-09,organizational_culture,조직문화,10763,3336708,11388,4023,34.12944734750538,0.3737805444578649
moon_pre_covid_2017_2019,2019-09,fairness,공정성,10763,3336708,10359,2624,31.045569465473154,0.2437981975285701
moon_pre_covid_2017_2019,2019-09,performance_npm,성과주의/NPM,10763,3336708,24744,7820,74.1569235306176,0.7265632258663941
moon_pre_covid_2017_2019,2019-09,digital_transformation,디지털 전환,10763,3336708,8295,1951,24.859831906178187,0.18126916287280498
moon_pre_covid_2017_2019,2019-09,public_health_crisis,방역/위기 대응,10763,3336708,4623,1920,13.854973225106901,0.17838892502090495
moon_pre_covid_2017_2019,2019-10,organizational_culture,조직문화,12360,3838980,13829,4949,36.02258933362508,0.4004045307443366
moon_pre_covid_2017_2019,2019-10,fairness,공정성,12360,3838980,12378,3142,32.24293953081287,0.25420711974110033
moon_pre_covid_2017_2019,2019-10,performance_npm,성과주의/NPM,12360,3838980,31024,9018,80.81313265502816,0.7296116504854369
moon_pre_covid_2017_2019,2019-10,digital_transformation,디지털 전환,12360,3838980,8533,2147,22.22725828214786,0.17370550161812298
moon_pre_covid_2017_2019,2019-10,public_health_crisis,방역/위기 대응,12360,3838980,4746,2207,12.362658831252052,0.17855987055016181
moon_pre_covid_2017_2019,2019-11,organizational_culture,조직문화,12579,3861561,12974,4587,33.597811869345065,0.36465537801097064
moon_pre_covid_2017_2019,2019-11,fairness,공정성,12579,3861561,9340,2924,24.18710982423947,0.23245091024723746
moon_pre_covid_2017_2019,2019-11,performance_npm,성과주의/NPM,12579,3861561,28398,9195,73.54020822149384,0.7309802051037443
moon_pre_covid_2017_2019,2019-11,digital_transformation,디지털 전환,12579,3861561,10537,2505,27.286892528695002,0.19914142618650132
moon_pre_covid_2017_2019,2019-11,public_health_crisis,방역/위기 대응,12579,3861561,4639,2306,12.013276496214873,0.18332140869703473
moon_pre_covid_2017_2019,2019-12,organizational_culture,조직문화,12895,4019655,13297,4822,33.07995337908353,0.3739433889104304
moon_pre_covid_2017_2019,2019-12,fairness,공정성,12895,4019655,8236,2879,20.489320600897344,0.22326483132997285
moon_pre_covid_2017_2019,2019-12,performance_npm,성과주의/NPM,12895,4019655,29009,9082,72.16788505481192,0.704303993796045
moon_pre_covid_2017_2019,2019-12,digital_transformation,디지털 전환,12895,4019655,10372,2686,25.803209479420495,0.20829778984102365
moon_pre_covid_2017_2019,2019-12,public_health_crisis,방역/위기 대응,12895,4019655,4428,2219,11.015870765028343,0.17208220240403257
park_2013_2017,2013-02,organizational_culture,조직문화,1495,406459,2352,731,57.86561498207691,0.4889632107023411
park_2013_2017,2013-02,fairness,공정성,1495,406459,936,346,23.028152901030605,0.231438127090301
park_2013_2017,2013-02,performance_npm,성과주의/NPM,1495,406459,2452,954,60.32588772791352,0.6381270903010033
park_2013_2017,2013-02,digital_transformation,디지털 전환,1495,406459,429,142,10.554570079639028,0.09498327759197324
park_2013_2017,2013-02,public_health_crisis,방역/위기 대응,1495,406459,402,211,9.890296438263146,0.1411371237458194
park_2013_2017,2013-03,organizational_culture,조직문화,8624,2396115,10492,3866,43.78754775960252,0.4482838589981447
park_2013_2017,2013-03,fairness,공정성,8624,2396115,5552,1930,23.17084113241643,0.22379406307977737
park_2013_2017,2013-03,performance_npm,성과주의/NPM,8624,2396115,16110,5702,67.233834770034,0.661178107606679
park_2013_2017,2013-03,digital_transformation,디지털 전환,8624,2396115,1917,608,8.00045072961857,0.07050092764378478
park_2013_2017,2013-03,public_health_crisis,방역/위기 대응,8624,2396115,3004,1507,12.536960872078344,0.1747448979591837
park_2013_2017,2013-04,organizational_culture,조직문화,8020,2264386,9574,3457,42.280777217311886,0.43104738154613464
park_2013_2017,2013-04,fairness,공정성,8020,2264386,4426,1614,19.54613745183021,0.20124688279301745
park_2013_2017,2013-04,performance_npm,성과주의/NPM,8020,2264386,14969,5295,66.10622040588487,0.6602244389027432
park_2013_2017,2013-04,digital_transformation,디지털 전환,8020,2264386,1977,707,8.730843592920996,0.08815461346633416
park_2013_2017,2013-04,public_health_crisis,방역/위기 대응,8020,2264386,2814,1389,12.427209848497561,0.17319201995012468
park_2013_2017,2013-05,organizational_culture,조직문화,8539,2448238,9741,3512,39.787798408488065,0.411289378147324
park_2013_2017,2013-05,fairness,공정성,8539,2448238,5967,1804,24.372630438707347,0.2112659562009603
park_2013_2017,2013-05,performance_npm,성과주의/NPM,8539,2448238,16846,5871,68.8086697453434,0.6875512355076707
park_2013_2017,2013-05,digital_transformation,디지털 전환,8539,2448238,2123,728,8.671542554277812,0.08525588476402389
park_2013_2017,2013-05,public_health_crisis,방역/위기 대응,8539,2448238,2579,1338,10.534106569704417,0.15669282117343952
park_2013_2017,2013-06,organizational_culture,조직문화,8069,2350154,9140,3233,38.8910684150911,0.40066922790928244
park_2013_2017,2013-06,fairness,공정성,8069,2350154,5938,1868,25.26642934888522,0.23150328417399926
park_2013_2017,2013-06,performance_npm,성과주의/NPM,8069,2350154,16828,5637,71.60381830297078,0.6985995786342794
park_2013_2017,2013-06,digital_transformation,디지털 전환,8069,2350154,1596,628,6.7910443315629525,0.07782872722766142
park_2013_2017,2013-06,public_health_crisis,방역/위기 대응,8069,2350154,2551,1298,10.854607825699933,0.16086256041640848
park_2013_2017,2013-07,organizational_culture,조직문화,7817,2305352,9240,3146,40.08064712026623,0.4024561852373033
park_2013_2017,2013-07,fairness,공정성,7817,2305352,4534,1593,19.667278576113322,0.20378661890750926
park_2013_2017,2013-07,performance_npm,성과주의/NPM,7817,2305352,16906,5343,73.33370348649576,0.6835102980683126
park_2013_2017,2013-07,digital_transformation,디지털 전환,7817,2305352,1718,639,7.452224215651232,0.08174491492900089
park_2013_2017,2013-07,public_health_crisis,방역/위기 대응,7817,2305352,2269,1173,9.842314752801308,0.1500575668414993
park_2013_2017,2013-08,organizational_culture,조직문화,7861,2298319,7677,2864,33.4026738672917,0.36433023788322094
park_2013_2017,2013-08,fairness,공정성,7861,2298319,3967,1417,17.260441218125074,0.18025696476275282
park_2013_2017,2013-08,performance_npm,성과주의/NPM,7861,2298319,15537,5272,67.6015818517795,0.6706525887291693
park_2013_2017,2013-08,digital_transformation,디지털 전환,7861,2298319,1565,626,6.8093245541632825,0.07963363439765933
park_2013_2017,2013-08,public_health_crisis,방역/위기 대응,7861,2298319,2557,1222,11.125522610220774,0.15545096043760337
park_2013_2017,2013-09,organizational_culture,조직문화,7978,2249845,8620,3145,38.31375050281242,0.39420907495612934
park_2013_2017,2013-09,fairness,공정성,7978,2249845,4133,1497,18.370154388413425,0.18764101278515918
park_2013_2017,2013-09,performance_npm,성과주의/NPM,7978,2249845,15554,5172,69.13365142932068,0.6482827776385058
park_2013_2017,2013-09,digital_transformation,디지털 전환,7978,2249845,1797,637,7.987216897164027,0.0798445725745801
park_2013_2017,2013-09,public_health_crisis,방역/위기 대응,7978,2249845,2771,1328,12.316404018943526,0.1664577588368012
park_2013_2017,2013-10,organizational_culture,조직문화,9037,2534803,10416,3711,41.09195073542204,0.410645125594777
park_2013_2017,2013-10,fairness,공정성,9037,2534803,4747,1766,18.72729360033107,0.1954188336837446
park_2013_2017,2013-10,performance_npm,성과주의/NPM,9037,2534803,17053,6008,67.27544507403535,0.6648223968131017
park_2013_2017,2013-10,digital_transformation,디지털 전환,9037,2534803,1848,694,7.29050738854262,0.0767953967024455
park_2013_2017,2013-10,public_health_crisis,방역/위기 대응,9037,2534803,2543,1381,10.032337818757513,0.1528162000663937
park_2013_2017,2013-11,organizational_culture,조직문화,9327,2635061,10650,3790,40.41652166686084,0.4063471641470998
park_2013_2017,2013-11,fairness,공정성,9327,2635061,4697,1680,17.825014297581724,0.1801222257960759
park_2013_2017,2013-11,performance_npm,성과주의/NPM,9327,2635061,18265,6219,69.31528340330641,0.6667738822772595
park_2013_2017,2013-11,digital_transformation,디지털 전환,9327,2635061,2411,842,9.149693308807652,0.09027554411922376
park_2013_2017,2013-11,public_health_crisis,방역/위기 대응,9327,2635061,2517,1321,9.551961036196126,0.14163182159322396
park_2013_2017,2013-12,organizational_culture,조직문화,9548,2751343,10485,3913,38.10866184259832,0.40982404692082114
park_2013_2017,2013-12,fairness,공정성,9548,2751343,4613,1727,16.766357375289086,0.18087557603686635
park_2013_2017,2013-12,performance_npm,성과주의/NPM,9548,2751343,22481,6669,81.70918711334792,0.6984708839547549
park_2013_2017,2013-12,digital_transformation,디지털 전환,9548,2751343,2366,820,8.59943671145328,0.08588186007540846
park_2013_2017,2013-12,public_health_crisis,방역/위기 대응,9548,2751343,2906,1497,10.562114574591389,0.1567867616254713
park_2013_2017,2014-01,organizational_culture,조직문화,9532,2724461,10470,3754,38.42961965687892,0.39383130507763325
park_2013_2017,2014-01,fairness,공정성,9532,2724461,5323,1759,19.537809496997756,0.1845362987830466
park_2013_2017,2014-01,performance_npm,성과주의/NPM,9532,2724461,21724,6540,79.73687272454993,0.6861099454469156
park_2013_2017,2014-01,digital_transformation,디지털 전환,9532,2724461,2260,798,8.295218760701658,0.08371800251783466
park_2013_2017,2014-01,public_health_crisis,방역/위기 대응,9532,2724461,3390,1564,12.442828141052487,0.16407889215274862
park_2013_2017,2014-02,organizational_culture,조직문화,7992,2171401,7897,3092,36.368224938645604,0.3868868868868869
park_2013_2017,2014-02,fairness,공정성,7992,2171401,3688,1431,16.984426183832465,0.17905405405405406
park_2013_2017,2014-02,performance_npm,성과주의/NPM,7992,2171401,16353,5372,75.31082467033956,0.6721721721721722
park_2013_2017,2014-02,digital_transformation,디지털 전환,7992,2171401,1978,640,9.1093261907865,0.08008008008008008
park_2013_2017,2014-02,public_health_crisis,방역/위기 대응,7992,2171401,2389,1077,11.00211338209755,0.13475975975975976
park_2013_2017,2014-03,organizational_culture,조직문화,8572,2393705,8561,3326,35.76464100630613,0.38800746616892207
park_2013_2017,2014-03,fairness,공정성,8572,2393705,4007,1494,16.739740277101816,0.17428838077461503
park_2013_2017,2014-03,performance_npm,성과주의/NPM,8572,2393705,17099,5568,71.43319665539404,0.649556696220252
park_2013_2017,2014-03,digital_transformation,디지털 전환,8572,2393705,1785,732,7.457059244977974,0.08539430704619692
park_2013_2017,2014-03,public_health_crisis,방역/위기 대응,8572,2393705,2419,1238,10.10567300481889,0.14442370508632757
park_2013_2017,2014-04,organizational_culture,조직문화,6616,1912232,7037,2577,36.79992804220409,0.38951027811366384
park_2013_2017,2014-04,fairness,공정성,6616,1912232,3305,1208,17.283467696388303,0.1825876662636034
park_2013_2017,2014-04,performance_npm,성과주의/NPM,6616,1912232,14904,4659,77.94033359968874,0.7042019347037485
park_2013_2017,2014-04,digital_transformation,디지털 전환,6616,1912232,1975,601,10.328244689974857,0.0908403869407497
park_2013_2017,2014-04,public_health_crisis,방역/위기 대응,6616,1912232,3762,1239,19.673345075283752,0.187273276904474
park_2013_2017,2014-05,organizational_culture,조직문화,8580,2494288,9760,3446,39.12940285965374,0.40163170163170164
park_2013_2017,2014-05,fairness,공정성,8580,2494288,4720,1706,18.923235809176806,0.19883449883449883
park_2013_2017,2014-05,performance_npm,성과주의/NPM,8580,2494288,19225,6190,77.07610348123393,0.7214452214452215
park_2013_2017,2014-05,digital_transformation,디지털 전환,8580,2494288,2238,709,8.972500368842732,0.08263403263403263
park_2013_2017,2014-05,public_health_crisis,방역/위기 대응,8580,2494288,5934,1961,23.790356205859144,0.22855477855477854
park_2013_2017,2014-06,organizational_culture,조직문화,7930,2357733,8465,3221,35.90313237334338,0.40617906683480454
park_2013_2017,2014-06,fairness,공정성,7930,2357733,3385,1367,14.35701158697783,0.17238335435056745
park_2013_2017,2014-06,performance_npm,성과주의/NPM,7930,2357733,18883,5837,80.08964543483084,0.7360655737704918
park_2013_2017,2014-06,digital_transformation,디지털 전환,7930,2357733,1962,670,8.321552949379765,0.08448928121059268
park_2013_2017,2014-06,public_health_crisis,방역/위기 대응,7930,2357733,2785,1393,11.812194171265363,0.17566204287515763
park_2013_2017,2014-07,organizational_culture,조직문화,7901,2276626,8077,3189,35.47793972308144,0.403619794962663
park_2013_2017,2014-07,fairness,공정성,7901,2276626,3327,1316,14.613731021256896,0.16656119478547018
park_2013_2017,2014-07,performance_npm,성과주의/NPM,7901,2276626,16299,5460,71.59278686969225,0.6910517655992913
park_2013_2017,2014-07,digital_transformation,디지털 전환,7901,2276626,1876,683,8.24026432097323,0.08644475382862929
park_2013_2017,2014-07,public_health_crisis,방역/위기 대응,7901,2276626,2730,1349,11.99142942231179,0.17073788128085052
park_2013_2017,2014-08,organizational_culture,조직문화,8222,2335812,8927,3335,38.21797302180141,0.4056190707856969
park_2013_2017,2014-08,fairness,공정성,8222,2335812,3976,1452,17.02191785982776,0.17659936755047434
park_2013_2017,2014-08,performance_npm,성과주의/NPM,8222,2335812,16338,5448,69.94569768457393,0.6626125030406227
park_2013_2017,2014-08,digital_transformation,디지털 전환,8222,2335812,1774,690,7.594789306673654,0.08392118705910971
park_2013_2017,2014-08,public_health_crisis,방역/위기 대응,8222,2335812,2826,1360,12.098576426527478,0.16540987594259304
park_2013_2017,2014-09,organizational_culture,조직문화,8701,2431201,8654,3384,35.59557601366567,0.38892081369957476
park_2013_2017,2014-09,fairness,공정성,8701,2431201,4640,1594,19.085217552970732,0.18319733363981153
park_2013_2017,2014-09,performance_npm,성과주의/NPM,8701,2431201,19099,5965,78.55788147504053,0.685553384668429
park_2013_2017,2014-09,digital_transformation,디지털 전환,8701,2431201,2843,955,11.693808944632714,0.10975749913803011
park_2013_2017,2014-09,public_health_crisis,방역/위기 대응,8701,2431201,2774,1470,11.409998597401037,0.16894609814963799
park_2013_2017,2014-10,organizational_culture,조직문화,8341,2389780,8847,3202,37.020144113684104,0.3838868241218079
park_2013_2017,2014-10,fairness,공정성,8341,2389780,4160,1585,17.407460100929793,0.19002517683730968
park_2013_2017,2014-10,performance_npm,성과주의/NPM,8341,2389780,18204,5885,76.17437588397259,0.705550893178276
park_2013_2017,2014-10,digital_transformation,디지털 전환,8341,2389780,2659,930,11.126547213551037,0.1114974223714183
park_2013_2017,2014-10,public_health_crisis,방역/위기 대응,8341,2389780,3084,1415,12.904953594054684,0.1696439275866203
park_2013_2017,2014-11,organizational_culture,조직문화,9004,2484169,9760,3446,39.288792348668714,0.38271879164815636
park_2013_2017,2014-11,fairness,공정성,9004,2484169,5022,1727,20.216015899079327,0.19180364282541093
park_2013_2017,2014-11,performance_npm,성과주의/NPM,9004,2484169,19437,6302,78.24346894273296,0.6999111505997334
park_2013_2017,2014-11,digital_transformation,디지털 전환,9004,2484169,3087,1030,12.426690776674212,0.11439360284318081
park_2013_2017,2014-11,public_health_crisis,방역/위기 대응,9004,2484169,2956,1452,11.899351453141875,0.16126166148378498
park_2013_2017,2014-12,organizational_culture,조직문화,9871,2830376,11613,4123,41.02988436871992,0.41768817748961606
park_2013_2017,2014-12,fairness,공정성,9871,2830376,6501,2100,22.968679779647648,0.2127444027960693
park_2013_2017,2014-12,performance_npm,성과주의/NPM,9871,2830376,21686,6904,76.61879552398692,0.6994225509066964
park_2013_2017,2014-12,digital_transformation,디지털 전환,9871,2830376,4306,1608,15.213526400732624,0.1629014284267045
park_2013_2017,2014-12,public_health_crisis,방역/위기 대응,9871,2830376,3550,1652,12.54250318685574,0.1673589301995745
park_2013_2017,2015-01,organizational_culture,조직문화,9919,2839741,12895,4404,45.40907075680494,0.4439963706018752
park_2013_2017,2015-01,fairness,공정성,9919,2839741,5175,1866,18.22349291713575,0.18812380280270188
park_2013_2017,2015-01,performance_npm,성과주의/NPM,9919,2839741,20970,6724,73.84476260335009,0.6778909164230266
park_2013_2017,2015-01,digital_transformation,디지털 전환,9919,2839741,4640,1837,16.339518287055053,0.1852001209799375
park_2013_2017,2015-01,public_health_crisis,방역/위기 대응,9919,2839741,3425,1774,12.06095908042318,0.1788486742615183
park_2013_2017,2015-02,organizational_culture,조직문화,8019,2323528,8906,3250,38.3296435420619,0.4052874423244794
park_2013_2017,2015-02,fairness,공정성,8019,2323528,3905,1486,16.80633932537073,0.18530988901359272
park_2013_2017,2015-02,performance_npm,성과주의/NPM,8019,2323528,16095,5529,69.26966234106067,0.689487467265245
park_2013_2017,2015-02,digital_transformation,디지털 전환,8019,2323528,3440,1341,14.8050722866262,0.16722783389450055
park_2013_2017,2015-02,public_health_crisis,방역/위기 대응,8019,2323528,2495,1237,10.737981207887316,0.15425863574011722
park_2013_2017,2015-03,organizational_culture,조직문화,11039,3089301,11597,4235,37.53923622204505,0.38363982244768546
park_2013_2017,2015-03,fairness,공정성,11039,3089301,6711,2174,21.72336072140591,0.1969381284536643
park_2013_2017,2015-03,performance_npm,성과주의/NPM,11039,3089301,22270,7779,72.08750458437038,0.7046833952350756
park_2013_2017,2015-03,digital_transformation,디지털 전환,11039,3089301,5700,2005,18.45077575801128,0.1816287707219857
park_2013_2017,2015-03,public_health_crisis,방역/위기 대응,11039,3089301,3170,1462,10.261220904016799,0.13243953256635566
park_2013_2017,2015-04,organizational_culture,조직문화,9176,2653906,9155,3464,34.49632353218237,0.37750653879686136
park_2013_2017,2015-04,fairness,공정성,9176,2653906,5214,1868,19.646513478623582,0.2035745422842197
park_2013_2017,2015-04,performance_npm,성과주의/NPM,9176,2653906,18912,6374,71.26100170842524,0.6946381865736705
park_2013_2017,2015-04,digital_transformation,디지털 전환,9176,2653906,3306,1272,12.457110387481697,0.13862249346120314
park_2013_2017,2015-04,public_health_crisis,방역/위기 대응,9176,2653906,3043,1457,11.466118242319057,0.15878378378378377
park_2013_2017,2015-05,organizational_culture,조직문화,9607,2715935,9777,3738,35.99865239779302,0.38909128760278966
park_2013_2017,2015-05,fairness,공정성,9607,2715935,4388,1699,16.15649859072474,0.17685021338607265
park_2013_2017,2015-05,performance_npm,성과주의/NPM,9607,2715935,24280,6826,89.39831034247874,0.7105235765587592
park_2013_2017,2015-05,digital_transformation,디지털 전환,9607,2715935,4253,1171,15.659432202906181,0.121890288331425
park_2013_2017,2015-05,public_health_crisis,방역/위기 대응,9607,2715935,3234,1386,11.90750146818683,0.1442698032684501
park_2013_2017,2015-06,organizational_culture,조직문화,9908,2719244,9583,3669,35.241412686761464,0.3703068227694792
park_2013_2017,2015-06,fairness,공정성,9908,2719244,4366,1659,16.055933193196346,0.1674404521598708
park_2013_2017,2015-06,performance_npm,성과주의/NPM,9908,2719244,20450,6862,75.20472601943776,0.6925716592652402
park_2013_2017,2015-06,digital_transformation,디지털 전환,9908,2719244,4011,1476,14.750423279411484,0.14897052886556317
park_2013_2017,2015-06,public_health_crisis,방역/위기 대응,9908,2719244,17743,2690,65.24975324023883,0.271497779572063
park_2013_2017,2015-07,organizational_culture,조직문화,11793,3263819,13505,4746,41.3779072920404,0.4024421266853218
park_2013_2017,2015-07,fairness,공정성,11793,3263819,5695,2096,17.448884267172904,0.17773255320953107
park_2013_2017,2015-07,performance_npm,성과주의/NPM,11793,3263819,25131,7882,76.99875513930154,0.668362587975918
park_2013_2017,2015-07,digital_transformation,디지털 전환,11793,3263819,4174,1599,12.788699373341476,0.1355889086746375
park_2013_2017,2015-07,public_health_crisis,방역/위기 대응,11793,3263819,5562,1921,17.041386179809603,0.16289324175358263
park_2013_2017,2015-08,organizational_culture,조직문화,11589,3284579,10827,4048,32.96312860795859,0.3492967469151782
park_2013_2017,2015-08,fairness,공정성,11589,3284579,7896,2348,24.039610555873374,0.2026059194063336
park_2013_2017,2015-08,performance_npm,성과주의/NPM,11589,3284579,27903,8339,84.95152651222577,0.7195616532919148
park_2013_2017,2015-08,digital_transformation,디지털 전환,11589,3284579,3430,1336,10.44273862799464,0.11528173267753905
park_2013_2017,2015-08,public_health_crisis,방역/위기 대응,11589,3284579,5322,2259,16.202989789559027,0.19492622314263525
park_2013_2017,2015-09,organizational_culture,조직문화,9490,2634346,9532,3631,36.183553716937716,0.3826132771338251
park_2013_2017,2015-09,fairness,공정성,9490,2634346,6348,1948,24.09706242080577,0.2052687038988409
park_2013_2017,2015-09,performance_npm,성과주의/NPM,9490,2634346,22667,6762,86.04412632205488,0.7125395152792413
park_2013_2017,2015-09,digital_transformation,디지털 전환,9490,2634346,4774,1517,18.122144927052105,0.15985247629083246
park_2013_2017,2015-09,public_health_crisis,방역/위기 대응,9490,2634346,3646,1451,13.840247256814404,0.15289778714436247
park_2013_2017,2015-10,organizational_culture,조직문화,8592,2440997,9172,3354,37.574810620414524,0.39036312849162014
park_2013_2017,2015-10,fairness,공정성,8592,2440997,4018,1418,16.46048725172542,0.1650372439478585
park_2013_2017,2015-10,performance_npm,성과주의/NPM,8592,2440997,16549,5607,67.7960685736197,0.6525837988826816
park_2013_2017,2015-10,digital_transformation,디지털 전환,8592,2440997,3015,1117,12.351510468878086,0.1300046554934823
park_2013_2017,2015-10,public_health_crisis,방역/위기 대응,8592,2440997,2608,1255,10.68415897274761,0.1460661080074488
park_2013_2017,2015-11,organizational_culture,조직문화,9077,2617903,9444,3515,36.07467503570606,0.3872424809959238
park_2013_2017,2015-11,fairness,공정성,9077,2617903,4336,1614,16.562874942272497,0.17781205244023357
park_2013_2017,2015-11,performance_npm,성과주의/NPM,9077,2617903,18545,6023,70.83914109881077,0.6635452241930153
park_2013_2017,2015-11,digital_transformation,디지털 전환,9077,2617903,3905,1354,14.916519061248641,0.1491682273879035
park_2013_2017,2015-11,public_health_crisis,방역/위기 대응,9077,2617903,3315,1493,12.662806834325032,0.16448165693511071
park_2013_2017,2015-12,organizational_culture,조직문화,9839,2860927,10037,3782,35.083034275254136,0.38438865738388045
park_2013_2017,2015-12,fairness,공정성,9839,2860927,4984,1760,17.420926853428977,0.17887996747636956
park_2013_2017,2015-12,performance_npm,성과주의/NPM,9839,2860927,24531,7043,85.74493512067941,0.7158247789409493
park_2013_2017,2015-12,digital_transformation,디지털 전환,9839,2860927,3923,1308,13.712338693018031,0.13294033946539283
park_2013_2017,2015-12,public_health_crisis,방역/위기 대응,9839,2860927,3984,1828,13.925556296962489,0.18579123894704747
park_2013_2017,2016-01,organizational_culture,조직문화,9053,2614347,8849,3372,33.84784039762128,0.37247321329945876
park_2013_2017,2016-01,fairness,공정성,9053,2614347,4697,1701,17.966245490747784,0.1878935159615597
park_2013_2017,2016-01,performance_npm,성과주의/NPM,9053,2614347,19880,6296,76.0419332246255,0.6954600684855848
park_2013_2017,2016-01,digital_transformation,디지털 전환,9053,2614347,3945,1358,15.089810189695553,0.15000552303103942
park_2013_2017,2016-01,public_health_crisis,방역/위기 대응,9053,2614347,4196,1781,16.049896972360592,0.19673036562465482
park_2013_2017,2016-02,organizational_culture,조직문화,7009,2042010,6964,2583,34.10365277349278,0.3685261806249108
park_2013_2017,2016-02,fairness,공정성,7009,2042010,3820,1239,18.707058241634467,0.17677272078755885
park_2013_2017,2016-02,performance_npm,성과주의/NPM,7009,2042010,14149,4856,69.28957252902777,0.6928235126266229
park_2013_2017,2016-02,digital_transformation,디지털 전환,7009,2042010,2694,870,13.192883482451114,0.12412612355542874
park_2013_2017,2016-02,public_health_crisis,방역/위기 대응,7009,2042010,3529,1421,17.28199176301781,0.2027393351405336
park_2013_2017,2016-03,organizational_culture,조직문화,8675,2586733,8930,3353,34.52231057476748,0.3865129682997118
park_2013_2017,2016-03,fairness,공정성,8675,2586733,4727,1700,18.274015911189906,0.19596541786743515
park_2013_2017,2016-03,performance_npm,성과주의/NPM,8675,2586733,17813,6133,68.86292477808881,0.7069740634005763
park_2013_2017,2016-03,digital_transformation,디지털 전환,8675,2586733,5503,1361,21.27393898017306,0.15688760806916427
park_2013_2017,2016-03,public_health_crisis,방역/위기 대응,8675,2586733,3204,1546,12.386280300286113,0.17821325648414985
park_2013_2017,2016-04,organizational_culture,조직문화,7946,2409838,7833,2901,32.50425962243105,0.36508935313365215
park_2013_2017,2016-04,fairness,공정성,7946,2409838,3916,1484,16.25005498294906,0.18676063428139944
park_2013_2017,2016-04,performance_npm,성과주의/NPM,7946,2409838,18576,5589,77.08401975568482,0.7033727661716587
park_2013_2017,2016-04,digital_transformation,디지털 전환,7946,2409838,3141,869,13.034071169929266,0.1093632016108734
park_2013_2017,2016-04,public_health_crisis,방역/위기 대응,7946,2409838,3038,1531,12.606656547037602,0.19267556003020386
park_2013_2017,2016-05,organizational_culture,조직문화,8293,2444626,9627,3390,39.38025693909825,0.4087784878813457
park_2013_2017,2016-05,fairness,공정성,8293,2444626,3780,1445,15.46248792248794,0.1742433377547329
park_2013_2017,2016-05,performance_npm,성과주의/NPM,8293,2444626,21068,5960,86.18087183888252,0.7186784034728084
park_2013_2017,2016-05,digital_transformation,디지털 전환,8293,2444626,2894,803,11.838211652825423,0.09682865066923911
park_2013_2017,2016-05,public_health_crisis,방역/위기 대응,8293,2444626,3061,1536,12.521342732998832,0.18521644760641504
park_2013_2017,2016-06,organizational_culture,조직문화,8304,2442727,10494,3540,42.960183434333835,0.4263005780346821
park_2013_2017,2016-06,fairness,공정성,8304,2442727,5837,1781,23.89542507206086,0.21447495183044316
park_2013_2017,2016-06,performance_npm,성과주의/NPM,8304,2442727,19591,5868,80.20134873852051,0.7066473988439307
park_2013_2017,2016-06,digital_transformation,디지털 전환,8304,2442727,3172,908,12.985487121565365,0.10934489402697495
park_2013_2017,2016-06,public_health_crisis,방역/위기 대응,8304,2442727,3384,1724,13.85336961518827,0.20761078998073218
park_2013_2017,2016-07,organizational_culture,조직문화,7539,2249056,9094,3193,40.43474239858857,0.42353097227749037
park_2013_2017,2016-07,fairness,공정성,7539,2249056,5209,1586,23.16082836532305,0.21037272847857805
park_2013_2017,2016-07,performance_npm,성과주의/NPM,7539,2249056,15235,4951,67.73953160792794,0.6567183976654729
park_2013_2017,2016-07,digital_transformation,디지털 전환,7539,2249056,2747,850,12.214013346043853,0.11274704868019632
park_2013_2017,2016-07,public_health_crisis,방역/위기 대응,7539,2249056,2977,1462,13.236664627292516,0.19392492372993766
park_2013_2017,2016-08,organizational_culture,조직문화,7540,2242259,7923,2841,35.33490109750925,0.376790450928382
park_2013_2017,2016-08,fairness,공정성,7540,2242259,4512,1491,20.122563896499024,0.19774535809018567
park_2013_2017,2016-08,performance_npm,성과주의/NPM,7540,2242259,14493,5094,64.63570889892738,0.6755968169761273
park_2013_2017,2016-08,digital_transformation,디지털 전환,7540,2242259,2906,847,12.960144211707926,0.1123342175066313
park_2013_2017,2016-08,public_health_crisis,방역/위기 대응,7540,2242259,2786,1375,12.424969639992524,0.1823607427055703
park_2013_2017,2016-09,organizational_culture,조직문화,7195,2108158,7521,2783,35.675694136777224,0.38679638637943015
park_2013_2017,2016-09,fairness,공정성,7195,2108158,4553,1454,21.597052972310422,0.20208478109798472
park_2013_2017,2016-09,performance_npm,성과주의/NPM,7195,2108158,15794,4949,74.91848333948404,0.6878387769284225
park_2013_2017,2016-09,digital_transformation,디지털 전환,7195,2108158,2946,909,13.974284659878434,0.12633773453787353
park_2013_2017,2016-09,public_health_crisis,방역/위기 대응,7195,2108158,3286,1442,15.587067003516813,0.20041695621959693
park_2013_2017,2016-10,organizational_culture,조직문화,7664,2294219,8779,3198,38.26574533643039,0.41727557411273486
park_2013_2017,2016-10,fairness,공정성,7664,2294219,5031,1726,21.929031186647833,0.22520876826722339
park_2013_2017,2016-10,performance_npm,성과주의/NPM,7664,2294219,14973,5090,65.26403974511588,0.6641440501043842
park_2013_2017,2016-10,digital_transformation,디지털 전환,7664,2294219,3023,942,13.176597351865711,0.12291231732776618
park_2013_2017,2016-10,public_health_crisis,방역/위기 대응,7664,2294219,3361,1456,14.649865596963497,0.18997912317327767
park_2013_2017,2016-11,organizational_culture,조직문화,7662,2474151,8190,3031,33.102264170618525,0.3955886191594884
park_2013_2017,2016-11,fairness,공정성,7662,2474151,5364,1820,21.680164226031472,0.2375358914121639
park_2013_2017,2016-11,performance_npm,성과주의/NPM,7662,2474151,14974,5321,60.52177090242269,0.6944661968154529
park_2013_2017,2016-11,digital_transformation,디지털 전환,7662,2474151,3129,904,12.646762465185025,0.11798486034977812
park_2013_2017,2016-11,public_health_crisis,방역/위기 대응,7662,2474151,3578,1596,14.461526398348362,0.20830070477682067
park_2013_2017,2016-12,organizational_culture,조직문화,8142,2578491,9227,3411,35.78449566044636,0.4189388356669123
park_2013_2017,2016-12,fairness,공정성,8142,2578491,4714,1697,18.282010679889904,0.20842544829280274
park_2013_2017,2016-12,performance_npm,성과주의/NPM,8142,2578491,18105,5749,70.21548649966202,0.7060918693195775
park_2013_2017,2016-12,digital_transformation,디지털 전환,8142,2578491,3306,994,12.821452547245656,0.12208302628346844
park_2013_2017,2016-12,public_health_crisis,방역/위기 대응,8142,2578491,4049,1711,15.70298286866233,0.21014492753623187
park_2013_2017,2017-01,organizational_culture,조직문화,7956,2499151,9609,3461,38.449057299859035,0.4350175967823027
park_2013_2017,2017-01,fairness,공정성,7956,2499151,6132,2037,24.536332538530086,0.2560331825037707
park_2013_2017,2017-01,performance_npm,성과주의/NPM,7956,2499151,16733,5418,66.95473782896671,0.6809954751131222
park_2013_2017,2017-01,digital_transformation,디지털 전환,7956,2499151,3789,1104,15.161148726107387,0.138763197586727
park_2013_2017,2017-01,public_health_crisis,방역/위기 대응,7956,2499151,3895,1728,15.585292765423137,0.2171945701357466
park_2013_2017,2017-02,organizational_culture,조직문화,7924,2486433,8863,3166,35.645440677468486,0.3995456839979808
park_2013_2017,2017-02,fairness,공정성,7924,2486433,5984,2049,24.066604650115245,0.25858152448258453
park_2013_2017,2017-02,performance_npm,성과주의/NPM,7924,2486433,15614,5263,62.796785596072766,0.6641847551741544
park_2013_2017,2017-02,digital_transformation,디지털 전환,7924,2486433,3770,1143,15.162282675624077,0.14424533064109035
park_2013_2017,2017-02,public_health_crisis,방역/위기 대응,7924,2486433,3541,1488,14.241284603285107,0.18778394750126198
