comparison,interpretation,keyword,period_a,period_b,count_a,count_b,log_odds_z_b_vs_a,direction,abs_log_odds_z,rank_abs_z
covid_period_shift,문재인 후기에서 추가 강화된 코로나 이후 변화,코로나,moon_pre_covid_2017_2019,moon_post_covid_2020_2022,64,496066,398.7676211165125,moon_post_covid_2020_2022,398.7676211165125,1.0
covid_period_shift,문재인 후기에서 추가 강화된 코로나 이후 변화,확진자,moon_pre_covid_2017_2019,moon_post_covid_2020_2022,302,92926,171.25113286492345,moon_post_covid_2020_2022,171.25113286492345,2.0
covid_period_shift,문재인 후기에서 추가 강화된 코로나 이후 변화,방역,moon_pre_covid_2017_2019,moon_post_covid_2020_2022,1751,82551,157.29566059830498,moon_post_covid_2020_2022,157.29566059830498,3.0
covid_period_shift,문재인 후기에서 추가 강화된 코로나 이후 변화,접종,moon_pre_covid_2017_2019,moon_post_covid_2020_2022,1136,73964,150.13727631385558,moon_post_covid_2020_2022,150.13727631385558,4.0
covid_period_shift,문재인 후기에서 추가 강화된 코로나 이후 변화,감염병,moon_pre_covid_2017_2019,moon_post_covid_2020_2022,1436,20582,73.11224354144434,moon_post_covid_2020_2022,73.11224354144434,5.0
covid_period_shift,문재인 후기에서 추가 강화된 코로나 이후 변화,팬데믹,moon_pre_covid_2017_2019,moon_post_covid_2020_2022,7,16078,71.47305033915286,moon_post_covid_2020_2022,71.47305033915286,6.0
covid_period_shift,문재인 후기에서 추가 강화된 코로나 이후 변화,임금,moon_pre_covid_2017_2019,moon_post_covid_2020_2022,56320,22350,-70.31863616144301,moon_pre_covid_2017_2019,70.31863616144301,7.0
covid_period_shift,문재인 후기에서 추가 강화된 코로나 이후 변화,뉴딜,moon_pre_covid_2017_2019,moon_post_covid_2020_2022,2036,20481,69.75404661196997,moon_post_covid_2020_2022,69.75404661196997,8.0
covid_period_shift,문재인 후기에서 추가 강화된 코로나 이후 변화,자사고,moon_pre_covid_2017_2019,moon_post_covid_2020_2022,23059,4060,-66.34086080737339,moon_pre_covid_2017_2019,66.34086080737339,9.0
covid_period_shift,문재인 후기에서 추가 강화된 코로나 이후 변화,일자리,moon_pre_covid_2017_2019,moon_post_covid_2020_2022,107638,62843,-63.525282092722136,moon_pre_covid_2017_2019,63.525282092722136,10.0
covid_period_shift,문재인 후기에서 추가 강화된 코로나 이후 변화,최저임금,moon_pre_covid_2017_2019,moon_post_covid_2020_2022,23690,5495,-61.40851750595655,moon_pre_covid_2017_2019,61.40851750595655,11.0
covid_period_shift,문재인 후기에서 추가 강화된 코로나 이후 변화,디지털,moon_pre_covid_2017_2019,moon_post_covid_2020_2022,23528,52947,60.705918124408825,moon_post_covid_2020_2022,60.705918124408825,12.0
covid_period_shift,문재인 후기에서 추가 강화된 코로나 이후 변화,개혁,moon_pre_covid_2017_2019,moon_post_covid_2020_2022,77260,41573,-60.46116056502541,moon_pre_covid_2017_2019,60.46116056502541,13.0
covid_period_shift,문재인 후기에서 추가 강화된 코로나 이후 변화,방북,moon_pre_covid_2017_2019,moon_post_covid_2020_2022,13057,694,-60.15500133348584,moon_pre_covid_2017_2019,60.15500133348584,14.0
covid_period_shift,문재인 후기에서 추가 강화된 코로나 이후 변화,김성태,moon_pre_covid_2017_2019,moon_post_covid_2020_2022,12471,965,-56.737437765404195,moon_pre_covid_2017_2019,56.737437765404195,15.0
covid_period_shift,문재인 후기에서 추가 강화된 코로나 이후 변화,남북정상회담,moon_pre_covid_2017_2019,moon_post_covid_2020_2022,13435,1455,-56.23201481841863,moon_pre_covid_2017_2019,56.23201481841863,16.0
covid_period_shift,문재인 후기에서 추가 강화된 코로나 이후 변화,감염자,moon_pre_covid_2017_2019,moon_post_covid_2020_2022,316,10753,56.06916411633164,moon_post_covid_2020_2022,56.06916411633164,17.0
covid_period_shift,문재인 후기에서 추가 강화된 코로나 이후 변화,재택근무,moon_pre_covid_2017_2019,moon_post_covid_2020_2022,382,10410,54.585048405432524,moon_post_covid_2020_2022,54.585048405432524,18.0
covid_period_shift,문재인 후기에서 추가 강화된 코로나 이후 변화,유행,moon_pre_covid_2017_2019,moon_post_covid_2020_2022,4424,18927,54.08705142811183,moon_post_covid_2020_2022,54.08705142811183,19.0
covid_period_shift,문재인 후기에서 추가 강화된 코로나 이후 변화,등교,moon_pre_covid_2017_2019,moon_post_covid_2020_2022,667,10937,53.990627355533626,moon_post_covid_2020_2022,53.990627355533626,20.0
covid_period_shift,문재인 후기에서 추가 강화된 코로나 이후 변화,비대면,moon_pre_covid_2017_2019,moon_post_covid_2020_2022,370,10067,53.673540229416055,moon_post_covid_2020_2022,53.673540229416055,21.0
covid_period_shift,문재인 후기에서 추가 강화된 코로나 이후 변화,플랫폼,moon_pre_covid_2017_2019,moon_post_covid_2020_2022,25564,51557,53.37281885242581,moon_post_covid_2020_2022,53.37281885242581,22.0
covid_period_shift,문재인 후기에서 추가 강화된 코로나 이후 변화,재난지원금,moon_pre_covid_2017_2019,moon_post_covid_2020_2022,32,8436,51.521794398101235,moon_post_covid_2020_2022,51.521794398101235,23.0
covid_period_shift,문재인 후기에서 추가 강화된 코로나 이후 변화,기무사,moon_pre_covid_2017_2019,moon_post_covid_2020_2022,9134,354,-51.37099224097343,moon_pre_covid_2017_2019,51.37099224097343,24.0
covid_period_shift,문재인 후기에서 추가 강화된 코로나 이후 변화,자가격리,moon_pre_covid_2017_2019,moon_post_covid_2020_2022,9,8234,51.09721071908582,moon_post_covid_2020_2022,51.09721071908582,25.0
covid_period_shift,문재인 후기에서 추가 강화된 코로나 이후 변화,월성,moon_pre_covid_2017_2019,moon_post_covid_2020_2022,1982,12964,51.08088689370312,moon_post_covid_2020_2022,51.08088689370312,26.0
covid_period_shift,문재인 후기에서 추가 강화된 코로나 이후 변화,김영철,moon_pre_covid_2017_2019,moon_post_covid_2020_2022,9950,861,-49.99502394200625,moon_pre_covid_2017_2019,49.99502394200625,27.0
covid_period_shift,문재인 후기에서 추가 강화된 코로나 이후 변화,주자,moon_pre_covid_2017_2019,moon_post_covid_2020_2022,5429,18787,48.95977081431284,moon_post_covid_2020_2022,48.95977081431284,28.0
covid_period_shift,문재인 후기에서 추가 강화된 코로나 이후 변화,곽수종,moon_pre_covid_2017_2019,moon_post_covid_2020_2022,7257,8,-48.31124597635955,moon_pre_covid_2017_2019,48.31124597635955,29.0
covid_period_shift,문재인 후기에서 추가 강화된 코로나 이후 변화,우한,moon_pre_covid_2017_2019,moon_post_covid_2020_2022,124,7536,47.82132167045634,moon_post_covid_2020_2022,47.82132167045634,30.0
covid_period_shift,문재인 후기에서 추가 강화된 코로나 이후 변화,화상,moon_pre_covid_2017_2019,moon_post_covid_2020_2022,2010,11792,47.37354843149066,moon_post_covid_2020_2022,47.37354843149066,31.0
covid_period_shift,문재인 후기에서 추가 강화된 코로나 이후 변화,집단감염,moon_pre_covid_2017_2019,moon_post_covid_2020_2022,4,6861,46.6762101834644,moon_post_covid_2020_2022,46.6762101834644,32.0
covid_period_shift,문재인 후기에서 추가 강화된 코로나 이후 변화,델타,moon_pre_covid_2017_2019,moon_post_covid_2020_2022,125,6989,45.958236273452044,moon_post_covid_2020_2022,45.958236273452044,33.0
covid_period_shift,문재인 후기에서 추가 강화된 코로나 이후 변화,혁신성장,moon_pre_covid_2017_2019,moon_post_covid_2020_2022,10239,1560,-45.8809043879408,moon_pre_covid_2017_2019,45.8809043879408,34.0
covid_period_shift,문재인 후기에서 추가 강화된 코로나 이후 변화,류재복,moon_pre_covid_2017_2019,moon_post_covid_2020_2022,42,6709,45.78436891919415,moon_post_covid_2020_2022,45.78436891919415,35.0
covid_period_shift,문재인 후기에서 추가 강화된 코로나 이후 변화,증상,moon_pre_covid_2017_2019,moon_post_covid_2020_2022,5895,18301,45.50213823726754,moon_post_covid_2020_2022,45.50213823726754,36.0
covid_period_shift,문재인 후기에서 추가 강화된 코로나 이후 변화,공급망,moon_pre_covid_2017_2019,moon_post_covid_2020_2022,973,8919,45.351822193846246,moon_post_covid_2020_2022,45.351822193846246,37.0
covid_period_shift,문재인 후기에서 추가 강화된 코로나 이후 변화,정권교체,moon_pre_covid_2017_2019,moon_post_covid_2020_2022,1426,9906,45.282902095800644,moon_post_covid_2020_2022,45.282902095800644,38.0
covid_period_shift,문재인 후기에서 추가 강화된 코로나 이후 변화,주택,moon_pre_covid_2017_2019,moon_post_covid_2020_2022,50995,79815,45.247606494516276,moon_post_covid_2020_2022,45.247606494516276,39.0
covid_period_shift,문재인 후기에서 추가 강화된 코로나 이후 변화,기본소득,moon_pre_covid_2017_2019,moon_post_covid_2020_2022,2092,11209,44.997555489972264,moon_post_covid_2020_2022,44.997555489972264,40.0
covid_period_shift,문재인 후기에서 추가 강화된 코로나 이후 변화,화이자,moon_pre_covid_2017_2019,moon_post_covid_2020_2022,138,6708,44.850935756363434,moon_post_covid_2020_2022,44.850935756363434,41.0
covid_period_shift,문재인 후기에서 추가 강화된 코로나 이후 변화,한국판,moon_pre_covid_2017_2019,moon_post_covid_2020_2022,1206,9281,44.800152316595636,moon_post_covid_2020_2022,44.800152316595636,42.0
covid_period_shift,문재인 후기에서 추가 강화된 코로나 이후 변화,블랙리스트,moon_pre_covid_2017_2019,moon_post_covid_2020_2022,13036,3169,-44.70779819831329,moon_pre_covid_2017_2019,44.70779819831329,43.0
covid_period_shift,문재인 후기에서 추가 강화된 코로나 이후 변화,대선후보,moon_pre_covid_2017_2019,moon_post_covid_2020_2022,735,8167,44.67505839315721,moon_post_covid_2020_2022,44.67505839315721,44.0
covid_period_shift,문재인 후기에서 추가 강화된 코로나 이후 변화,바른정당,moon_pre_covid_2017_2019,moon_post_covid_2020_2022,6420,97,-44.54876187749912,moon_pre_covid_2017_2019,44.54876187749912,45.0
covid_period_shift,문재인 후기에서 추가 강화된 코로나 이후 변화,기후,moon_pre_covid_2017_2019,moon_post_covid_2020_2022,6327,18542,44.19567258440105,moon_post_covid_2020_2022,44.19567258440105,46.0
covid_period_shift,문재인 후기에서 추가 강화된 코로나 이후 변화,중립,moon_pre_covid_2017_2019,moon_post_covid_2020_2022,5476,17002,43.8596466480874,moon_post_covid_2020_2022,43.8596466480874,47.0
covid_period_shift,문재인 후기에서 추가 강화된 코로나 이후 변화,탄소중립,moon_pre_covid_2017_2019,moon_post_covid_2020_2022,50,6153,43.72928712484815,moon_post_covid_2020_2022,43.72928712484815,48.0
covid_period_shift,문재인 후기에서 추가 강화된 코로나 이후 변화,폐기,moon_pre_covid_2017_2019,moon_post_covid_2020_2022,18441,6537,-43.6423651003789,moon_pre_covid_2017_2019,43.6423651003789,49.0
covid_period_shift,문재인 후기에서 추가 강화된 코로나 이후 변화,관세,moon_pre_covid_2017_2019,moon_post_covid_2020_2022,12321,3016,-43.34087597518088,moon_pre_covid_2017_2019,43.34087597518088,50.0
covid_period_shift,문재인 후기에서 추가 강화된 코로나 이후 변화,주호영,moon_pre_covid_2017_2019,moon_post_covid_2020_2022,2258,11031,43.33926614248621,moon_post_covid_2020_2022,43.33926614248621,51.0
covid_period_shift,문재인 후기에서 추가 강화된 코로나 이후 변화,종부세,moon_pre_covid_2017_2019,moon_post_covid_2020_2022,3820,13938,43.295797371471835,moon_post_covid_2020_2022,43.295797371471835,52.0
covid_period_shift,문재인 후기에서 추가 강화된 코로나 이후 변화,근로,moon_pre_covid_2017_2019,moon_post_covid_2020_2022,21793,8808,-43.09159483689407,moon_pre_covid_2017_2019,43.09159483689407,53.0
covid_period_shift,문재인 후기에서 추가 강화된 코로나 이후 변화,열린민주당,moon_pre_covid_2017_2019,moon_post_covid_2020_2022,0,5808,42.98049518913499,moon_post_covid_2020_2022,42.98049518913499,54.0
covid_period_shift,문재인 후기에서 추가 강화된 코로나 이후 변화,당선자,moon_pre_covid_2017_2019,moon_post_covid_2020_2022,2620,11576,42.827424732276356,moon_post_covid_2020_2022,42.827424732276356,55.0
covid_period_shift,문재인 후기에서 추가 강화된 코로나 이후 변화,수칙,moon_pre_covid_2017_2019,moon_post_covid_2020_2022,513,7096,42.76293226535772,moon_post_covid_2020_2022,42.76293226535772,56.0
covid_period_shift,문재인 후기에서 추가 강화된 코로나 이후 변화,모더,moon_pre_covid_2017_2019,moon_post_covid_2020_2022,0,5708,42.608842127639555,moon_post_covid_2020_2022,42.608842127639555,57.0
covid_period_shift,문재인 후기에서 추가 강화된 코로나 이후 변화,단일,moon_pre_covid_2017_2019,moon_post_covid_2020_2022,6178,17563,42.160751178316666,moon_post_covid_2020_2022,42.160751178316666,58.0
covid_period_shift,문재인 후기에서 추가 강화된 코로나 이후 변화,송영무,moon_pre_covid_2017_2019,moon_post_covid_2020_2022,5661,74,-41.9534057718785,moon_pre_covid_2017_2019,41.9534057718785,59.0
covid_period_shift,문재인 후기에서 추가 강화된 코로나 이후 변화,후보들,moon_pre_covid_2017_2019,moon_post_covid_2020_2022,3839,13531,41.93837967536413,moon_post_covid_2020_2022,41.93837967536413,60.0
covid_period_shift,문재인 후기에서 추가 강화된 코로나 이후 변화,원희룡,moon_pre_covid_2017_2019,moon_post_covid_2020_2022,2218,10530,41.92978170730055,moon_post_covid_2020_2022,41.92978170730055,61.0
covid_period_shift,문재인 후기에서 추가 강화된 코로나 이후 변화,김은혜,moon_pre_covid_2017_2019,moon_post_covid_2020_2022,57,5684,41.915343098741076,moon_post_covid_2020_2022,41.915343098741076,62.0
covid_period_shift,문재인 후기에서 추가 강화된 코로나 이후 변화,확진자가,moon_pre_covid_2017_2019,moon_post_covid_2020_2022,13,5555,41.89413326451303,moon_post_covid_2020_2022,41.89413326451303,63.0
covid_period_shift,문재인 후기에서 추가 강화된 코로나 이후 변화,대유행,moon_pre_covid_2017_2019,moon_post_covid_2020_2022,53,5622,41.721943005335746,moon_post_covid_2020_2022,41.721943005335746,64.0
covid_period_shift,문재인 후기에서 추가 강화된 코로나 이후 변화,표심,moon_pre_covid_2017_2019,moon_post_covid_2020_2022,2260,10531,41.65652047309531,moon_post_covid_2020_2022,41.65652047309531,65.0
covid_period_shift,문재인 후기에서 추가 강화된 코로나 이후 변화,개학,moon_pre_covid_2017_2019,moon_post_covid_2020_2022,604,6999,41.58798856158984,moon_post_covid_2020_2022,41.58798856158984,66.0
covid_period_shift,문재인 후기에서 추가 강화된 코로나 이후 변화,소상공인,moon_pre_covid_2017_2019,moon_post_covid_2020_2022,11271,25152,41.48863999689016,moon_post_covid_2020_2022,41.48863999689016,67.0
covid_period_shift,문재인 후기에서 추가 강화된 코로나 이후 변화,먼지,moon_pre_covid_2017_2019,moon_post_covid_2020_2022,15326,5132,-41.263655609808474,moon_pre_covid_2017_2019,41.263655609808474,68.0
covid_period_shift,문재인 후기에서 추가 강화된 코로나 이후 변화,손학규,moon_pre_covid_2017_2019,moon_post_covid_2020_2022,9436,1827,-41.25831045999253,moon_pre_covid_2017_2019,41.25831045999253,69.0
covid_period_shift,문재인 후기에서 추가 강화된 코로나 이후 변화,예산안,moon_pre_covid_2017_2019,moon_post_covid_2020_2022,17731,6649,-41.155350098864766,moon_pre_covid_2017_2019,41.155350098864766,70.0
covid_period_shift,문재인 후기에서 추가 강화된 코로나 이후 변화,후보가,moon_pre_covid_2017_2019,moon_post_covid_2020_2022,1057,7830,40.82665877515059,moon_post_covid_2020_2022,40.82665877515059,71.0
covid_period_shift,문재인 후기에서 추가 강화된 코로나 이후 변화,착용,moon_pre_covid_2017_2019,moon_post_covid_2020_2022,3876,13240,40.82257714403381,moon_post_covid_2020_2022,40.82257714403381,72.0
covid_period_shift,문재인 후기에서 추가 강화된 코로나 이후 변화,전세,moon_pre_covid_2017_2019,moon_post_covid_2020_2022,5389,15801,40.81033647656316,moon_post_covid_2020_2022,40.81033647656316,73.0
covid_period_shift,문재인 후기에서 추가 강화된 코로나 이후 변화,보궐,moon_pre_covid_2017_2019,moon_post_covid_2020_2022,1508,8670,40.39375297016924,moon_post_covid_2020_2022,40.39375297016924,74.0
covid_period_shift,문재인 후기에서 추가 강화된 코로나 이후 변화,임대차,moon_pre_covid_2017_2019,moon_post_covid_2020_2022,2249,10139,40.38499361714634,moon_post_covid_2020_2022,40.38499361714634,75.0
covid_period_shift,문재인 후기에서 추가 강화된 코로나 이후 변화,고위급,moon_pre_covid_2017_2019,moon_post_covid_2020_2022,11226,2931,-40.2422192297958,moon_pre_covid_2017_2019,40.2422192297958,76.0
covid_period_shift,문재인 후기에서 추가 강화된 코로나 이후 변화,아세안,moon_pre_covid_2017_2019,moon_post_covid_2020_2022,11260,2959,-40.18633447305114,moon_pre_covid_2017_2019,40.18633447305114,77.0
covid_period_shift,문재인 후기에서 추가 강화된 코로나 이후 변화,정은경,moon_pre_covid_2017_2019,moon_post_covid_2020_2022,146,5456,40.08932303380179,moon_post_covid_2020_2022,40.08932303380179,78.0
covid_period_shift,문재인 후기에서 추가 강화된 코로나 이후 변화,소득주도성장,moon_pre_covid_2017_2019,moon_post_covid_2020_2022,7963,1261,-40.083143259355026,moon_pre_covid_2017_2019,40.083143259355026,79.0
covid_period_shift,문재인 후기에서 추가 강화된 코로나 이후 변화,윤호중,moon_pre_covid_2017_2019,moon_post_covid_2020_2022,825,7109,40.05901654695402,moon_post_covid_2020_2022,40.05901654695402,80.0
covid_period_shift,문재인 후기에서 추가 강화된 코로나 이후 변화,공무원,moon_pre_covid_2017_2019,moon_post_covid_2020_2022,87065,119259,40.00755845433103,moon_post_covid_2020_2022,40.00755845433103,81.0
covid_period_shift,문재인 후기에서 추가 강화된 코로나 이후 변화,라임,moon_pre_covid_2017_2019,moon_post_covid_2020_2022,308,5850,39.973187875166644,moon_post_covid_2020_2022,39.973187875166644,82.0
covid_period_shift,문재인 후기에서 추가 강화된 코로나 이후 변화,평창올림픽,moon_pre_covid_2017_2019,moon_post_covid_2020_2022,5896,383,-39.72944338731461,moon_pre_covid_2017_2019,39.72944338731461,83.0
covid_period_shift,문재인 후기에서 추가 강화된 코로나 이후 변화,방역수칙,moon_pre_covid_2017_2019,moon_post_covid_2020_2022,4,4962,39.681271692046096,moon_post_covid_2020_2022,39.681271692046096,84.0
covid_period_shift,문재인 후기에서 추가 강화된 코로나 이후 변화,감사원장,moon_pre_covid_2017_2019,moon_post_covid_2020_2022,733,6779,39.59602322670238,moon_post_covid_2020_2022,39.59602322670238,85.0
covid_period_shift,문재인 후기에서 추가 강화된 코로나 이후 변화,인플레이션,moon_pre_covid_2017_2019,moon_post_covid_2020_2022,1623,8579,39.20256023708115,moon_post_covid_2020_2022,39.20256023708115,86.0
covid_period_shift,문재인 후기에서 추가 강화된 코로나 이후 변화,보궐선거,moon_pre_covid_2017_2019,moon_post_covid_2020_2022,1392,8100,39.17381538527856,moon_post_covid_2020_2022,39.17381538527856,87.0
covid_period_shift,문재인 후기에서 추가 강화된 코로나 이후 변화,의료진,moon_pre_covid_2017_2019,moon_post_covid_2020_2022,4354,13534,39.1569703632773,moon_post_covid_2020_2022,39.1569703632773,88.0
covid_period_shift,문재인 후기에서 추가 강화된 코로나 이후 변화,카풀,moon_pre_covid_2017_2019,moon_post_covid_2020_2022,5680,372,-38.96433181331999,moon_pre_covid_2017_2019,38.96433181331999,89.0
covid_period_shift,문재인 후기에서 추가 강화된 코로나 이후 변화,언택트,moon_pre_covid_2017_2019,moon_post_covid_2020_2022,108,5060,38.910013497856085,moon_post_covid_2020_2022,38.910013497856085,90.0
covid_period_shift,문재인 후기에서 추가 강화된 코로나 이후 변화,사면,moon_pre_covid_2017_2019,moon_post_covid_2020_2022,2574,10304,38.82660951857223,moon_post_covid_2020_2022,38.82660951857223,91.0
covid_period_shift,문재인 후기에서 추가 강화된 코로나 이후 변화,접종자,moon_pre_covid_2017_2019,moon_post_covid_2020_2022,6,4724,38.69230626579446,moon_post_covid_2020_2022,38.69230626579446,92.0
covid_period_shift,문재인 후기에서 추가 강화된 코로나 이후 변화,전염병,moon_pre_covid_2017_2019,moon_post_covid_2020_2022,1250,7638,38.541875015432424,moon_post_covid_2020_2022,38.541875015432424,93.0
covid_period_shift,문재인 후기에서 추가 강화된 코로나 이후 변화,중대본,moon_pre_covid_2017_2019,moon_post_covid_2020_2022,187,5180,38.53627617435507,moon_post_covid_2020_2022,38.53627617435507,94.0
covid_period_shift,문재인 후기에서 추가 강화된 코로나 이후 변화,김상조,moon_pre_covid_2017_2019,moon_post_covid_2020_2022,9323,2174,-38.438640012462436,moon_pre_covid_2017_2019,38.438640012462436,95.0
covid_period_shift,문재인 후기에서 추가 강화된 코로나 이후 변화,진전,moon_pre_covid_2017_2019,moon_post_covid_2020_2022,18030,7465,-38.42381221483258,moon_pre_covid_2017_2019,38.42381221483258,96.0
covid_period_shift,문재인 후기에서 추가 강화된 코로나 이후 변화,신고리,moon_pre_covid_2017_2019,moon_post_covid_2020_2022,5836,521,-38.131557750347696,moon_pre_covid_2017_2019,38.131557750347696,97.0
covid_period_shift,문재인 후기에서 추가 강화된 코로나 이후 변화,접촉자,moon_pre_covid_2017_2019,moon_post_covid_2020_2022,729,6371,38.01730662346475,moon_post_covid_2020_2022,38.01730662346475,98.0
covid_period_shift,문재인 후기에서 추가 강화된 코로나 이후 변화,항체,moon_pre_covid_2017_2019,moon_post_covid_2020_2022,841,6608,37.95833585992106,moon_post_covid_2020_2022,37.95833585992106,99.0
covid_period_shift,문재인 후기에서 추가 강화된 코로나 이후 변화,옵티머스,moon_pre_covid_2017_2019,moon_post_covid_2020_2022,34,4614,37.90809963729697,moon_post_covid_2020_2022,37.90809963729697,100.0
cumulative_change,정부교체와 코로나 이후 변화가 누적된 총 변화,코로나,park_2013_2017,moon_post_covid_2020_2022,165,496066,433.8997531472642,moon_post_covid_2020_2022,433.8997531472642,1.0
cumulative_change,정부교체와 코로나 이후 변화가 누적된 총 변화,확진자,park_2013_2017,moon_post_covid_2020_2022,1414,92926,183.77538027353484,moon_post_covid_2020_2022,183.77538027353484,2.0
cumulative_change,정부교체와 코로나 이후 변화가 누적된 총 변화,방역,park_2013_2017,moon_post_covid_2020_2022,2962,82551,168.74830912302573,moon_post_covid_2020_2022,168.74830912302573,3.0
cumulative_change,정부교체와 코로나 이후 변화가 누적된 총 변화,접종,park_2013_2017,moon_post_covid_2020_2022,1395,73964,163.18486905979148,moon_post_covid_2020_2022,163.18486905979148,4.0
cumulative_change,정부교체와 코로나 이후 변화가 누적된 총 변화,플랫폼,park_2013_2017,moon_post_covid_2020_2022,8117,51557,113.75486411701867,moon_post_covid_2020_2022,113.75486411701867,5.0
cumulative_change,정부교체와 코로나 이후 변화가 누적된 총 변화,디지털,park_2013_2017,moon_post_covid_2020_2022,14614,52947,97.68512552364268,moon_post_covid_2020_2022,97.68512552364268,6.0
cumulative_change,정부교체와 코로나 이후 변화가 누적된 총 변화,뉴딜,park_2013_2017,moon_post_covid_2020_2022,661,20481,84.39637041615431,moon_post_covid_2020_2022,84.39637041615431,7.0
cumulative_change,정부교체와 코로나 이후 변화가 누적된 총 변화,소상공인,park_2013_2017,moon_post_covid_2020_2022,3291,25152,82.31327146812974,moon_post_covid_2020_2022,82.31327146812974,8.0
cumulative_change,정부교체와 코로나 이후 변화가 누적된 총 변화,주택,park_2013_2017,moon_post_covid_2020_2022,41550,79815,81.02835286461553,moon_post_covid_2020_2022,81.02835286461553,9.0
cumulative_change,정부교체와 코로나 이후 변화가 누적된 총 변화,팬데믹,park_2013_2017,moon_post_covid_2020_2022,18,16078,77.75491194025031,moon_post_covid_2020_2022,77.75491194025031,10.0
cumulative_change,정부교체와 코로나 이후 변화가 누적된 총 변화,연금,park_2013_2017,moon_post_covid_2020_2022,59651,17322,-73.72986040069324,park_2013_2017,73.72986040069324,11.0
cumulative_change,정부교체와 코로나 이후 변화가 누적된 총 변화,감염병,park_2013_2017,moon_post_covid_2020_2022,3202,20582,72.03461035905524,moon_post_covid_2020_2022,72.03461035905524,12.0
cumulative_change,정부교체와 코로나 이후 변화가 누적된 총 변화,종부세,park_2013_2017,moon_post_covid_2020_2022,436,13938,69.70613219632575,moon_post_covid_2020_2022,69.70613219632575,13.0
cumulative_change,정부교체와 코로나 이후 변화가 누적된 총 변화,데이터,park_2013_2017,moon_post_covid_2020_2022,13873,34279,64.60277921982535,moon_post_covid_2020_2022,64.60277921982535,14.0
cumulative_change,정부교체와 코로나 이후 변화가 누적된 총 변화,모빌리티,park_2013_2017,moon_post_covid_2020_2022,322,11004,62.09318468551331,moon_post_covid_2020_2022,62.09318468551331,15.0
cumulative_change,정부교체와 코로나 이후 변화가 누적된 총 변화,텍스트는,park_2013_2017,moon_post_covid_2020_2022,9,10009,61.36296675334505,moon_post_covid_2020_2022,61.36296675334505,16.0
cumulative_change,정부교체와 코로나 이후 변화가 누적된 총 변화,비대면,park_2013_2017,moon_post_covid_2020_2022,153,10067,60.450694801828604,moon_post_covid_2020_2022,60.450694801828604,17.0
cumulative_change,정부교체와 코로나 이후 변화가 누적된 총 변화,공정,park_2013_2017,moon_post_covid_2020_2022,25970,47339,59.25976321718814,moon_post_covid_2020_2022,59.25976321718814,18.0
cumulative_change,정부교체와 코로나 이후 변화가 누적된 총 변화,개혁,park_2013_2017,moon_post_covid_2020_2022,90234,41573,-58.88844373133724,park_2013_2017,58.88844373133724,19.0
cumulative_change,정부교체와 코로나 이후 변화가 누적된 총 변화,재택근무,park_2013_2017,moon_post_covid_2020_2022,641,10410,57.960305790125,moon_post_covid_2020_2022,57.960305790125,20.0
cumulative_change,정부교체와 코로나 이후 변화가 누적된 총 변화,수소,park_2013_2017,moon_post_covid_2020_2022,1509,11875,56.83615951815117,moon_post_covid_2020_2022,56.83615951815117,21.0
cumulative_change,정부교체와 코로나 이후 변화가 누적된 총 변화,인공지능,park_2013_2017,moon_post_covid_2020_2022,7349,21438,56.269111100250036,moon_post_covid_2020_2022,56.269111100250036,22.0
cumulative_change,정부교체와 코로나 이후 변화가 누적된 총 변화,재난지원금,park_2013_2017,moon_post_covid_2020_2022,45,8436,56.02386353978822,moon_post_covid_2020_2022,56.02386353978822,23.0
cumulative_change,정부교체와 코로나 이후 변화가 누적된 총 변화,가상,park_2013_2017,moon_post_covid_2020_2022,3621,15330,55.62401153912205,moon_post_covid_2020_2022,55.62401153912205,24.0
cumulative_change,정부교체와 코로나 이후 변화가 누적된 총 변화,공급망,park_2013_2017,moon_post_covid_2020_2022,327,8919,55.38007696643133,moon_post_covid_2020_2022,55.38007696643133,25.0
cumulative_change,정부교체와 코로나 이후 변화가 누적된 총 변화,등교,park_2013_2017,moon_post_covid_2020_2022,1540,10937,53.55662083119153,moon_post_covid_2020_2022,53.55662083119153,26.0
cumulative_change,정부교체와 코로나 이후 변화가 누적된 총 변화,자가격리,park_2013_2017,moon_post_covid_2020_2022,315,8234,53.10331309031303,moon_post_covid_2020_2022,53.10331309031303,27.0
cumulative_change,정부교체와 코로나 이후 변화가 누적된 총 변화,화폐,park_2013_2017,moon_post_covid_2020_2022,3152,13594,52.70051403039462,moon_post_covid_2020_2022,52.70051403039462,28.0
cumulative_change,정부교체와 코로나 이후 변화가 누적된 총 변화,월성,park_2013_2017,moon_post_covid_2020_2022,2862,12964,52.273061888736926,moon_post_covid_2020_2022,52.273061888736926,29.0
cumulative_change,정부교체와 코로나 이후 변화가 누적된 총 변화,감염자,park_2013_2017,moon_post_covid_2020_2022,1702,10753,51.87264983881637,moon_post_covid_2020_2022,51.87264983881637,30.0
cumulative_change,정부교체와 코로나 이후 변화가 누적된 총 변화,유행,park_2013_2017,moon_post_covid_2020_2022,6975,18927,50.81820931831171,moon_post_covid_2020_2022,50.81820931831171,31.0
cumulative_change,정부교체와 코로나 이후 변화가 누적된 총 변화,기후,park_2013_2017,moon_post_covid_2020_2022,6757,18542,50.62004838869543,moon_post_covid_2020_2022,50.62004838869543,32.0
cumulative_change,정부교체와 코로나 이후 변화가 누적된 총 변화,집단감염,park_2013_2017,moon_post_covid_2020_2022,35,6861,50.53817245437068,moon_post_covid_2020_2022,50.53817245437068,33.0
cumulative_change,정부교체와 코로나 이후 변화가 누적된 총 변화,우한,park_2013_2017,moon_post_covid_2020_2022,371,7536,50.098311088651684,moon_post_covid_2020_2022,50.098311088651684,34.0
cumulative_change,정부교체와 코로나 이후 변화가 누적된 총 변화,델타,park_2013_2017,moon_post_covid_2020_2022,154,6989,49.936600104975,moon_post_covid_2020_2022,49.936600104975,35.0
cumulative_change,정부교체와 코로나 이후 변화가 누적된 총 변화,물량,park_2013_2017,moon_post_covid_2020_2022,7418,19256,49.93445429237176,moon_post_covid_2020_2022,49.93445429237176,36.0
cumulative_change,정부교체와 코로나 이후 변화가 누적된 총 변화,착용,park_2013_2017,moon_post_covid_2020_2022,3519,13240,49.556460856158445,moon_post_covid_2020_2022,49.556460856158445,37.0
cumulative_change,정부교체와 코로나 이후 변화가 누적된 총 변화,정책,park_2013_2017,moon_post_covid_2020_2022,151147,171176,49.41508258156592,moon_post_covid_2020_2022,49.41508258156592,38.0
cumulative_change,정부교체와 코로나 이후 변화가 누적된 총 변화,류재복,park_2013_2017,moon_post_covid_2020_2022,95,6709,49.412194187050254,moon_post_covid_2020_2022,49.412194187050254,39.0
cumulative_change,정부교체와 코로나 이후 변화가 누적된 총 변화,개학,park_2013_2017,moon_post_covid_2020_2022,283,6999,48.823559467108524,moon_post_covid_2020_2022,48.823559467108524,40.0
cumulative_change,정부교체와 코로나 이후 변화가 누적된 총 변화,화이자,park_2013_2017,moon_post_covid_2020_2022,167,6708,48.74639737482229,moon_post_covid_2020_2022,48.74639737482229,41.0
cumulative_change,정부교체와 코로나 이후 변화가 누적된 총 변화,중립,park_2013_2017,moon_post_covid_2020_2022,6141,17002,48.71397526207314,moon_post_covid_2020_2022,48.71397526207314,42.0
cumulative_change,정부교체와 코로나 이후 변화가 누적된 총 변화,다주택자,park_2013_2017,moon_post_covid_2020_2022,1183,8756,48.284859586338094,moon_post_covid_2020_2022,48.284859586338094,43.0
cumulative_change,정부교체와 코로나 이후 변화가 누적된 총 변화,탄소중립,park_2013_2017,moon_post_covid_2020_2022,18,6153,47.989415404076595,moon_post_covid_2020_2022,47.989415404076595,44.0
cumulative_change,정부교체와 코로나 이후 변화가 누적된 총 변화,화상,park_2013_2017,moon_post_covid_2020_2022,2931,11792,47.93572028024877,moon_post_covid_2020_2022,47.93572028024877,45.0
cumulative_change,정부교체와 코로나 이후 변화가 누적된 총 변화,윤호중,park_2013_2017,moon_post_covid_2020_2022,457,7109,47.729551799524025,moon_post_covid_2020_2022,47.729551799524025,46.0
cumulative_change,정부교체와 코로나 이후 변화가 누적된 총 변화,보유세,park_2013_2017,moon_post_covid_2020_2022,322,6750,47.505832687718694,moon_post_covid_2020_2022,47.505832687718694,47.0
cumulative_change,정부교체와 코로나 이후 변화가 누적된 총 변화,열린민주당,park_2013_2017,moon_post_covid_2020_2022,0,5808,46.79469764343893,moon_post_covid_2020_2022,46.79469764343893,48.0
cumulative_change,정부교체와 코로나 이후 변화가 누적된 총 변화,임대차,park_2013_2017,moon_post_covid_2020_2022,2163,10139,46.70890318411849,moon_post_covid_2020_2022,46.70890318411849,49.0
cumulative_change,정부교체와 코로나 이후 변화가 누적된 총 변화,기본소득,park_2013_2017,moon_post_covid_2020_2022,2810,11209,46.5936036752412,moon_post_covid_2020_2022,46.5936036752412,50.0
cumulative_change,정부교체와 코로나 이후 변화가 누적된 총 변화,모더,park_2013_2017,moon_post_covid_2020_2022,0,5708,46.39006649333259,moon_post_covid_2020_2022,46.39006649333259,51.0
cumulative_change,정부교체와 코로나 이후 변화가 누적된 총 변화,기후위기,park_2013_2017,moon_post_covid_2020_2022,8,5649,46.06836699978578,moon_post_covid_2020_2022,46.06836699978578,52.0
cumulative_change,정부교체와 코로나 이후 변화가 누적된 총 변화,수칙,park_2013_2017,moon_post_covid_2020_2022,661,7096,45.93754583034987,moon_post_covid_2020_2022,45.93754583034987,53.0
cumulative_change,정부교체와 코로나 이후 변화가 누적된 총 변화,공매도,park_2013_2017,moon_post_covid_2020_2022,1535,8806,45.932495017400235,moon_post_covid_2020_2022,45.932495017400235,54.0
cumulative_change,정부교체와 코로나 이후 변화가 누적된 총 변화,김은혜,park_2013_2017,moon_post_covid_2020_2022,119,5684,45.09561280331068,moon_post_covid_2020_2022,45.09561280331068,55.0
cumulative_change,정부교체와 코로나 이후 변화가 누적된 총 변화,임금피크제,park_2013_2017,moon_post_covid_2020_2022,8124,174,-45.08321555131168,park_2013_2017,45.08321555131168,56.0
cumulative_change,정부교체와 코로나 이후 변화가 누적된 총 변화,확진자가,park_2013_2017,moon_post_covid_2020_2022,72,5555,45.0293605085665,moon_post_covid_2020_2022,45.0293605085665,57.0
cumulative_change,정부교체와 코로나 이후 변화가 누적된 총 변화,클라우드,park_2013_2017,moon_post_covid_2020_2022,2556,10322,44.9073553848244,moon_post_covid_2020_2022,44.9073553848244,58.0
cumulative_change,정부교체와 코로나 이후 변화가 누적된 총 변화,대유행,park_2013_2017,moon_post_covid_2020_2022,140,5622,44.62561093386652,moon_post_covid_2020_2022,44.62561093386652,59.0
cumulative_change,정부교체와 코로나 이후 변화가 누적된 총 변화,누적,park_2013_2017,moon_post_covid_2020_2022,6700,16439,44.52418580367141,moon_post_covid_2020_2022,44.52418580367141,60.0
cumulative_change,정부교체와 코로나 이후 변화가 누적된 총 변화,주호영,park_2013_2017,moon_post_covid_2020_2022,3063,11031,44.46193554425604,moon_post_covid_2020_2022,44.46193554425604,61.0
cumulative_change,정부교체와 코로나 이후 변화가 누적된 총 변화,한국판,park_2013_2017,moon_post_covid_2020_2022,2015,9281,44.45384663396938,moon_post_covid_2020_2022,44.45384663396938,62.0
cumulative_change,정부교체와 코로나 이후 변화가 누적된 총 변화,공수처장,park_2013_2017,moon_post_covid_2020_2022,29,5300,44.397431754288405,moon_post_covid_2020_2022,44.397431754288405,63.0
cumulative_change,정부교체와 코로나 이후 변화가 누적된 총 변화,라임,park_2013_2017,moon_post_covid_2020_2022,286,5850,44.15844853679881,moon_post_covid_2020_2022,44.15844853679881,64.0
cumulative_change,정부교체와 코로나 이후 변화가 누적된 총 변화,정은경,park_2013_2017,moon_post_covid_2020_2022,156,5456,43.75766829202364,moon_post_covid_2020_2022,43.75766829202364,65.0
cumulative_change,정부교체와 코로나 이후 변화가 누적된 총 변화,접촉자,park_2013_2017,moon_post_covid_2020_2022,572,6371,43.718751136945144,moon_post_covid_2020_2022,43.718751136945144,66.0
cumulative_change,정부교체와 코로나 이후 변화가 누적된 총 변화,언택트,park_2013_2017,moon_post_covid_2020_2022,0,5060,43.67733585357932,moon_post_covid_2020_2022,43.67733585357932,67.0
cumulative_change,정부교체와 코로나 이후 변화가 누적된 총 변화,암호화폐,park_2013_2017,moon_post_covid_2020_2022,9,4988,43.26812657698793,moon_post_covid_2020_2022,43.26812657698793,68.0
cumulative_change,정부교체와 코로나 이후 변화가 누적된 총 변화,방역수칙,park_2013_2017,moon_post_covid_2020_2022,0,4962,43.25227339882628,moon_post_covid_2020_2022,43.25227339882628,69.0
cumulative_change,정부교체와 코로나 이후 변화가 누적된 총 변화,항체,park_2013_2017,moon_post_covid_2020_2022,767,6608,43.01731021181633,moon_post_covid_2020_2022,43.01731021181633,70.0
cumulative_change,정부교체와 코로나 이후 변화가 누적된 총 변화,원희룡,park_2013_2017,moon_post_covid_2020_2022,3081,10530,42.50444167285406,moon_post_covid_2020_2022,42.50444167285406,71.0
cumulative_change,정부교체와 코로나 이후 변화가 누적된 총 변화,윤미향,park_2013_2017,moon_post_covid_2020_2022,172,5150,42.25536892984574,moon_post_covid_2020_2022,42.25536892984574,72.0
cumulative_change,정부교체와 코로나 이후 변화가 누적된 총 변화,접종자,park_2013_2017,moon_post_covid_2020_2022,1,4724,42.191045534753336,moon_post_covid_2020_2022,42.191045534753336,73.0
cumulative_change,정부교체와 코로나 이후 변화가 누적된 총 변화,김웅,park_2013_2017,moon_post_covid_2020_2022,134,5021,42.077913703601055,moon_post_covid_2020_2022,42.077913703601055,74.0
cumulative_change,정부교체와 코로나 이후 변화가 누적된 총 변화,면역,park_2013_2017,moon_post_covid_2020_2022,1448,7676,42.05217715313787,moon_post_covid_2020_2022,42.05217715313787,75.0
cumulative_change,정부교체와 코로나 이후 변화가 누적된 총 변화,공무원연금,park_2013_2017,moon_post_covid_2020_2022,8257,577,-41.90246020887821,park_2013_2017,41.90246020887821,76.0
cumulative_change,정부교체와 코로나 이후 변화가 누적된 총 변화,징계위,park_2013_2017,moon_post_covid_2020_2022,466,5708,41.8210727209144,moon_post_covid_2020_2022,41.8210727209144,77.0
cumulative_change,정부교체와 코로나 이후 변화가 누적된 총 변화,도쿄올림픽,park_2013_2017,moon_post_covid_2020_2022,298,5314,41.70200156566679,moon_post_covid_2020_2022,41.70200156566679,78.0
cumulative_change,정부교체와 코로나 이후 변화가 누적된 총 변화,고위공직자범죄수사처,park_2013_2017,moon_post_covid_2020_2022,1,4594,41.606115724933524,moon_post_covid_2020_2022,41.606115724933524,79.0
cumulative_change,정부교체와 코로나 이후 변화가 누적된 총 변화,바이오,park_2013_2017,moon_post_covid_2020_2022,6344,14940,41.287429138195066,moon_post_covid_2020_2022,41.287429138195066,80.0
cumulative_change,정부교체와 코로나 이후 변화가 누적된 총 변화,김남국,park_2013_2017,moon_post_covid_2020_2022,135,4813,41.126387958881836,moon_post_covid_2020_2022,41.126387958881836,81.0
cumulative_change,정부교체와 코로나 이후 변화가 누적된 총 변화,젠더,park_2013_2017,moon_post_covid_2020_2022,811,6248,41.07566219383482,moon_post_covid_2020_2022,41.07566219383482,82.0
cumulative_change,정부교체와 코로나 이후 변화가 누적된 총 변화,판단,park_2013_2017,moon_post_covid_2020_2022,67250,81498,41.015758766065325,moon_post_covid_2020_2022,41.015758766065325,83.0
cumulative_change,정부교체와 코로나 이후 변화가 누적된 총 변화,김태년,park_2013_2017,moon_post_covid_2020_2022,694,5954,40.80657657405143,moon_post_covid_2020_2022,40.80657657405143,84.0
cumulative_change,정부교체와 코로나 이후 변화가 누적된 총 변화,인플레이션,park_2013_2017,moon_post_covid_2020_2022,2155,8579,40.732240563669016,moon_post_covid_2020_2022,40.732240563669016,85.0
cumulative_change,정부교체와 코로나 이후 변화가 누적된 총 변화,조주빈,park_2013_2017,moon_post_covid_2020_2022,0,4400,40.72912214682798,moon_post_covid_2020_2022,40.72912214682798,86.0
cumulative_change,정부교체와 코로나 이후 변화가 누적된 총 변화,일상,park_2013_2017,moon_post_covid_2020_2022,12131,22184,40.6873711325283,moon_post_covid_2020_2022,40.6873711325283,87.0
cumulative_change,정부교체와 코로나 이후 변화가 누적된 총 변화,복지,park_2013_2017,moon_post_covid_2020_2022,61653,31882,-40.628603718320285,park_2013_2017,40.628603718320285,88.0
cumulative_change,정부교체와 코로나 이후 변화가 누적된 총 변화,활용,park_2013_2017,moon_post_covid_2020_2022,57718,71590,40.620589024771476,moon_post_covid_2020_2022,40.620589024771476,89.0
cumulative_change,정부교체와 코로나 이후 변화가 누적된 총 변화,진단검사,park_2013_2017,moon_post_covid_2020_2022,131,4688,40.59417795494063,moon_post_covid_2020_2022,40.59417795494063,90.0
cumulative_change,정부교체와 코로나 이후 변화가 누적된 총 변화,검사장,park_2013_2017,moon_post_covid_2020_2022,5650,13719,40.394186775091526,moon_post_covid_2020_2022,40.394186775091526,91.0
cumulative_change,정부교체와 코로나 이후 변화가 누적된 총 변화,중환자,park_2013_2017,moon_post_covid_2020_2022,257,4902,40.2400134886186,moon_post_covid_2020_2022,40.2400134886186,92.0
cumulative_change,정부교체와 코로나 이후 변화가 누적된 총 변화,정의연,park_2013_2017,moon_post_covid_2020_2022,0,4275,40.146377118643535,moon_post_covid_2020_2022,40.146377118643535,93.0
cumulative_change,정부교체와 코로나 이후 변화가 누적된 총 변화,빅테크,park_2013_2017,moon_post_covid_2020_2022,0,4267,40.10879323716037,moon_post_covid_2020_2022,40.10879323716037,94.0
cumulative_change,정부교체와 코로나 이후 변화가 누적된 총 변화,텔레그램,park_2013_2017,moon_post_covid_2020_2022,500,5400,40.102162295651944,moon_post_covid_2020_2022,40.102162295651944,95.0
cumulative_change,정부교체와 코로나 이후 변화가 누적된 총 변화,신속,park_2013_2017,moon_post_covid_2020_2022,9134,18239,40.094630198565405,moon_post_covid_2020_2022,40.094630198565405,96.0
cumulative_change,정부교체와 코로나 이후 변화가 누적된 총 변화,구조조정,park_2013_2017,moon_post_covid_2020_2022,13650,3147,-39.98730095996285,park_2013_2017,39.98730095996285,97.0
cumulative_change,정부교체와 코로나 이후 변화가 누적된 총 변화,밀레니얼,park_2013_2017,moon_post_covid_2020_2022,668,5706,39.92075834035275,moon_post_covid_2020_2022,39.92075834035275,98.0
cumulative_change,정부교체와 코로나 이후 변화가 누적된 총 변화,일상회복,park_2013_2017,moon_post_covid_2020_2022,0,4221,39.891998940399766,moon_post_covid_2020_2022,39.891998940399766,99.0
cumulative_change,정부교체와 코로나 이후 변화가 누적된 총 변화,의료진,park_2013_2017,moon_post_covid_2020_2022,5637,13534,39.818968763695146,moon_post_covid_2020_2022,39.818968763695146,100.0
government_change_pre_covid,문재인 전기에서 이미 나타난 정부교체 관련 변화,플랫폼,park_2013_2017,moon_pre_covid_2017_2019,8117,25564,64.21953233168108,moon_pre_covid_2017_2019,64.21953233168108,1.0
government_change_pre_covid,문재인 전기에서 이미 나타난 정부교체 관련 변화,일자리,park_2013_2017,moon_pre_covid_2017_2019,77945,107638,62.69662699459783,moon_pre_covid_2017_2019,62.69662699459783,2.0
government_change_pre_covid,문재인 전기에서 이미 나타난 정부교체 관련 변화,최저임금,park_2013_2017,moon_pre_covid_2017_2019,7314,23690,62.62690120927762,moon_pre_covid_2017_2019,62.62690120927762,3.0
government_change_pre_covid,문재인 전기에서 이미 나타난 정부교체 관련 변화,혁신성장,park_2013_2017,moon_pre_covid_2017_2019,87,10239,61.68152770740468,moon_pre_covid_2017_2019,61.68152770740468,4.0
government_change_pre_covid,문재인 전기에서 이미 나타난 정부교체 관련 변화,인공지능,park_2013_2017,moon_pre_covid_2017_2019,7349,23106,61.00381352645053,moon_pre_covid_2017_2019,61.00381352645053,5.0
government_change_pre_covid,문재인 전기에서 이미 나타난 정부교체 관련 변화,김성태,park_2013_2017,moon_pre_covid_2017_2019,2339,12471,53.93348760051733,moon_pre_covid_2017_2019,53.93348760051733,6.0
government_change_pre_covid,문재인 전기에서 이미 나타난 정부교체 관련 변화,소득주도성장,park_2013_2017,moon_pre_covid_2017_2019,168,7963,53.54662284802451,moon_pre_covid_2017_2019,53.54662284802451,7.0
government_change_pre_covid,문재인 전기에서 이미 나타난 정부교체 관련 변화,공무원,park_2013_2017,moon_pre_covid_2017_2019,154617,87065,-53.34309934390619,park_2013_2017,53.34309934390619,8.0
government_change_pre_covid,문재인 전기에서 이미 나타난 정부교체 관련 변화,김영철,park_2013_2017,moon_pre_covid_2017_2019,1492,9950,50.67970612207922,moon_pre_covid_2017_2019,50.67970612207922,9.0
government_change_pre_covid,문재인 전기에서 이미 나타난 정부교체 관련 변화,기무사,park_2013_2017,moon_pre_covid_2017_2019,1091,9134,50.55800891431941,moon_pre_covid_2017_2019,50.55800891431941,10.0
government_change_pre_covid,문재인 전기에서 이미 나타난 정부교체 관련 변화,블록체인,park_2013_2017,moon_pre_covid_2017_2019,158,7048,50.29283502156679,moon_pre_covid_2017_2019,50.29283502156679,11.0
government_change_pre_covid,문재인 전기에서 이미 나타난 정부교체 관련 변화,산업,park_2013_2017,moon_pre_covid_2017_2019,74053,94051,49.96052786377925,moon_pre_covid_2017_2019,49.96052786377925,12.0
government_change_pre_covid,문재인 전기에서 이미 나타난 정부교체 관련 변화,규제,park_2013_2017,moon_pre_covid_2017_2019,48576,67347,49.90282080559459,moon_pre_covid_2017_2019,49.90282080559459,13.0
government_change_pre_covid,문재인 전기에서 이미 나타난 정부교체 관련 변화,미세,park_2013_2017,moon_pre_covid_2017_2019,5011,15125,48.38718668093898,moon_pre_covid_2017_2019,48.38718668093898,14.0
government_change_pre_covid,문재인 전기에서 이미 나타난 정부교체 관련 변화,마크롱,park_2013_2017,moon_pre_covid_2017_2019,109,6372,48.13852065767487,moon_pre_covid_2017_2019,48.13852065767487,15.0
government_change_pre_covid,문재인 전기에서 이미 나타난 정부교체 관련 변화,데이터,park_2013_2017,moon_pre_covid_2017_2019,13873,26922,47.902291761994434,moon_pre_covid_2017_2019,47.902291761994434,16.0
government_change_pre_covid,문재인 전기에서 이미 나타난 정부교체 관련 변화,먼지,park_2013_2017,moon_pre_covid_2017_2019,5315,15326,47.58414248178342,moon_pre_covid_2017_2019,47.58414248178342,17.0
government_change_pre_covid,문재인 전기에서 이미 나타난 정부교체 관련 변화,갑질,park_2013_2017,moon_pre_covid_2017_2019,3913,13138,47.3851517274507,moon_pre_covid_2017_2019,47.3851517274507,18.0
government_change_pre_covid,문재인 전기에서 이미 나타난 정부교체 관련 변화,김상조,park_2013_2017,moon_pre_covid_2017_2019,1705,9323,46.928423135563314,moon_pre_covid_2017_2019,46.928423135563314,19.0
government_change_pre_covid,문재인 전기에서 이미 나타난 정부교체 관련 변화,모빌리티,park_2013_2017,moon_pre_covid_2017_2019,322,6516,46.73983235027303,moon_pre_covid_2017_2019,46.73983235027303,20.0
government_change_pre_covid,문재인 전기에서 이미 나타난 정부교체 관련 변화,남북정상회담,park_2013_2017,moon_pre_covid_2017_2019,4240,13435,46.68257223776473,moon_pre_covid_2017_2019,46.68257223776473,21.0
government_change_pre_covid,문재인 전기에서 이미 나타난 정부교체 관련 변화,방북,park_2013_2017,moon_pre_covid_2017_2019,4029,13057,46.50077912980505,moon_pre_covid_2017_2019,46.50077912980505,22.0
government_change_pre_covid,문재인 전기에서 이미 나타난 정부교체 관련 변화,송영무,park_2013_2017,moon_pre_covid_2017_2019,55,5661,45.793032314454614,moon_pre_covid_2017_2019,45.793032314454614,23.0
government_change_pre_covid,문재인 전기에서 이미 나타난 정부교체 관련 변화,행정처,park_2013_2017,moon_pre_covid_2017_2019,622,6912,45.701301838976654,moon_pre_covid_2017_2019,45.701301838976654,24.0
government_change_pre_covid,문재인 전기에서 이미 나타난 정부교체 관련 변화,폐기,park_2013_2017,moon_pre_covid_2017_2019,8027,18441,45.41868067184514,moon_pre_covid_2017_2019,45.41868067184514,25.0
government_change_pre_covid,문재인 전기에서 이미 나타난 정부교체 관련 변화,카풀,park_2013_2017,moon_pre_covid_2017_2019,117,5680,45.25131961627641,moon_pre_covid_2017_2019,45.25131961627641,26.0
government_change_pre_covid,문재인 전기에서 이미 나타난 정부교체 관련 변화,자사고,park_2013_2017,moon_pre_covid_2017_2019,11664,23059,45.076760673130174,moon_pre_covid_2017_2019,45.076760673130174,27.0
government_change_pre_covid,문재인 전기에서 이미 나타난 정부교체 관련 변화,연금,park_2013_2017,moon_pre_covid_2017_2019,59651,28660,-44.43981653260298,park_2013_2017,44.43981653260298,28.0
government_change_pre_covid,문재인 전기에서 이미 나타난 정부교체 관련 변화,소상공인,park_2013_2017,moon_pre_covid_2017_2019,3291,11271,44.26462811189142,moon_pre_covid_2017_2019,44.26462811189142,29.0
government_change_pre_covid,문재인 전기에서 이미 나타난 정부교체 관련 변화,블랙리스트,park_2013_2017,moon_pre_covid_2017_2019,4468,13036,44.154324552544146,moon_pre_covid_2017_2019,44.154324552544146,30.0
government_change_pre_covid,문재인 전기에서 이미 나타난 정부교체 관련 변화,김의겸,park_2013_2017,moon_pre_covid_2017_2019,191,5564,44.02181266169476,moon_pre_covid_2017_2019,44.02181266169476,31.0
government_change_pre_covid,문재인 전기에서 이미 나타난 정부교체 관련 변화,북미정상회담,park_2013_2017,moon_pre_covid_2017_2019,0,5101,43.99624886405259,moon_pre_covid_2017_2019,43.99624886405259,32.0
government_change_pre_covid,문재인 전기에서 이미 나타난 정부교체 관련 변화,화폐,park_2013_2017,moon_pre_covid_2017_2019,3152,10972,43.97351082861042,moon_pre_covid_2017_2019,43.97351082861042,33.0
government_change_pre_covid,문재인 전기에서 이미 나타난 정부교체 관련 변화,블록체,park_2013_2017,moon_pre_covid_2017_2019,76,5217,43.695526248704994,moon_pre_covid_2017_2019,43.695526248704994,34.0
government_change_pre_covid,문재인 전기에서 이미 나타난 정부교체 관련 변화,홍영표,park_2013_2017,moon_pre_covid_2017_2019,928,7021,43.587822917601535,moon_pre_covid_2017_2019,43.587822917601535,35.0
government_change_pre_covid,문재인 전기에서 이미 나타난 정부교체 관련 변화,학종,park_2013_2017,moon_pre_covid_2017_2019,772,6696,43.52344920132167,moon_pre_covid_2017_2019,43.52344920132167,36.0
government_change_pre_covid,문재인 전기에서 이미 나타난 정부교체 관련 변화,패스트,park_2013_2017,moon_pre_covid_2017_2019,560,6247,43.466444055772726,moon_pre_covid_2017_2019,43.466444055772726,37.0
government_change_pre_covid,문재인 전기에서 이미 나타난 정부교체 관련 변화,특활비,park_2013_2017,moon_pre_covid_2017_2019,9,4908,43.05792376442162,moon_pre_covid_2017_2019,43.05792376442162,38.0
government_change_pre_covid,문재인 전기에서 이미 나타난 정부교체 관련 변화,보복,park_2013_2017,moon_pre_covid_2017_2019,4457,12640,42.832472214998916,moon_pre_covid_2017_2019,42.832472214998916,39.0
government_change_pre_covid,문재인 전기에서 이미 나타난 정부교체 관련 변화,단일팀,park_2013_2017,moon_pre_covid_2017_2019,259,5426,42.74248299621619,moon_pre_covid_2017_2019,42.74248299621619,40.0
government_change_pre_covid,문재인 전기에서 이미 나타난 정부교체 관련 변화,관세,park_2013_2017,moon_pre_covid_2017_2019,4342,12321,42.301541700985126,moon_pre_covid_2017_2019,42.301541700985126,41.0
government_change_pre_covid,문재인 전기에서 이미 나타난 정부교체 관련 변화,특사단,park_2013_2017,moon_pre_covid_2017_2019,153,5060,42.19708917135821,moon_pre_covid_2017_2019,42.19708917135821,42.0
government_change_pre_covid,문재인 전기에서 이미 나타난 정부교체 관련 변화,진전,park_2013_2017,moon_pre_covid_2017_2019,8657,18030,41.66826336301691,moon_pre_covid_2017_2019,41.66826336301691,43.0
government_change_pre_covid,문재인 전기에서 이미 나타난 정부교체 관련 변화,임금피크제,park_2013_2017,moon_pre_covid_2017_2019,8124,537,-41.6449608102537,park_2013_2017,41.6449608102537,44.0
government_change_pre_covid,문재인 전기에서 이미 나타난 정부교체 관련 변화,사법부,park_2013_2017,moon_pre_covid_2017_2019,5599,13898,41.53987381802985,moon_pre_covid_2017_2019,41.53987381802985,45.0
government_change_pre_covid,문재인 전기에서 이미 나타난 정부교체 관련 변화,협치,park_2013_2017,moon_pre_covid_2017_2019,3736,11203,41.50642223635614,moon_pre_covid_2017_2019,41.50642223635614,46.0
government_change_pre_covid,문재인 전기에서 이미 나타난 정부교체 관련 변화,정책,park_2013_2017,moon_pre_covid_2017_2019,151147,162040,41.03602452576136,moon_pre_covid_2017_2019,41.03602452576136,47.0
government_change_pre_covid,문재인 전기에서 이미 나타난 정부교체 관련 변화,근로,park_2013_2017,moon_pre_covid_2017_2019,11873,21793,40.864987703919184,moon_pre_covid_2017_2019,40.864987703919184,48.0
government_change_pre_covid,문재인 전기에서 이미 나타난 정부교체 관련 변화,무역전쟁,park_2013_2017,moon_pre_covid_2017_2019,80,4565,40.72322616656391,moon_pre_covid_2017_2019,40.72322616656391,49.0
government_change_pre_covid,문재인 전기에서 이미 나타난 정부교체 관련 변화,영변,park_2013_2017,moon_pre_covid_2017_2019,1259,6961,40.66062685379692,moon_pre_covid_2017_2019,40.66062685379692,50.0
government_change_pre_covid,문재인 전기에서 이미 나타난 정부교체 관련 변화,암호화폐,park_2013_2017,moon_pre_covid_2017_2019,9,4327,40.4166021353557,moon_pre_covid_2017_2019,40.4166021353557,51.0
government_change_pre_covid,문재인 전기에서 이미 나타난 정부교체 관련 변화,곽수종,park_2013_2017,moon_pre_covid_2017_2019,1516,7257,39.95323856887205,moon_pre_covid_2017_2019,39.95323856887205,52.0
government_change_pre_covid,문재인 전기에서 이미 나타난 정부교체 관련 변화,보유세,park_2013_2017,moon_pre_covid_2017_2019,322,4924,39.81209331637791,moon_pre_covid_2017_2019,39.81209331637791,53.0
government_change_pre_covid,문재인 전기에서 이미 나타난 정부교체 관련 변화,장하성,park_2013_2017,moon_pre_covid_2017_2019,631,5521,39.57219542584023,moon_pre_covid_2017_2019,39.57219542584023,54.0
government_change_pre_covid,문재인 전기에서 이미 나타난 정부교체 관련 변화,공정,park_2013_2017,moon_pre_covid_2017_2019,25970,37229,39.179355305342966,moon_pre_covid_2017_2019,39.179355305342966,55.0
government_change_pre_covid,문재인 전기에서 이미 나타난 정부교체 관련 변화,경사노위,park_2013_2017,moon_pre_covid_2017_2019,0,4024,39.076298629584336,moon_pre_covid_2017_2019,39.076298629584336,56.0
government_change_pre_covid,문재인 전기에서 이미 나타난 정부교체 관련 변화,문무일,park_2013_2017,moon_pre_covid_2017_2019,98,4241,38.97827221656852,moon_pre_covid_2017_2019,38.97827221656852,57.0
government_change_pre_covid,문재인 전기에서 이미 나타난 정부교체 관련 변화,바른정당,park_2013_2017,moon_pre_covid_2017_2019,1222,6420,38.54782789901222,moon_pre_covid_2017_2019,38.54782789901222,58.0
government_change_pre_covid,문재인 전기에서 이미 나타난 정부교체 관련 변화,답방,park_2013_2017,moon_pre_covid_2017_2019,111,4181,38.535006371017246,moon_pre_covid_2017_2019,38.535006371017246,59.0
government_change_pre_covid,문재인 전기에서 이미 나타난 정부교체 관련 변화,공무원연금,park_2013_2017,moon_pre_covid_2017_2019,8257,963,-38.41572033314142,park_2013_2017,38.41572033314142,60.0
government_change_pre_covid,문재인 전기에서 이미 나타난 정부교체 관련 변화,정시,park_2013_2017,moon_pre_covid_2017_2019,4373,11282,38.33680835798048,moon_pre_covid_2017_2019,38.33680835798048,61.0
government_change_pre_covid,문재인 전기에서 이미 나타난 정부교체 관련 변화,텍스트는,park_2013_2017,moon_pre_covid_2017_2019,9,3891,38.31510817885707,moon_pre_covid_2017_2019,38.31510817885707,62.0
government_change_pre_covid,문재인 전기에서 이미 나타난 정부교체 관련 변화,개헌안,park_2013_2017,moon_pre_covid_2017_2019,917,5798,38.26282720705584,moon_pre_covid_2017_2019,38.26282720705584,63.0
government_change_pre_covid,문재인 전기에서 이미 나타난 정부교체 관련 변화,화이트리스트,park_2013_2017,moon_pre_covid_2017_2019,24,3915,38.25149439218821,moon_pre_covid_2017_2019,38.25149439218821,64.0
government_change_pre_covid,문재인 전기에서 이미 나타난 정부교체 관련 변화,연동,park_2013_2017,moon_pre_covid_2017_2019,3843,10497,38.2341886447548,moon_pre_covid_2017_2019,38.2341886447548,65.0
government_change_pre_covid,문재인 전기에서 이미 나타난 정부교체 관련 변화,밀레니얼,park_2013_2017,moon_pre_covid_2017_2019,668,5298,38.16859745960708,moon_pre_covid_2017_2019,38.16859745960708,66.0
government_change_pre_covid,문재인 전기에서 이미 나타난 정부교체 관련 변화,클라우드,park_2013_2017,moon_pre_covid_2017_2019,2556,8540,38.120588685997866,moon_pre_covid_2017_2019,38.120588685997866,67.0
government_change_pre_covid,문재인 전기에서 이미 나타난 정부교체 관련 변화,아세안,park_2013_2017,moon_pre_covid_2017_2019,4402,11260,38.0996837360192,moon_pre_covid_2017_2019,38.0996837360192,68.0
government_change_pre_covid,문재인 전기에서 이미 나타난 정부교체 관련 변화,오신환,park_2013_2017,moon_pre_covid_2017_2019,785,5464,37.87005291074443,moon_pre_covid_2017_2019,37.87005291074443,69.0
government_change_pre_covid,문재인 전기에서 이미 나타난 정부교체 관련 변화,단거리,park_2013_2017,moon_pre_covid_2017_2019,1549,6810,37.71904076695224,moon_pre_covid_2017_2019,37.71904076695224,70.0
government_change_pre_covid,문재인 전기에서 이미 나타난 정부교체 관련 변화,수출규제,park_2013_2017,moon_pre_covid_2017_2019,3,3745,37.65984766186042,moon_pre_covid_2017_2019,37.65984766186042,71.0
government_change_pre_covid,문재인 전기에서 이미 나타난 정부교체 관련 변화,실무협상,park_2013_2017,moon_pre_covid_2017_2019,223,4252,37.611061691054076,moon_pre_covid_2017_2019,37.611061691054076,72.0
government_change_pre_covid,문재인 전기에서 이미 나타난 정부교체 관련 변화,복지,park_2013_2017,moon_pre_covid_2017_2019,61653,32980,-37.507381960045755,park_2013_2017,37.507381960045755,73.0
government_change_pre_covid,문재인 전기에서 이미 나타난 정부교체 관련 변화,친서,park_2013_2017,moon_pre_covid_2017_2019,819,5453,37.504396307907136,moon_pre_covid_2017_2019,37.504396307907136,74.0
government_change_pre_covid,문재인 전기에서 이미 나타난 정부교체 관련 변화,평창올림픽,park_2013_2017,moon_pre_covid_2017_2019,1099,5896,37.14028659667216,moon_pre_covid_2017_2019,37.14028659667216,75.0
government_change_pre_covid,문재인 전기에서 이미 나타난 정부교체 관련 변화,발사체,park_2013_2017,moon_pre_covid_2017_2019,1302,6252,37.11652743912437,moon_pre_covid_2017_2019,37.11652743912437,76.0
government_change_pre_covid,문재인 전기에서 이미 나타난 정부교체 관련 변화,최종구,park_2013_2017,moon_pre_covid_2017_2019,80,3821,37.098429450187695,moon_pre_covid_2017_2019,37.098429450187695,77.0
government_change_pre_covid,문재인 전기에서 이미 나타난 정부교체 관련 변화,선거법,park_2013_2017,moon_pre_covid_2017_2019,6846,14147,36.67045600894733,moon_pre_covid_2017_2019,36.67045600894733,78.0
government_change_pre_covid,문재인 전기에서 이미 나타난 정부교체 관련 변화,디지털,park_2013_2017,moon_pre_covid_2017_2019,14614,23528,36.66896318605323,moon_pre_covid_2017_2019,36.66896318605323,79.0
government_change_pre_covid,문재인 전기에서 이미 나타난 정부교체 관련 변화,가상화폐,park_2013_2017,moon_pre_covid_2017_2019,224,4066,36.655732836927115,moon_pre_covid_2017_2019,36.655732836927115,80.0
government_change_pre_covid,문재인 전기에서 이미 나타난 정부교체 관련 변화,법원행정처,park_2013_2017,moon_pre_covid_2017_2019,489,4614,36.57073172620333,moon_pre_covid_2017_2019,36.57073172620333,81.0
government_change_pre_covid,문재인 전기에서 이미 나타난 정부교체 관련 변화,버닝썬,park_2013_2017,moon_pre_covid_2017_2019,0,3394,35.887092474057056,moon_pre_covid_2017_2019,35.887092474057056,82.0
government_change_pre_covid,문재인 전기에서 이미 나타난 정부교체 관련 변화,다스,park_2013_2017,moon_pre_covid_2017_2019,165,3782,35.87006819991275,moon_pre_covid_2017_2019,35.87006819991275,83.0
government_change_pre_covid,문재인 전기에서 이미 나타난 정부교체 관련 변화,최선희,park_2013_2017,moon_pre_covid_2017_2019,152,3748,35.847401365735564,moon_pre_covid_2017_2019,35.847401365735564,84.0
government_change_pre_covid,문재인 전기에서 이미 나타난 정부교체 관련 변화,기업부,park_2013_2017,moon_pre_covid_2017_2019,4,3356,35.63297354645707,moon_pre_covid_2017_2019,35.63297354645707,85.0
government_change_pre_covid,문재인 전기에서 이미 나타난 정부교체 관련 변화,틸러슨,park_2013_2017,moon_pre_covid_2017_2019,492,4413,35.5088873326764,moon_pre_covid_2017_2019,35.5088873326764,86.0
government_change_pre_covid,문재인 전기에서 이미 나타난 정부교체 관련 변화,성장,park_2013_2017,moon_pre_covid_2017_2019,76736,86520,35.463419634374134,moon_pre_covid_2017_2019,35.463419634374134,87.0
government_change_pre_covid,문재인 전기에서 이미 나타난 정부교체 관련 변화,상산고,park_2013_2017,moon_pre_covid_2017_2019,233,3829,35.311306874450224,moon_pre_covid_2017_2019,35.311306874450224,88.0
government_change_pre_covid,문재인 전기에서 이미 나타난 정부교체 관련 변화,손혜원,park_2013_2017,moon_pre_covid_2017_2019,665,4712,35.286282844058555,moon_pre_covid_2017_2019,35.286282844058555,89.0
government_change_pre_covid,문재인 전기에서 이미 나타난 정부교체 관련 변화,박상기,park_2013_2017,moon_pre_covid_2017_2019,57,3405,35.204800064287824,moon_pre_covid_2017_2019,35.204800064287824,90.0
government_change_pre_covid,문재인 전기에서 이미 나타난 정부교체 관련 변화,김용균,park_2013_2017,moon_pre_covid_2017_2019,103,3491,35.0813741684981,moon_pre_covid_2017_2019,35.0813741684981,91.0
government_change_pre_covid,문재인 전기에서 이미 나타난 정부교체 관련 변화,공론화,park_2013_2017,moon_pre_covid_2017_2019,2717,8069,35.05346839323911,moon_pre_covid_2017_2019,35.05346839323911,92.0
government_change_pre_covid,문재인 전기에서 이미 나타난 정부교체 관련 변화,이인영,park_2013_2017,moon_pre_covid_2017_2019,1339,5883,35.05052838735545,moon_pre_covid_2017_2019,35.05052838735545,93.0
government_change_pre_covid,문재인 전기에서 이미 나타난 정부교체 관련 변화,문건,park_2013_2017,moon_pre_covid_2017_2019,10936,18674,35.035026310643005,moon_pre_covid_2017_2019,35.035026310643005,94.0
government_change_pre_covid,문재인 전기에서 이미 나타난 정부교체 관련 변화,조현지,park_2013_2017,moon_pre_covid_2017_2019,2,3229,34.977011585398046,moon_pre_covid_2017_2019,34.977011585398046,95.0
government_change_pre_covid,문재인 전기에서 이미 나타난 정부교체 관련 변화,예타,park_2013_2017,moon_pre_covid_2017_2019,288,3876,34.921049949664294,moon_pre_covid_2017_2019,34.921049949664294,96.0
government_change_pre_covid,문재인 전기에서 이미 나타난 정부교체 관련 변화,탄력근로제,park_2013_2017,moon_pre_covid_2017_2019,3,3206,34.838558053842924,moon_pre_covid_2017_2019,34.838558053842924,97.0
government_change_pre_covid,문재인 전기에서 이미 나타난 정부교체 관련 변화,임금,park_2013_2017,moon_pre_covid_2017_2019,46443,56320,34.81738874972432,moon_pre_covid_2017_2019,34.81738874972432,98.0
government_change_pre_covid,문재인 전기에서 이미 나타난 정부교체 관련 변화,자율주행,park_2013_2017,moon_pre_covid_2017_2019,1016,5232,34.61611375642643,moon_pre_covid_2017_2019,34.61611375642643,99.0
government_change_pre_covid,문재인 전기에서 이미 나타난 정부교체 관련 변화,공시가격,park_2013_2017,moon_pre_covid_2017_2019,288,3780,34.40236316285356,moon_pre_covid_2017_2019,34.40236316285356,100.0
