period,period_label,keyword,tfidf,rank
moon_post_covid_2020_2022,문재인 후기/코로나 이후(2020-2022),코로나,0.06464793298768212,1.0
moon_post_covid_2020_2022,문재인 후기/코로나 이후(2020-2022),평가,0.019889547937060104,2.0
moon_post_covid_2020_2022,문재인 후기/코로나 이후(2020-2022),정책,0.017086387943850128,3.0
moon_post_covid_2020_2022,문재인 후기/코로나 이후(2020-2022),공무원,0.01700565786149884,4.0
moon_post_covid_2020_2022,문재인 후기/코로나 이후(2020-2022),확진자,0.015937512699966346,5.0
moon_post_covid_2020_2022,문재인 후기/코로나 이후(2020-2022),청년,0.014710187734488955,6.0
moon_post_covid_2020_2022,문재인 후기/코로나 이후(2020-2022),방역,0.013675335810072999,7.0
moon_post_covid_2020_2022,문재인 후기/코로나 이후(2020-2022),여성,0.01221454774516937,8.0
moon_post_covid_2020_2022,문재인 후기/코로나 이후(2020-2022),추진,0.01216130165105853,9.0
moon_post_covid_2020_2022,문재인 후기/코로나 이후(2020-2022),접종,0.011654536739322912,10.0
moon_post_covid_2020_2022,문재인 후기/코로나 이후(2020-2022),주택,0.011448856962333016,11.0
moon_post_covid_2020_2022,문재인 후기/코로나 이후(2020-2022),운영,0.011418657175011428,12.0
moon_post_covid_2020_2022,문재인 후기/코로나 이후(2020-2022),인사,0.011350697538158283,13.0
moon_post_covid_2020_2022,문재인 후기/코로나 이후(2020-2022),비판,0.010961834144875691,14.0
moon_post_covid_2020_2022,문재인 후기/코로나 이후(2020-2022),교육,0.010843118874856941,15.0
moon_post_covid_2020_2022,문재인 후기/코로나 이후(2020-2022),산업,0.01055657525915548,16.0
moon_post_covid_2020_2022,문재인 후기/코로나 이후(2020-2022),혁신,0.010141055823149217,17.0
moon_post_covid_2020_2022,문재인 후기/코로나 이후(2020-2022),논란,0.009985455218288853,18.0
moon_post_covid_2020_2022,문재인 후기/코로나 이후(2020-2022),참여,0.009947558049129992,19.0
moon_post_covid_2020_2022,문재인 후기/코로나 이후(2020-2022),관리,0.009655225590971294,20.0
moon_post_covid_2020_2022,문재인 후기/코로나 이후(2020-2022),조직,0.009493858997939149,21.0
moon_post_covid_2020_2022,문재인 후기/코로나 이후(2020-2022),정보,0.009315156312980756,22.0
moon_post_covid_2020_2022,문재인 후기/코로나 이후(2020-2022),성장,0.008837159572743678,23.0
moon_post_covid_2020_2022,문재인 후기/코로나 이후(2020-2022),판단,0.008802387213524283,24.0
moon_post_covid_2020_2022,문재인 후기/코로나 이후(2020-2022),직원,0.00858807770877783,25.0
moon_post_covid_2020_2022,문재인 후기/코로나 이후(2020-2022),일자리,0.008446341371642673,26.0
moon_post_covid_2020_2022,문재인 후기/코로나 이후(2020-2022),활용,0.008293497913032672,27.0
moon_post_covid_2020_2022,문재인 후기/코로나 이후(2020-2022),플랫폼,0.008149315915759622,28.0
moon_post_covid_2020_2022,문재인 후기/코로나 이후(2020-2022),개선,0.008087963166987532,29.0
moon_post_covid_2020_2022,문재인 후기/코로나 이후(2020-2022),디지털,0.00801827970336797,30.0
moon_post_covid_2020_2022,문재인 후기/코로나 이후(2020-2022),전략,0.008003013209945306,31.0
moon_post_covid_2020_2022,문재인 후기/코로나 이후(2020-2022),성과,0.007920796516164735,32.0
moon_post_covid_2020_2022,문재인 후기/코로나 이후(2020-2022),업무,0.007919792665256168,33.0
moon_post_covid_2020_2022,문재인 후기/코로나 이후(2020-2022),역할,0.007590775194185017,34.0
moon_post_covid_2020_2022,문재인 후기/코로나 이후(2020-2022),규제,0.00735565963419092,35.0
moon_post_covid_2020_2022,문재인 후기/코로나 이후(2020-2022),책임,0.007310352777025661,36.0
moon_post_covid_2020_2022,문재인 후기/코로나 이후(2020-2022),가치,0.00705076242702048,37.0
moon_post_covid_2020_2022,문재인 후기/코로나 이후(2020-2022),공정,0.006982175708012078,38.0
moon_post_covid_2020_2022,문재인 후기/코로나 이후(2020-2022),의미,0.0068998687626786155,39.0
moon_post_covid_2020_2022,문재인 후기/코로나 이후(2020-2022),마음,0.006740241279780607,40.0
moon_post_covid_2020_2022,문재인 후기/코로나 이후(2020-2022),개인,0.006590466392117033,41.0
moon_post_covid_2020_2022,문재인 후기/코로나 이후(2020-2022),공공,0.006323972717471661,42.0
moon_post_covid_2020_2022,문재인 후기/코로나 이후(2020-2022),경영,0.0061862341962378355,43.0
moon_post_covid_2020_2022,문재인 후기/코로나 이후(2020-2022),경험,0.0061749205822735935,44.0
moon_post_covid_2020_2022,문재인 후기/코로나 이후(2020-2022),경쟁,0.006074142684399677,45.0
moon_post_covid_2020_2022,문재인 후기/코로나 이후(2020-2022),개혁,0.006045443771475061,46.0
moon_post_covid_2020_2022,문재인 후기/코로나 이후(2020-2022),갈등,0.005873061640184574,47.0
moon_post_covid_2020_2022,문재인 후기/코로나 이후(2020-2022),절차,0.005869482282322686,48.0
moon_post_covid_2020_2022,문재인 후기/코로나 이후(2020-2022),계약,0.005754425719914575,49.0
moon_post_covid_2020_2022,문재인 후기/코로나 이후(2020-2022),노동자,0.005739068759007758,50.0
moon_post_covid_2020_2022,문재인 후기/코로나 이후(2020-2022),고용,0.0057159392310985315,51.0
moon_post_covid_2020_2022,문재인 후기/코로나 이후(2020-2022),제안,0.0055899621103332985,52.0
moon_post_covid_2020_2022,문재인 후기/코로나 이후(2020-2022),의료,0.0053971307845769945,53.0
moon_post_covid_2020_2022,문재인 후기/코로나 이후(2020-2022),소상공인,0.00500223554132938,54.0
moon_post_covid_2020_2022,문재인 후기/코로나 이후(2020-2022),폐지,0.004997959531771833,55.0
moon_post_covid_2020_2022,문재인 후기/코로나 이후(2020-2022),행위,0.0049627857003482784,56.0
moon_post_covid_2020_2022,문재인 후기/코로나 이후(2020-2022),데이터,0.0048866210597907755,57.0
moon_post_covid_2020_2022,문재인 후기/코로나 이후(2020-2022),공격,0.004840444554816053,58.0
moon_post_covid_2020_2022,문재인 후기/코로나 이후(2020-2022),능력,0.004745830696530798,59.0
moon_post_covid_2020_2022,문재인 후기/코로나 이후(2020-2022),경쟁력,0.004744315463402433,60.0
moon_post_covid_2020_2022,문재인 후기/코로나 이후(2020-2022),인권,0.004734616120121689,61.0
moon_post_covid_2020_2022,문재인 후기/코로나 이후(2020-2022),인력,0.004688996866369911,62.0
moon_post_covid_2020_2022,문재인 후기/코로나 이후(2020-2022),소통,0.0046244494857225265,63.0
moon_post_covid_2020_2022,문재인 후기/코로나 이후(2020-2022),약속,0.004623235240716058,64.0
moon_post_covid_2020_2022,문재인 후기/코로나 이후(2020-2022),복지,0.0045781727449074276,65.0
moon_post_covid_2020_2022,문재인 후기/코로나 이후(2020-2022),행정,0.0045506475319276015,66.0
moon_post_covid_2020_2022,문재인 후기/코로나 이후(2020-2022),이해,0.004548983736934719,67.0
moon_post_covid_2020_2022,문재인 후기/코로나 이후(2020-2022),근무,0.004525404054758002,68.0
moon_post_covid_2020_2022,문재인 후기/코로나 이후(2020-2022),공직자,0.004495647932152077,69.0
moon_post_covid_2020_2022,문재인 후기/코로나 이후(2020-2022),현실,0.004440933824184889,70.0
moon_post_covid_2020_2022,문재인 후기/코로나 이후(2020-2022),반발,0.004411369110739052,71.0
moon_post_covid_2020_2022,문재인 후기/코로나 이후(2020-2022),인재,0.004401017756559092,72.0
moon_post_covid_2020_2022,문재인 후기/코로나 이후(2020-2022),인식,0.004264675171012337,73.0
moon_post_covid_2020_2022,문재인 후기/코로나 이후(2020-2022),취업,0.004213728517171692,74.0
moon_post_covid_2020_2022,문재인 후기/코로나 이후(2020-2022),체계,0.00414614248212065,75.0
moon_post_covid_2020_2022,문재인 후기/코로나 이후(2020-2022),감염병,0.0040998439222387035,76.0
moon_post_covid_2020_2022,문재인 후기/코로나 이후(2020-2022),주도,0.004082380990224499,77.0
moon_post_covid_2020_2022,문재인 후기/코로나 이후(2020-2022),희망,0.004043329794744899,78.0
moon_post_covid_2020_2022,문재인 후기/코로나 이후(2020-2022),원칙,0.003966838912598294,79.0
moon_post_covid_2020_2022,문재인 후기/코로나 이후(2020-2022),신뢰,0.003951591966949647,80.0
moon_post_covid_2020_2022,문재인 후기/코로나 이후(2020-2022),공사,0.00392014104316032,81.0
moon_post_covid_2020_2022,문재인 후기/코로나 이후(2020-2022),보건,0.003884846528233971,82.0
moon_post_covid_2020_2022,문재인 후기/코로나 이후(2020-2022),주자,0.0038843938715346013,83.0
moon_post_covid_2020_2022,문재인 후기/코로나 이후(2020-2022),부정,0.0038717561454754104,84.0
moon_post_covid_2020_2022,문재인 후기/코로나 이후(2020-2022),인공지능,0.0038635685267504774,85.0
moon_post_covid_2020_2022,문재인 후기/코로나 이후(2020-2022),장애인,0.0038568020002769455,86.0
moon_post_covid_2020_2022,문재인 후기/코로나 이후(2020-2022),행동,0.0038191197495886843,87.0
moon_post_covid_2020_2022,문재인 후기/코로나 이후(2020-2022),세금,0.003797390628844931,88.0
moon_post_covid_2020_2022,문재인 후기/코로나 이후(2020-2022),일상,0.0037123814202224717,89.0
moon_post_covid_2020_2022,문재인 후기/코로나 이후(2020-2022),뉴딜,0.003709953885156961,90.0
moon_post_covid_2020_2022,문재인 후기/코로나 이후(2020-2022),노동,0.0037043715909327295,91.0
moon_post_covid_2020_2022,문재인 후기/코로나 이후(2020-2022),개편,0.003641050206994557,92.0
moon_post_covid_2020_2022,문재인 후기/코로나 이후(2020-2022),권한,0.0036188775595248023,93.0
moon_post_covid_2020_2022,문재인 후기/코로나 이후(2020-2022),노조,0.00355850139611512,94.0
moon_post_covid_2020_2022,문재인 후기/코로나 이후(2020-2022),보상,0.0035069986244049525,95.0
moon_post_covid_2020_2022,문재인 후기/코로나 이후(2020-2022),통제,0.0034537456378920368,96.0
moon_post_covid_2020_2022,문재인 후기/코로나 이후(2020-2022),물량,0.0034350733365269112,97.0
moon_post_covid_2020_2022,문재인 후기/코로나 이후(2020-2022),직무,0.0034156703031916393,98.0
moon_post_covid_2020_2022,문재인 후기/코로나 이후(2020-2022),팬데믹,0.0033957763149397753,99.0
moon_post_covid_2020_2022,문재인 후기/코로나 이후(2020-2022),기후,0.0033763818266516503,100.0
moon_pre_covid_2017_2019,문재인 전기/코로나 이전(2017-2019),평가,0.020857570593500574,1.0
moon_pre_covid_2017_2019,문재인 전기/코로나 이전(2017-2019),정책,0.01668439820516649,2.0
moon_pre_covid_2017_2019,문재인 전기/코로나 이전(2017-2019),일자리,0.014879869446903213,3.0
moon_pre_covid_2017_2019,문재인 전기/코로나 이전(2017-2019),혁신,0.012919192467159606,4.0
moon_pre_covid_2017_2019,문재인 전기/코로나 이전(2017-2019),교육,0.012424053717602856,5.0
moon_pre_covid_2017_2019,문재인 전기/코로나 이전(2017-2019),산업,0.012223357226628902,6.0
moon_pre_covid_2017_2019,문재인 전기/코로나 이전(2017-2019),공무원,0.012222716452829659,7.0
moon_pre_covid_2017_2019,문재인 전기/코로나 이전(2017-2019),인사,0.01200451159627827,8.0
moon_pre_covid_2017_2019,문재인 전기/코로나 이전(2017-2019),청년,0.0119655941687374,9.0
moon_pre_covid_2017_2019,문재인 전기/코로나 이전(2017-2019),여성,0.011606348029028674,10.0
moon_pre_covid_2017_2019,문재인 전기/코로나 이전(2017-2019),추진,0.011476123309097638,11.0
moon_pre_covid_2017_2019,문재인 전기/코로나 이전(2017-2019),성장,0.011305422820357897,12.0
moon_pre_covid_2017_2019,문재인 전기/코로나 이전(2017-2019),운영,0.01079253558448079,13.0
moon_pre_covid_2017_2019,문재인 전기/코로나 이전(2017-2019),개혁,0.01061148871111436,14.0
moon_pre_covid_2017_2019,문재인 전기/코로나 이전(2017-2019),성과,0.010338390318943833,15.0
moon_pre_covid_2017_2019,문재인 전기/코로나 이전(2017-2019),개선,0.010020555984058077,16.0
moon_pre_covid_2017_2019,문재인 전기/코로나 이전(2017-2019),규제,0.00987148417965622,17.0
moon_pre_covid_2017_2019,문재인 전기/코로나 이전(2017-2019),참여,0.009812593830330816,18.0
moon_pre_covid_2017_2019,문재인 전기/코로나 이전(2017-2019),조직,0.009603084590161013,19.0
moon_pre_covid_2017_2019,문재인 전기/코로나 이전(2017-2019),정보,0.009252951357090393,20.0
moon_pre_covid_2017_2019,문재인 전기/코로나 이전(2017-2019),비판,0.009128041034576134,21.0
moon_pre_covid_2017_2019,문재인 전기/코로나 이전(2017-2019),논란,0.00895455836068908,22.0
moon_pre_covid_2017_2019,문재인 전기/코로나 이전(2017-2019),관리,0.008876551953543876,23.0
moon_pre_covid_2017_2019,문재인 전기/코로나 이전(2017-2019),역할,0.00864434569693986,24.0
moon_pre_covid_2017_2019,문재인 전기/코로나 이전(2017-2019),의미,0.008636535080440851,25.0
moon_pre_covid_2017_2019,문재인 전기/코로나 이전(2017-2019),전략,0.008344000644573213,26.0
moon_pre_covid_2017_2019,문재인 전기/코로나 이전(2017-2019),판단,0.007926805305227562,27.0
moon_pre_covid_2017_2019,문재인 전기/코로나 이전(2017-2019),임금,0.007698014410702979,28.0
moon_pre_covid_2017_2019,문재인 전기/코로나 이전(2017-2019),활용,0.0075920449978615955,29.0
moon_pre_covid_2017_2019,문재인 전기/코로나 이전(2017-2019),주택,0.007488981347624385,30.0
moon_pre_covid_2017_2019,문재인 전기/코로나 이전(2017-2019),가치,0.0073451842012791325,31.0
moon_pre_covid_2017_2019,문재인 전기/코로나 이전(2017-2019),업무,0.007313350922863919,32.0
moon_pre_covid_2017_2019,문재인 전기/코로나 이전(2017-2019),직원,0.0071109038785724344,33.0
moon_pre_covid_2017_2019,문재인 전기/코로나 이전(2017-2019),고용,0.006788770827282568,34.0
moon_pre_covid_2017_2019,문재인 전기/코로나 이전(2017-2019),책임,0.006723958051638933,35.0
moon_pre_covid_2017_2019,문재인 전기/코로나 이전(2017-2019),경영,0.006467174783565553,36.0
moon_pre_covid_2017_2019,문재인 전기/코로나 이전(2017-2019),마음,0.00622909182420398,37.0
moon_pre_covid_2017_2019,문재인 전기/코로나 이전(2017-2019),경험,0.006032081875619094,38.0
moon_pre_covid_2017_2019,문재인 전기/코로나 이전(2017-2019),개인,0.0060228997741342254,39.0
moon_pre_covid_2017_2019,문재인 전기/코로나 이전(2017-2019),노동자,0.005831784114866371,40.0
moon_pre_covid_2017_2019,문재인 전기/코로나 이전(2017-2019),갈등,0.005702948178994948,41.0
moon_pre_covid_2017_2019,문재인 전기/코로나 이전(2017-2019),경쟁력,0.005589627856555209,42.0
moon_pre_covid_2017_2019,문재인 전기/코로나 이전(2017-2019),제안,0.005582027047085808,43.0
moon_pre_covid_2017_2019,문재인 전기/코로나 이전(2017-2019),공정,0.005541615649720087,44.0
moon_pre_covid_2017_2019,문재인 전기/코로나 이전(2017-2019),주도,0.005391466680505199,45.0
moon_pre_covid_2017_2019,문재인 전기/코로나 이전(2017-2019),경쟁,0.005369371958080347,46.0
moon_pre_covid_2017_2019,문재인 전기/코로나 이전(2017-2019),노조,0.005215984099500399,47.0
moon_pre_covid_2017_2019,문재인 전기/코로나 이전(2017-2019),개편,0.005209996007536035,48.0
moon_pre_covid_2017_2019,문재인 전기/코로나 이전(2017-2019),능력,0.005207448300299178,49.0
moon_pre_covid_2017_2019,문재인 전기/코로나 이전(2017-2019),노동,0.005148269112919863,50.0
moon_pre_covid_2017_2019,문재인 전기/코로나 이전(2017-2019),절차,0.005120143710867356,51.0
moon_pre_covid_2017_2019,문재인 전기/코로나 이전(2017-2019),이해,0.005091263495117966,52.0
moon_pre_covid_2017_2019,문재인 전기/코로나 이전(2017-2019),폐지,0.005013881463737799,53.0
moon_pre_covid_2017_2019,문재인 전기/코로나 이전(2017-2019),인식,0.005003935920863314,54.0
moon_pre_covid_2017_2019,문재인 전기/코로나 이전(2017-2019),소통,0.004975947168463644,55.0
moon_pre_covid_2017_2019,문재인 전기/코로나 이전(2017-2019),취업,0.00496779545672981,56.0
moon_pre_covid_2017_2019,문재인 전기/코로나 이전(2017-2019),근무,0.004965686251473748,57.0
moon_pre_covid_2017_2019,문재인 전기/코로나 이전(2017-2019),계약,0.004908846213214339,58.0
moon_pre_covid_2017_2019,문재인 전기/코로나 이전(2017-2019),신뢰,0.004836467899111501,59.0
moon_pre_covid_2017_2019,문재인 전기/코로나 이전(2017-2019),현실,0.004792455093043442,60.0
moon_pre_covid_2017_2019,문재인 전기/코로나 이전(2017-2019),공공,0.004758283357218728,61.0
moon_pre_covid_2017_2019,문재인 전기/코로나 이전(2017-2019),복지,0.00472099335390797,62.0
moon_pre_covid_2017_2019,문재인 전기/코로나 이전(2017-2019),반발,0.0046128443950721595,63.0
moon_pre_covid_2017_2019,문재인 전기/코로나 이전(2017-2019),약속,0.004572081483338453,64.0
moon_pre_covid_2017_2019,문재인 전기/코로나 이전(2017-2019),행위,0.004570169863678996,65.0
moon_pre_covid_2017_2019,문재인 전기/코로나 이전(2017-2019),행동,0.004498218165415672,66.0
moon_pre_covid_2017_2019,문재인 전기/코로나 이전(2017-2019),인공지능,0.004475485222044399,67.0
moon_pre_covid_2017_2019,문재인 전기/코로나 이전(2017-2019),인권,0.004442686470055266,68.0
moon_pre_covid_2017_2019,문재인 전기/코로나 이전(2017-2019),행정,0.00433851741185323,69.0
moon_pre_covid_2017_2019,문재인 전기/코로나 이전(2017-2019),공격,0.004287326042396022,70.0
moon_pre_covid_2017_2019,문재인 전기/코로나 이전(2017-2019),플랫폼,0.004285382200925169,71.0
moon_pre_covid_2017_2019,문재인 전기/코로나 이전(2017-2019),최저임금,0.004259083526535932,72.0
moon_pre_covid_2017_2019,문재인 전기/코로나 이전(2017-2019),연금,0.004255359553238115,73.0
moon_pre_covid_2017_2019,문재인 전기/코로나 이전(2017-2019),인재,0.004188176585064856,74.0
moon_pre_covid_2017_2019,문재인 전기/코로나 이전(2017-2019),데이터,0.004183868233125864,75.0
moon_pre_covid_2017_2019,문재인 전기/코로나 이전(2017-2019),인력,0.0041537835385990415,76.0
moon_pre_covid_2017_2019,문재인 전기/코로나 이전(2017-2019),근로자,0.004091272138641132,77.0
moon_pre_covid_2017_2019,문재인 전기/코로나 이전(2017-2019),희망,0.004020159697004668,78.0
moon_pre_covid_2017_2019,문재인 전기/코로나 이전(2017-2019),디지털,0.003998175384824209,79.0
moon_pre_covid_2017_2019,문재인 전기/코로나 이전(2017-2019),원칙,0.003987478134532492,80.0
moon_pre_covid_2017_2019,문재인 전기/코로나 이전(2017-2019),남북정상회담,0.0039500883560642285,81.0
moon_pre_covid_2017_2019,문재인 전기/코로나 이전(2017-2019),공사,0.003843737234055112,82.0
moon_pre_covid_2017_2019,문재인 전기/코로나 이전(2017-2019),진전,0.003837834915909514,83.0
moon_pre_covid_2017_2019,문재인 전기/코로나 이전(2017-2019),승진,0.003816463609045563,84.0
moon_pre_covid_2017_2019,문재인 전기/코로나 이전(2017-2019),근로,0.003816373665229366,85.0
moon_pre_covid_2017_2019,문재인 전기/코로나 이전(2017-2019),부정,0.0038032267099380383,86.0
moon_pre_covid_2017_2019,문재인 전기/코로나 이전(2017-2019),의료,0.0038019832505117256,87.0
moon_pre_covid_2017_2019,문재인 전기/코로나 이전(2017-2019),예산안,0.0036884675421549403,88.0
moon_pre_covid_2017_2019,문재인 전기/코로나 이전(2017-2019),자사고,0.00368115041851137,89.0
moon_pre_covid_2017_2019,문재인 전기/코로나 이전(2017-2019),폐기,0.0036491674458259396,90.0
moon_pre_covid_2017_2019,문재인 전기/코로나 이전(2017-2019),세금,0.003552435270477936,91.0
moon_pre_covid_2017_2019,문재인 전기/코로나 이전(2017-2019),육성,0.0035164422537768618,92.0
moon_pre_covid_2017_2019,문재인 전기/코로나 이전(2017-2019),장애인,0.0034879266785920347,93.0
moon_pre_covid_2017_2019,문재인 전기/코로나 이전(2017-2019),권한,0.0034624844201565953,94.0
moon_pre_covid_2017_2019,문재인 전기/코로나 이전(2017-2019),댓글,0.003394318773295431,95.0
moon_pre_covid_2017_2019,문재인 전기/코로나 이전(2017-2019),방북,0.003382592212180274,96.0
moon_pre_covid_2017_2019,문재인 전기/코로나 이전(2017-2019),체계,0.0033230421137047245,97.0
moon_pre_covid_2017_2019,문재인 전기/코로나 이전(2017-2019),네트워크,0.003282934755464719,98.0
moon_pre_covid_2017_2019,문재인 전기/코로나 이전(2017-2019),교류,0.0032437768069651543,99.0
moon_pre_covid_2017_2019,문재인 전기/코로나 이전(2017-2019),발굴,0.0032163762277373745,100.0
park_2013_2017,박근혜정부(2013-2017),평가,0.021891332876131077,1.0
park_2013_2017,박근혜정부(2013-2017),공무원,0.01957114831824494,2.0
park_2013_2017,박근혜정부(2013-2017),교육,0.013630383379805608,3.0
park_2013_2017,박근혜정부(2013-2017),정책,0.013200209283118231,4.0
park_2013_2017,박근혜정부(2013-2017),혁신,0.012183534377587594,5.0
park_2013_2017,박근혜정부(2013-2017),조직,0.012083745932455092,6.0
park_2013_2017,박근혜정부(2013-2017),청년,0.011988270755581606,7.0
park_2013_2017,박근혜정부(2013-2017),인사,0.011249830239118937,8.0
park_2013_2017,박근혜정부(2013-2017),개혁,0.011079613894300143,9.0
park_2013_2017,박근혜정부(2013-2017),운영,0.010718189526538097,10.0
park_2013_2017,박근혜정부(2013-2017),여성,0.010659065352401624,11.0
park_2013_2017,박근혜정부(2013-2017),추진,0.010624647497834169,12.0
park_2013_2017,박근혜정부(2013-2017),참여,0.009609330165319273,13.0
park_2013_2017,박근혜정부(2013-2017),정보,0.009576443029618076,14.0
park_2013_2017,박근혜정부(2013-2017),성과,0.009567104304686715,15.0
park_2013_2017,박근혜정부(2013-2017),일자리,0.009542990872389393,16.0
park_2013_2017,박근혜정부(2013-2017),관리,0.009218129230549418,17.0
park_2013_2017,박근혜정부(2013-2017),비판,0.008975654002859433,18.0
park_2013_2017,박근혜정부(2013-2017),논란,0.008836892045219872,19.0
park_2013_2017,박근혜정부(2013-2017),개선,0.008617241758638199,20.0
park_2013_2017,박근혜정부(2013-2017),성장,0.008599020860669498,21.0
park_2013_2017,박근혜정부(2013-2017),책임,0.008165236949701903,22.0
park_2013_2017,박근혜정부(2013-2017),연금,0.008080104815626333,23.0
park_2013_2017,박근혜정부(2013-2017),산업,0.008040225264594036,24.0
park_2013_2017,박근혜정부(2013-2017),의미,0.007779059180755469,25.0
park_2013_2017,박근혜정부(2013-2017),직원,0.00776943602608364,26.0
park_2013_2017,박근혜정부(2013-2017),역할,0.00739185070029197,27.0
park_2013_2017,박근혜정부(2013-2017),전략,0.007155856613397687,28.0
park_2013_2017,박근혜정부(2013-2017),마음,0.007110681737364234,29.0
park_2013_2017,박근혜정부(2013-2017),경영,0.006998261020431916,30.0
park_2013_2017,박근혜정부(2013-2017),복지,0.006987376850650853,31.0
park_2013_2017,박근혜정부(2013-2017),업무,0.006664045182084237,32.0
park_2013_2017,박근혜정부(2013-2017),가치,0.006604862431412043,33.0
park_2013_2017,박근혜정부(2013-2017),판단,0.006578972068968805,34.0
park_2013_2017,박근혜정부(2013-2017),개인,0.006429842232077918,35.0
park_2013_2017,박근혜정부(2013-2017),경쟁,0.006324069697008959,36.0
park_2013_2017,박근혜정부(2013-2017),활용,0.0061865416137560905,37.0
park_2013_2017,박근혜정부(2013-2017),능력,0.006069727068878782,38.0
park_2013_2017,박근혜정부(2013-2017),취업,0.00606457449186242,39.0
park_2013_2017,박근혜정부(2013-2017),규제,0.005870937508019646,40.0
park_2013_2017,박근혜정부(2013-2017),제안,0.005859496056069842,41.0
park_2013_2017,박근혜정부(2013-2017),노동자,0.005762613143640491,42.0
park_2013_2017,박근혜정부(2013-2017),갈등,0.005708153993332168,43.0
park_2013_2017,박근혜정부(2013-2017),경험,0.005689501964163855,44.0
park_2013_2017,박근혜정부(2013-2017),현실,0.005655735871452523,45.0
park_2013_2017,박근혜정부(2013-2017),노동,0.005526974542511141,46.0
park_2013_2017,박근혜정부(2013-2017),경쟁력,0.005303222938355304,47.0
park_2013_2017,박근혜정부(2013-2017),고용,0.005256015374552852,48.0
park_2013_2017,박근혜정부(2013-2017),주택,0.005244714154756026,49.0
park_2013_2017,박근혜정부(2013-2017),노조,0.00522519210994916,50.0
park_2013_2017,박근혜정부(2013-2017),임금,0.005133451155286632,51.0
park_2013_2017,박근혜정부(2013-2017),이해,0.005082436744019522,52.0
park_2013_2017,박근혜정부(2013-2017),계약,0.00497020328970595,53.0
park_2013_2017,박근혜정부(2013-2017),인식,0.004764441251074794,54.0
park_2013_2017,박근혜정부(2013-2017),공격,0.004764255335233126,55.0
park_2013_2017,박근혜정부(2013-2017),희망,0.004609435817597489,56.0
park_2013_2017,박근혜정부(2013-2017),폐지,0.00456954884005604,57.0
park_2013_2017,박근혜정부(2013-2017),의료,0.004551292456433641,58.0
park_2013_2017,박근혜정부(2013-2017),행정,0.004546227724518207,59.0
park_2013_2017,박근혜정부(2013-2017),신뢰,0.004521140474154655,60.0
park_2013_2017,박근혜정부(2013-2017),행위,0.004519655861730393,61.0
park_2013_2017,박근혜정부(2013-2017),주도,0.004497848370566748,62.0
park_2013_2017,박근혜정부(2013-2017),공공,0.004444149679529592,63.0
park_2013_2017,박근혜정부(2013-2017),소통,0.00442968554445519,64.0
park_2013_2017,박근혜정부(2013-2017),공사,0.00436961688238732,65.0
park_2013_2017,박근혜정부(2013-2017),반발,0.004237990358806867,66.0
park_2013_2017,박근혜정부(2013-2017),행동,0.004192529661283565,67.0
park_2013_2017,박근혜정부(2013-2017),약속,0.0041881168854576226,68.0
park_2013_2017,박근혜정부(2013-2017),인권,0.004168070287736645,69.0
park_2013_2017,박근혜정부(2013-2017),절차,0.004107258645767372,70.0
park_2013_2017,박근혜정부(2013-2017),근무,0.00404446443011346,71.0
park_2013_2017,박근혜정부(2013-2017),승진,0.00394436562059571,72.0
park_2013_2017,박근혜정부(2013-2017),세금,0.003913414878480881,73.0
park_2013_2017,박근혜정부(2013-2017),인력,0.0038904838700213303,74.0
park_2013_2017,박근혜정부(2013-2017),원칙,0.0038901358346302515,75.0
park_2013_2017,박근혜정부(2013-2017),개편,0.0038739869090838102,76.0
park_2013_2017,박근혜정부(2013-2017),근로자,0.0038542650188909938,77.0
park_2013_2017,박근혜정부(2013-2017),부정,0.0037421259614278902,78.0
park_2013_2017,박근혜정부(2013-2017),인재,0.003708334045301579,79.0
park_2013_2017,박근혜정부(2013-2017),태도,0.003455112216887138,80.0
park_2013_2017,박근혜정부(2013-2017),공정,0.003443413071049119,81.0
park_2013_2017,박근혜정부(2013-2017),체계,0.0033199579765401696,82.0
park_2013_2017,박근혜정부(2013-2017),정규,0.0032598038458655676,83.0
park_2013_2017,박근혜정부(2013-2017),허용,0.0032575331886599817,84.0
park_2013_2017,박근혜정부(2013-2017),장애인,0.003234294955811466,85.0
park_2013_2017,박근혜정부(2013-2017),자원,0.0032244126883103443,86.0
park_2013_2017,박근혜정부(2013-2017),불안,0.0032177724977614725,87.0
park_2013_2017,박근혜정부(2013-2017),육성,0.0032073257950882422,88.0
park_2013_2017,박근혜정부(2013-2017),연계,0.0031515297300270225,89.0
park_2013_2017,박근혜정부(2013-2017),청소년,0.003121179867469712,90.0
park_2013_2017,박근혜정부(2013-2017),권한,0.0031087694408159046,91.0
park_2013_2017,박근혜정부(2013-2017),공공기관,0.003014536657474846,92.0
park_2013_2017,박근혜정부(2013-2017),고교,0.002981320506986038,93.0
park_2013_2017,박근혜정부(2013-2017),공동체,0.002980778874440402,94.0
park_2013_2017,박근혜정부(2013-2017),변경,0.002972356370902103,95.0
park_2013_2017,박근혜정부(2013-2017),영역,0.002969359309538169,96.0
park_2013_2017,박근혜정부(2013-2017),고통,0.0029480746073107284,97.0
park_2013_2017,박근혜정부(2013-2017),리더십,0.0029391734527544726,98.0
park_2013_2017,박근혜정부(2013-2017),고등학교,0.0029374673952089012,99.0
park_2013_2017,박근혜정부(2013-2017),공직자,0.0029275604216850316,100.0
