comparison,interpretation,keyword,period_a,period_b,tfidf_a,tfidf_b,delta_b_minus_a,pct_change_b_vs_a,abs_delta,rank_abs_delta
covid_period_shift,문재인 후기에서 추가 강화된 코로나 이후 변화,코로나,moon_pre_covid_2017_2019,moon_post_covid_2020_2022,6.2442404857923854e-06,0.06464793298768212,0.06464168874719634,1035220.9991635741,0.06464168874719634,1.0
covid_period_shift,문재인 후기에서 추가 강화된 코로나 이후 변화,확진자,moon_pre_covid_2017_2019,moon_post_covid_2020_2022,6.081606886357055e-05,0.015937512699966346,0.015876696631102777,26106.088288473842,0.015876696631102777,2.0
covid_period_shift,문재인 후기에서 추가 강화된 코로나 이후 변화,방역,moon_pre_covid_2017_2019,moon_post_covid_2020_2022,0.0003123771564511572,0.013675335810072999,0.013362958653621842,4277.828380741807,0.013362958653621842,3.0
covid_period_shift,문재인 후기에서 추가 강화된 코로나 이후 변화,접종,moon_pre_covid_2017_2019,moon_post_covid_2020_2022,0.0002118225448105112,0.011654536739322912,0.0114427141945124,5402.028478483553,0.0114427141945124,4.0
covid_period_shift,문재인 후기에서 추가 강화된 코로나 이후 변화,일자리,moon_pre_covid_2017_2019,moon_post_covid_2020_2022,0.014879869446903213,0.008446341371642673,-0.00643352807526054,-43.23645511956747,0.00643352807526054,5.0
covid_period_shift,문재인 후기에서 추가 강화된 코로나 이후 변화,공무원,moon_pre_covid_2017_2019,moon_post_covid_2020_2022,0.012222716452829659,0.01700565786149884,0.0047829414086691825,39.13157461459308,0.0047829414086691825,6.0
covid_period_shift,문재인 후기에서 추가 강화된 코로나 이후 변화,임금,moon_pre_covid_2017_2019,moon_post_covid_2020_2022,0.007698014410702979,0.0029928172672977612,-0.004705197143405218,-61.122217917172506,0.004705197143405218,7.0
covid_period_shift,문재인 후기에서 추가 강화된 코로나 이후 변화,개혁,moon_pre_covid_2017_2019,moon_post_covid_2020_2022,0.01061148871111436,0.006045443771475061,-0.0045660449396392995,-43.029258796241024,0.0045660449396392995,8.0
covid_period_shift,문재인 후기에서 추가 강화된 코로나 이후 변화,디지털,moon_pre_covid_2017_2019,moon_post_covid_2020_2022,0.003998175384824209,0.00801827970336797,0.004020104318543761,100.54847353127097,0.004020104318543761,9.0
covid_period_shift,문재인 후기에서 추가 강화된 코로나 이후 변화,주택,moon_pre_covid_2017_2019,moon_post_covid_2020_2022,0.007488981347624385,0.011448856962333016,0.003959875614708631,52.87602453389422,0.003959875614708631,10.0
covid_period_shift,문재인 후기에서 추가 강화된 코로나 이후 변화,플랫폼,moon_pre_covid_2017_2019,moon_post_covid_2020_2022,0.004285382200925169,0.008149315915759622,0.003863933714834453,90.16543994606293,0.003863933714834453,11.0
covid_period_shift,문재인 후기에서 추가 강화된 코로나 이후 변화,감염병,moon_pre_covid_2017_2019,moon_post_covid_2020_2022,0.0003249011467919509,0.0040998439222387035,0.0037749427754467527,1161.8742539754783,0.0037749427754467527,12.0
covid_period_shift,문재인 후기에서 추가 강화된 코로나 이후 변화,남북정상회담,moon_pre_covid_2017_2019,moon_post_covid_2020_2022,0.0039500883560642285,0.0003622369970096278,-0.0035878513590546007,-90.8296482418294,0.0035878513590546007,13.0
covid_period_shift,문재인 후기에서 추가 강화된 코로나 이후 변화,팬데믹,moon_pre_covid_2017_2019,moon_post_covid_2020_2022,1.6720735299727776e-06,0.0033957763149397753,0.0033941042414098025,202987.73831226554,0.0033941042414098025,14.0
covid_period_shift,문재인 후기에서 추가 강화된 코로나 이후 변화,최저임금,moon_pre_covid_2017_2019,moon_post_covid_2020_2022,0.004259083526535932,0.0009665054468206625,-0.00329257807971527,-77.30719670560778,0.00329257807971527,15.0
covid_period_shift,문재인 후기에서 추가 강화된 코로나 이후 변화,뉴딜,moon_pre_covid_2017_2019,moon_post_covid_2020_2022,0.0004523637655703514,0.003709953885156961,0.0032575901195866096,720.126227501745,0.0032575901195866096,16.0
covid_period_shift,문재인 후기에서 추가 강화된 코로나 이후 변화,방북,moon_pre_covid_2017_2019,moon_post_covid_2020_2022,0.003382592212180274,0.0001524958032399551,-0.003230096408940319,-95.49174734421615,0.003230096408940319,17.0
covid_period_shift,문재인 후기에서 추가 강화된 코로나 이후 변화,자사고,moon_pre_covid_2017_2019,moon_post_covid_2020_2022,0.00368115041851137,0.0006441436110045046,-0.0030370068075068653,-82.50156777714638,0.0030370068075068653,18.0
covid_period_shift,문재인 후기에서 추가 강화된 코로나 이후 변화,혁신,moon_pre_covid_2017_2019,moon_post_covid_2020_2022,0.012919192467159606,0.010141055823149217,-0.002778136644010389,-21.50394965530834,0.002778136644010389,19.0
covid_period_shift,문재인 후기에서 추가 강화된 코로나 이후 변화,주자,moon_pre_covid_2017_2019,moon_post_covid_2020_2022,0.0011268127964877198,0.0038843938715346013,0.0027575810750468813,244.72397576973503,0.0027575810750468813,20.0
covid_period_shift,문재인 후기에서 추가 강화된 코로나 이후 변화,소상공인,moon_pre_covid_2017_2019,moon_post_covid_2020_2022,0.002249523985487339,0.00500223554132938,0.0027527115558420405,122.36862436679867,0.0027527115558420405,21.0
covid_period_shift,문재인 후기에서 추가 강화된 코로나 이후 변화,청년,moon_pre_covid_2017_2019,moon_post_covid_2020_2022,0.0119655941687374,0.014710187734488955,0.002744593565751555,22.93737801105085,0.002744593565751555,22.0
covid_period_shift,문재인 후기에서 추가 강화된 코로나 이후 변화,김성태,moon_pre_covid_2017_2019,moon_post_covid_2020_2022,0.002982419476328614,0.0002521273714227094,-0.0027302921049059048,-91.54621362206632,0.0027302921049059048,23.0
covid_period_shift,문재인 후기에서 추가 강화된 코로나 이후 변화,월성,moon_pre_covid_2017_2019,moon_post_covid_2020_2022,0.00035814683524793575,0.0029107799243992846,0.002552633089151349,712.7336717590223,0.002552633089151349,24.0
covid_period_shift,문재인 후기에서 추가 강화된 코로나 이후 변화,규제,moon_pre_covid_2017_2019,moon_post_covid_2020_2022,0.00987148417965622,0.00735565963419092,-0.0025158245454653004,-25.48577802160764,0.0025158245454653004,25.0
covid_period_shift,문재인 후기에서 추가 강화된 코로나 이후 변화,성장,moon_pre_covid_2017_2019,moon_post_covid_2020_2022,0.011305422820357897,0.008837159572743678,-0.002468263247614219,-21.832560239760067,0.002468263247614219,26.0
covid_period_shift,문재인 후기에서 추가 강화된 코로나 이후 변화,폐기,moon_pre_covid_2017_2019,moon_post_covid_2020_2022,0.0036491674458259396,0.0012135737840145147,-0.002435593661811425,-66.74381754110385,0.002435593661811425,27.0
covid_period_shift,문재인 후기에서 추가 강화된 코로나 이후 변화,성과,moon_pre_covid_2017_2019,moon_post_covid_2020_2022,0.010338390318943833,0.007920796516164735,-0.0024175938027790975,-23.384624957999055,0.0024175938027790975,28.0
covid_period_shift,문재인 후기에서 추가 강화된 코로나 이후 변화,유행,moon_pre_covid_2017_2019,moon_post_covid_2020_2022,0.0009082980101769569,0.0032912728578023374,0.0023829748476253804,262.3560572549447,0.0023829748476253804,29.0
covid_period_shift,문재인 후기에서 추가 강화된 코로나 이후 변화,근로,moon_pre_covid_2017_2019,moon_post_covid_2020_2022,0.003816373665229366,0.001475589388713974,-0.002340784276515392,-61.33530104355517,0.002340784276515392,30.0
covid_period_shift,문재인 후기에서 추가 강화된 코로나 이후 변화,화상,moon_pre_covid_2017_2019,moon_post_covid_2020_2022,0.00045662915057032624,0.002789185821547453,0.0023325566709771267,510.8207980291626,0.0023325566709771267,31.0
covid_period_shift,문재인 후기에서 추가 강화된 코로나 이후 변화,비대면,moon_pre_covid_2017_2019,moon_post_covid_2020_2022,9.104673597851954e-05,0.0024074018190648984,0.002316355083086379,2544.1385220364973,0.002316355083086379,32.0
covid_period_shift,문재인 후기에서 추가 강화된 코로나 이후 변화,진전,moon_pre_covid_2017_2019,moon_post_covid_2020_2022,0.003837834915909514,0.0015344427654814304,-0.0023033921504280836,-60.01801017754854,0.0023033921504280836,33.0
covid_period_shift,문재인 후기에서 추가 강화된 코로나 이후 변화,감염자,moon_pre_covid_2017_2019,moon_post_covid_2020_2022,8.220274207850139e-05,0.0023653464864512434,0.002283143744372742,2777.4544822268845,0.002283143744372742,34.0
covid_period_shift,문재인 후기에서 추가 강화된 코로나 이후 변화,혁신성장,moon_pre_covid_2017_2019,moon_post_covid_2020_2022,0.002691983811717961,0.0004158215301696477,-0.0022761622815483133,-84.55334209813542,0.0022761622815483133,35.0
covid_period_shift,문재인 후기에서 추가 강화된 코로나 이후 변화,예산안,moon_pre_covid_2017_2019,moon_post_covid_2020_2022,0.0036884675421549403,0.001421246764414105,-0.002267220777740835,-61.467825101593284,0.002267220777740835,36.0
covid_period_shift,문재인 후기에서 추가 강화된 코로나 이후 변화,관세,moon_pre_covid_2017_2019,moon_post_covid_2020_2022,0.0028509764768654966,0.0006620816815012844,-0.0021888947953642122,-76.77702054458165,0.0021888947953642122,37.0
covid_period_shift,문재인 후기에서 추가 강화된 코로나 이후 변화,주호영,moon_pre_covid_2017_2019,moon_post_covid_2020_2022,0.0005282466745497014,0.0026824621032802325,0.0021542154287305312,407.80482538141314,0.0021542154287305312,38.0
covid_period_shift,문재인 후기에서 추가 강화된 코로나 이후 변화,중립,moon_pre_covid_2017_2019,moon_post_covid_2020_2022,0.0011325719865459018,0.0032866765830026484,0.0021541045964567464,190.19582172664335,0.0021541045964567464,39.0
covid_period_shift,문재인 후기에서 추가 강화된 코로나 이후 변화,기후,moon_pre_covid_2017_2019,moon_post_covid_2020_2022,0.0012410651412963006,0.0033763818266516503,0.0021353166853553497,172.05516570427542,0.0021353166853553497,40.0
covid_period_shift,문재인 후기에서 추가 강화된 코로나 이후 변화,김영철,moon_pre_covid_2017_2019,moon_post_covid_2020_2022,0.0022870219336582325,0.0002082271572089232,-0.0020787947764493095,-90.89527065112792,0.0020787947764493095,41.0
covid_period_shift,문재인 후기에서 추가 강화된 코로나 이후 변화,블랙리스트,moon_pre_covid_2017_2019,moon_post_covid_2020_2022,0.002748361805513576,0.0006878107703891563,-0.0020605510351244197,-74.97379096852106,0.0020605510351244197,42.0
covid_period_shift,문재인 후기에서 추가 강화된 코로나 이후 변화,고위급,moon_pre_covid_2017_2019,moon_post_covid_2020_2022,0.0027934864535170715,0.0007530412651738746,-0.002040445188343197,-73.04295983874287,0.002040445188343197,43.0
covid_period_shift,문재인 후기에서 추가 강화된 코로나 이후 변화,후보가,moon_pre_covid_2017_2019,moon_post_covid_2020_2022,0.00032716172267767944,0.0023549533372939136,0.0020277916146162344,619.8132220418768,0.0020277916146162344,44.0
covid_period_shift,문재인 후기에서 추가 강화된 코로나 이후 변화,단일,moon_pre_covid_2017_2019,moon_post_covid_2020_2022,0.0012686609663627392,0.003285408054225054,0.002016747087862315,158.96659086503973,0.002016747087862315,45.0
covid_period_shift,문재인 후기에서 추가 강화된 코로나 이후 변화,대선후보,moon_pre_covid_2017_2019,moon_post_covid_2020_2022,0.00018282560504436426,0.0021720179914837684,0.0019891923864394042,1088.0272410184061,0.0019891923864394042,46.0
covid_period_shift,문재인 후기에서 추가 강화된 코로나 이후 변화,후보들,moon_pre_covid_2017_2019,moon_post_covid_2020_2022,0.0007815981357068638,0.002753117345205228,0.001971519209498364,252.24205629858062,0.001971519209498364,47.0
covid_period_shift,문재인 후기에서 추가 강화된 코로나 이후 변화,원희룡,moon_pre_covid_2017_2019,moon_post_covid_2020_2022,0.0005336042875739462,0.0025049626653536653,0.0019713583777797193,369.4420048127013,0.0019713583777797193,48.0
covid_period_shift,문재인 후기에서 추가 강화된 코로나 이후 변화,재택근무,moon_pre_covid_2017_2019,moon_post_covid_2020_2022,8.509909761238757e-05,0.0020456425429935953,0.0019605434453812075,2303.835763701234,0.0019605434453812075,49.0
covid_period_shift,문재인 후기에서 추가 강화된 코로나 이후 변화,정권교체,moon_pre_covid_2017_2019,moon_post_covid_2020_2022,0.00035345226485138624,0.002312725552807907,0.0019592732879565207,554.3247229665718,0.0019592732879565207,50.0
covid_period_shift,문재인 후기에서 추가 강화된 코로나 이후 변화,보건,moon_pre_covid_2017_2019,moon_post_covid_2020_2022,0.001935384229786346,0.003884846528233971,0.0019494622984476248,100.72740432853651,0.0019494622984476248,51.0
covid_period_shift,문재인 후기에서 추가 강화된 코로나 이후 변화,개선,moon_pre_covid_2017_2019,moon_post_covid_2020_2022,0.010020555984058077,0.008087963166987532,-0.0019325928170705452,-19.286283317464118,0.0019325928170705452,52.0
covid_period_shift,문재인 후기에서 추가 강화된 코로나 이후 변화,공급망,moon_pre_covid_2017_2019,moon_post_covid_2020_2022,0.00026867131074200906,0.002193870790643817,0.001925199479901808,716.5631025452047,0.001925199479901808,53.0
covid_period_shift,문재인 후기에서 추가 강화된 코로나 이후 변화,등교,moon_pre_covid_2017_2019,moon_post_covid_2020_2022,0.00016589303998930185,0.002087679636652409,0.0019217865966631071,1158.4492012365556,0.0019217865966631071,54.0
covid_period_shift,문재인 후기에서 추가 강화된 코로나 이후 변화,먼지,moon_pre_covid_2017_2019,moon_post_covid_2020_2022,0.0028997121003490525,0.000984631336539668,-0.0019150807638093844,-66.04382426720422,0.0019150807638093844,55.0
covid_period_shift,문재인 후기에서 추가 강화된 코로나 이후 변화,기본소득,moon_pre_covid_2017_2019,moon_post_covid_2020_2022,0.00037504966789621833,0.0022850740523619505,0.0019100243844657322,509.27238388976883,0.0019100243844657322,56.0
covid_period_shift,문재인 후기에서 추가 강화된 코로나 이후 변화,공직자,moon_pre_covid_2017_2019,moon_post_covid_2020_2022,0.0026256688419206155,0.004495647932152077,0.0018699790902314615,71.21915225469239,0.0018699790902314615,57.0
covid_period_shift,문재인 후기에서 추가 강화된 코로나 이후 변화,연금,moon_pre_covid_2017_2019,moon_post_covid_2020_2022,0.004255359553238115,0.0023995752599604236,-0.0018557842932776917,-43.6105168096908,0.0018557842932776917,58.0
covid_period_shift,문재인 후기에서 추가 강화된 코로나 이후 변화,비판,moon_pre_covid_2017_2019,moon_post_covid_2020_2022,0.009128041034576134,0.010961834144875691,0.001833793110299558,20.089667688316997,0.001833793110299558,59.0
covid_period_shift,문재인 후기에서 추가 강화된 코로나 이후 변화,서울시장,moon_pre_covid_2017_2019,moon_post_covid_2020_2022,0.0010454136861425298,0.0028547450954266216,0.0018093314092840918,173.0732468177589,0.0018093314092840918,60.0
covid_period_shift,문재인 후기에서 추가 강화된 코로나 이후 변화,증상,moon_pre_covid_2017_2019,moon_post_covid_2020_2022,0.001154017156443509,0.002950687275940282,0.001796670119496773,155.68833699438358,0.001796670119496773,61.0
covid_period_shift,문재인 후기에서 추가 강화된 코로나 이후 변화,유권자,moon_pre_covid_2017_2019,moon_post_covid_2020_2022,0.0015185679164391238,0.0033013521242349136,0.0017827842077957898,117.39904343404174,0.0017827842077957898,62.0
covid_period_shift,문재인 후기에서 추가 강화된 코로나 이후 변화,표심,moon_pre_covid_2017_2019,moon_post_covid_2020_2022,0.0004618679090238936,0.0022413913991248475,0.0017795234901009538,385.2884028816331,0.0017795234901009538,63.0
covid_period_shift,문재인 후기에서 추가 강화된 코로나 이후 변화,물량,moon_pre_covid_2017_2019,moon_post_covid_2020_2022,0.0016771504278022922,0.0034350733365269112,0.001757922908724619,104.81605463549084,0.001757922908724619,64.0
covid_period_shift,문재인 후기에서 추가 강화된 코로나 이후 변화,종부세,moon_pre_covid_2017_2019,moon_post_covid_2020_2022,0.0006978155308735146,0.00244193046435297,0.0017441149334794554,249.93925418888279,0.0017441149334794554,65.0
covid_period_shift,문재인 후기에서 추가 강화된 코로나 이후 변화,의미,moon_pre_covid_2017_2019,moon_post_covid_2020_2022,0.008636535080440851,0.0068998687626786155,-0.0017366663177622354,-20.10836871021645,0.0017366663177622354,66.0
covid_period_shift,문재인 후기에서 추가 강화된 코로나 이후 변화,아세안,moon_pre_covid_2017_2019,moon_post_covid_2020_2022,0.00230397023243455,0.0005805341219537228,-0.0017234361104808272,-74.80288096690006,0.0017234361104808272,67.0
covid_period_shift,문재인 후기에서 추가 강화된 코로나 이후 변화,일상,moon_pre_covid_2017_2019,moon_post_covid_2020_2022,0.001989366316479262,0.0037123814202224717,0.0017230151037432098,86.6112535167764,0.0017230151037432098,68.0
covid_period_shift,문재인 후기에서 추가 강화된 코로나 이후 변화,전세,moon_pre_covid_2017_2019,moon_post_covid_2020_2022,0.000977557883190741,0.0026944361222140914,0.0017168782390233504,175.6293175621963,0.0017168782390233504,69.0
covid_period_shift,문재인 후기에서 추가 강화된 코로나 이후 변화,손학규,moon_pre_covid_2017_2019,moon_post_covid_2020_2022,0.002155403338083215,0.0004416046150268601,-0.0017137987230563547,-79.51174115654956,0.0017137987230563547,70.0
covid_period_shift,문재인 후기에서 추가 강화된 코로나 이후 변화,미세,moon_pre_covid_2017_2019,moon_post_covid_2020_2022,0.0028056933618652745,0.001095199048148678,-0.0017104943137165964,-60.965119601645625,0.0017104943137165964,71.0
covid_period_shift,문재인 후기에서 추가 강화된 코로나 이후 변화,당선자,moon_pre_covid_2017_2019,moon_post_covid_2020_2022,0.0006108412365249508,0.0023185077657422557,0.001707666529217305,279.55979837447546,0.001707666529217305,72.0
covid_period_shift,문재인 후기에서 추가 강화된 코로나 이후 변화,보궐,moon_pre_covid_2017_2019,moon_post_covid_2020_2022,0.00035495969446686977,0.0020447357307737607,0.001689776036306891,476.04729850943863,0.001689776036306891,73.0
covid_period_shift,문재인 후기에서 추가 강화된 코로나 이후 변화,착용,moon_pre_covid_2017_2019,moon_post_covid_2020_2022,0.0008798262033315606,0.002563546121312708,0.0016837199179811474,191.36960363371233,0.0016837199179811474,74.0
covid_period_shift,문재인 후기에서 추가 강화된 코로나 이후 변화,청산,moon_pre_covid_2017_2019,moon_post_covid_2020_2022,0.002640270212122156,0.0009580770570120858,-0.00168219315511007,-63.71291648054396,0.00168219315511007,75.0
covid_period_shift,문재인 후기에서 추가 강화된 코로나 이후 변화,의료진,moon_pre_covid_2017_2019,moon_post_covid_2020_2022,0.0010004077947765222,0.002681593246815501,0.001681185452038979,168.05001528547,0.001681185452038979,76.0
covid_period_shift,문재인 후기에서 추가 강화된 코로나 이후 변화,산업,moon_pre_covid_2017_2019,moon_post_covid_2020_2022,0.012223357226628902,0.01055657525915548,-0.0016667819674734217,-13.636040709358422,0.0016667819674734217,77.0
covid_period_shift,문재인 후기에서 추가 강화된 코로나 이후 변화,보궐선거,moon_pre_covid_2017_2019,moon_post_covid_2020_2022,0.0003545576789625537,0.002012456956219831,0.0016578992772572773,467.5964943442601,0.0016578992772572773,78.0
covid_period_shift,문재인 후기에서 추가 강화된 코로나 이후 변화,노조,moon_pre_covid_2017_2019,moon_post_covid_2020_2022,0.005215984099500399,0.00355850139611512,-0.0016574827033852793,-31.776989188752268,0.0016574827033852793,79.0
covid_period_shift,문재인 후기에서 추가 강화된 코로나 이후 변화,사법부,moon_pre_covid_2017_2019,moon_post_covid_2020_2022,0.00273436930225373,0.0010908007983526952,-0.0016435685039010346,-60.10777339207135,0.0016435685039010346,80.0
covid_period_shift,문재인 후기에서 추가 강화된 코로나 이후 변화,검사장,moon_pre_covid_2017_2019,moon_post_covid_2020_2022,0.0011321151892929723,0.0027755413396764027,0.0016434261503834304,145.16421702722508,0.0016434261503834304,81.0
covid_period_shift,문재인 후기에서 추가 강화된 코로나 이후 변화,대표단,moon_pre_covid_2017_2019,moon_post_covid_2020_2022,0.002329460640587133,0.0007116478605249621,-0.0016178127800621708,-69.45010153313457,0.0016178127800621708,82.0
covid_period_shift,문재인 후기에서 추가 강화된 코로나 이후 변화,의료,moon_pre_covid_2017_2019,moon_post_covid_2020_2022,0.0038019832505117256,0.0053971307845769945,0.0015951475340652689,41.95566968504059,0.0015951475340652689,83.0
covid_period_shift,문재인 후기에서 추가 강화된 코로나 이후 변화,선대,moon_pre_covid_2017_2019,moon_post_covid_2020_2022,0.00030503176525866914,0.0018860098080047817,0.0015809780427461124,518.2994765825231,0.0015809780427461124,84.0
covid_period_shift,문재인 후기에서 추가 강화된 코로나 이후 변화,교육,moon_pre_covid_2017_2019,moon_post_covid_2020_2022,0.012424053717602856,0.010843118874856941,-0.0015809348427459156,-12.724790786327564,0.0015809348427459156,85.0
covid_period_shift,문재인 후기에서 추가 강화된 코로나 이후 변화,당원,moon_pre_covid_2017_2019,moon_post_covid_2020_2022,0.0016465634889229765,0.003219341537060308,0.0015727780481373313,95.51882200218658,0.0015727780481373313,86.0
covid_period_shift,문재인 후기에서 추가 강화된 코로나 이후 변화,개편,moon_pre_covid_2017_2019,moon_post_covid_2020_2022,0.005209996007536035,0.003641050206994557,-0.0015689458005414777,-30.11414592779083,0.0015689458005414777,87.0
covid_period_shift,문재인 후기에서 추가 강화된 코로나 이후 변화,공공,moon_pre_covid_2017_2019,moon_post_covid_2020_2022,0.004758283357218728,0.006323972717471661,0.0015656893602529328,32.90450027272223,0.0015656893602529328,88.0
covid_period_shift,문재인 후기에서 추가 강화된 코로나 이후 변화,김상조,moon_pre_covid_2017_2019,moon_post_covid_2020_2022,0.002096262428504508,0.0005421428637431723,-0.0015541195647613359,-74.13764343761379,0.0015541195647613359,89.0
covid_period_shift,문재인 후기에서 추가 강화된 코로나 이후 변화,북측,moon_pre_covid_2017_2019,moon_post_covid_2020_2022,0.00244556874496861,0.0008975776327957879,-0.0015479911121728223,-63.2977958749915,0.0015479911121728223,90.0
covid_period_shift,문재인 후기에서 추가 강화된 코로나 이후 변화,토지,moon_pre_covid_2017_2019,moon_post_covid_2020_2022,0.0012934636384850015,0.0028389440152729066,0.001545480376787905,119.48386725413354,0.001545480376787905,91.0
covid_period_shift,문재인 후기에서 추가 강화된 코로나 이후 변화,임대차,moon_pre_covid_2017_2019,moon_post_covid_2020_2022,0.00047337786823175833,0.002015610525901186,0.0015422326576694277,325.79314775112704,0.0015422326576694277,92.0
covid_period_shift,문재인 후기에서 추가 강화된 코로나 이후 변화,인플레이션,moon_pre_covid_2017_2019,moon_post_covid_2020_2022,0.0003864818748938228,0.001923779176669571,0.001537297301775748,397.7669851136191,0.001537297301775748,93.0
covid_period_shift,문재인 후기에서 추가 강화된 코로나 이후 변화,기무사,moon_pre_covid_2017_2019,moon_post_covid_2020_2022,0.0016152055323292486,8.040788499287215e-05,-0.0015347976473363764,-95.02181713822402,0.0015347976473363764,94.0
covid_period_shift,문재인 후기에서 추가 강화된 코로나 이후 변화,전염병,moon_pre_covid_2017_2019,moon_post_covid_2020_2022,0.00029337512753634695,0.0018075182479391414,0.0015141431204027944,516.1116189766985,0.0015141431204027944,95.0
covid_period_shift,문재인 후기에서 추가 강화된 코로나 이후 변화,한국판,moon_pre_covid_2017_2019,moon_post_covid_2020_2022,0.0003083738339114618,0.0018155197087195952,0.0015071458748081334,488.73986994657105,0.0015071458748081334,96.0
covid_period_shift,문재인 후기에서 추가 강화된 코로나 이후 변화,매입,moon_pre_covid_2017_2019,moon_post_covid_2020_2022,0.001418565536346598,0.0029145770005833097,0.0014960114642367116,105.45945364565739,0.0014960114642367116,97.0
covid_period_shift,문재인 후기에서 추가 강화된 코로나 이후 변화,핵무기,moon_pre_covid_2017_2019,moon_post_covid_2020_2022,0.0026289244546345686,0.001142949071463401,-0.0014859753831711676,-56.52408080998753,0.0014859753831711676,98.0
covid_period_shift,문재인 후기에서 추가 강화된 코로나 이후 변화,직원,moon_pre_covid_2017_2019,moon_post_covid_2020_2022,0.0071109038785724344,0.00858807770877783,0.001477173830205395,20.773362366163052,0.001477173830205395,99.0
covid_period_shift,문재인 후기에서 추가 강화된 코로나 이후 변화,감사원장,moon_pre_covid_2017_2019,moon_post_covid_2020_2022,0.00021356433097705318,0.0016859571202117916,0.0014723927892347384,689.4375959218314,0.0014723927892347384,100.0
cumulative_change,정부교체와 코로나 이후 변화가 누적된 총 변화,코로나,park_2013_2017,moon_post_covid_2020_2022,1.7665242169960464e-05,0.06464793298768212,0.06463026774551216,365861.20429990574,0.06463026774551216,1.0
cumulative_change,정부교체와 코로나 이후 변화가 누적된 총 변화,확진자,park_2013_2017,moon_post_covid_2020_2022,0.0002518606336307646,0.015937512699966346,0.01568565206633558,6227.909395849146,0.01568565206633558,2.0
cumulative_change,정부교체와 코로나 이후 변화가 누적된 총 변화,방역,park_2013_2017,moon_post_covid_2020_2022,0.0004912421796009227,0.013675335810072999,0.013184093630472076,2683.8276878387405,0.013184093630472076,3.0
cumulative_change,정부교체와 코로나 이후 변화가 누적된 총 변화,접종,park_2013_2017,moon_post_covid_2020_2022,0.00023911020330230168,0.011654536739322912,0.011415426536020611,4774.127736233967,0.011415426536020611,4.0
cumulative_change,정부교체와 코로나 이후 변화가 누적된 총 변화,플랫폼,park_2013_2017,moon_post_covid_2020_2022,0.0012044311410532177,0.008149315915759622,0.006944884774706404,576.6111932836137,0.006944884774706404,5.0
cumulative_change,정부교체와 코로나 이후 변화가 누적된 총 변화,주택,park_2013_2017,moon_post_covid_2020_2022,0.005244714154756026,0.011448856962333016,0.00620414280757699,118.29324963212595,0.00620414280757699,6.0
cumulative_change,정부교체와 코로나 이후 변화가 누적된 총 변화,디지털,park_2013_2017,moon_post_covid_2020_2022,0.002162695210632167,0.00801827970336797,0.005855584492735802,270.7540324660073,0.005855584492735802,7.0
cumulative_change,정부교체와 코로나 이후 변화가 누적된 총 변화,연금,park_2013_2017,moon_post_covid_2020_2022,0.008080104815626333,0.0023995752599604236,-0.005680529555665909,-70.3026716272316,0.005680529555665909,8.0
cumulative_change,정부교체와 코로나 이후 변화가 누적된 총 변화,개혁,park_2013_2017,moon_post_covid_2020_2022,0.011079613894300143,0.006045443771475061,-0.005034170122825082,-45.436331724654124,0.005034170122825082,9.0
cumulative_change,정부교체와 코로나 이후 변화가 누적된 총 변화,소상공인,park_2013_2017,moon_post_covid_2020_2022,0.0006135972919134744,0.00500223554132938,0.004388638249415905,715.2310330005112,0.004388638249415905,10.0
cumulative_change,정부교체와 코로나 이후 변화가 누적된 총 변화,정책,park_2013_2017,moon_post_covid_2020_2022,0.013200209283118231,0.017086387943850128,0.003886178660731897,29.440280660564504,0.003886178660731897,11.0
cumulative_change,정부교체와 코로나 이후 변화가 누적된 총 변화,뉴딜,park_2013_2017,moon_post_covid_2020_2022,0.00012721425799848678,0.003709953885156961,0.003582739627158474,2816.3035209473856,0.003582739627158474,12.0
cumulative_change,정부교체와 코로나 이후 변화가 누적된 총 변화,공정,park_2013_2017,moon_post_covid_2020_2022,0.003443413071049119,0.006982175708012078,0.003538762636962959,102.76904234102793,0.003538762636962959,13.0
cumulative_change,정부교체와 코로나 이후 변화가 누적된 총 변화,감염병,park_2013_2017,moon_post_covid_2020_2022,0.0005962037389923432,0.0040998439222387035,0.0035036401832463605,587.6582037489295,0.0035036401832463605,14.0
cumulative_change,정부교체와 코로나 이후 변화가 누적된 총 변화,팬데믹,park_2013_2017,moon_post_covid_2020_2022,2.039093932090927e-06,0.0033957763149397753,0.0033937372210076843,166433.58933090832,0.0033937372210076843,15.0
cumulative_change,정부교체와 코로나 이후 변화가 누적된 총 변화,데이터,park_2013_2017,moon_post_covid_2020_2022,0.001838674100332713,0.0048866210597907755,0.0030479469594580626,165.76874384136528,0.0030479469594580626,16.0
cumulative_change,정부교체와 코로나 이후 변화가 누적된 총 변화,교육,park_2013_2017,moon_post_covid_2020_2022,0.013630383379805608,0.010843118874856941,-0.0027872645049486673,-20.44890761530743,0.0027872645049486673,17.0
cumulative_change,정부교체와 코로나 이후 변화가 누적된 총 변화,인공지능,park_2013_2017,moon_post_covid_2020_2022,0.001118181221771777,0.0038635685267504774,0.0027453873049787005,245.5225728642257,0.0027453873049787005,18.0
cumulative_change,정부교체와 코로나 이후 변화가 누적된 총 변화,청년,park_2013_2017,moon_post_covid_2020_2022,0.011988270755581606,0.014710187734488955,0.002721916978907349,22.704834036552388,0.002721916978907349,19.0
cumulative_change,정부교체와 코로나 이후 변화가 누적된 총 변화,조직,park_2013_2017,moon_post_covid_2020_2022,0.012083745932455092,0.009493858997939149,-0.0025898869345159434,-21.43281519648558,0.0025898869345159434,20.0
cumulative_change,정부교체와 코로나 이후 변화가 누적된 총 변화,공무원,park_2013_2017,moon_post_covid_2020_2022,0.01957114831824494,0.01700565786149884,-0.0025654904567460994,-13.108533107147602,0.0025654904567460994,21.0
cumulative_change,정부교체와 코로나 이후 변화가 누적된 총 변화,산업,park_2013_2017,moon_post_covid_2020_2022,0.008040225264594036,0.01055657525915548,0.0025163499945614447,31.29700862539825,0.0025163499945614447,22.0
cumulative_change,정부교체와 코로나 이후 변화가 누적된 총 변화,월성,park_2013_2017,moon_post_covid_2020_2022,0.000429454836980201,0.0029107799243992846,0.0024813250874190836,577.7848736940596,0.0024813250874190836,23.0
cumulative_change,정부교체와 코로나 이후 변화가 누적된 총 변화,복지,park_2013_2017,moon_post_covid_2020_2022,0.006987376850650853,0.0045781727449074276,-0.002409204105743425,-34.47937841679478,0.002409204105743425,24.0
cumulative_change,정부교체와 코로나 이후 변화가 누적된 총 변화,비대면,park_2013_2017,moon_post_covid_2020_2022,3.155750031950222e-05,0.0024074018190648984,0.002375844318745396,7528.620121021271,0.002375844318745396,25.0
cumulative_change,정부교체와 코로나 이후 변화가 누적된 총 변화,종부세,park_2013_2017,moon_post_covid_2020_2022,6.8401722709749e-05,0.00244193046435297,0.002373528741643221,3469.983865340473,0.002373528741643221,26.0
cumulative_change,정부교체와 코로나 이후 변화가 누적된 총 변화,화상,park_2013_2017,moon_post_covid_2020_2022,0.0005388766290152078,0.002789185821547453,0.002250309192532245,417.5926494798382,0.002250309192532245,27.0
cumulative_change,정부교체와 코로나 이후 변화가 누적된 총 변화,기후,park_2013_2017,moon_post_covid_2020_2022,0.0011263349483403356,0.0033763818266516503,0.0022500468783113146,199.76711915285753,0.0022500468783113146,28.0
cumulative_change,정부교체와 코로나 이후 변화가 누적된 총 변화,판단,park_2013_2017,moon_post_covid_2020_2022,0.006578972068968805,0.008802387213524283,0.002223415144555478,33.79578331154062,0.002223415144555478,29.0
cumulative_change,정부교체와 코로나 이후 변화가 누적된 총 변화,물량,park_2013_2017,moon_post_covid_2020_2022,0.0012523039424106775,0.0034350733365269112,0.0021827693941162338,174.30028926639136,0.0021827693941162338,30.0
cumulative_change,정부교체와 코로나 이후 변화가 누적된 총 변화,가상,park_2013_2017,moon_post_covid_2020_2022,0.0006511868608245224,0.0028033129255269624,0.00215212606470244,330.49285760733136,0.00215212606470244,31.0
cumulative_change,정부교체와 코로나 이후 변화가 누적된 총 변화,모빌리티,park_2013_2017,moon_post_covid_2020_2022,6.483456387411316e-05,0.0022128764032136507,0.0021480418393395374,3313.112190451855,0.0021480418393395374,32.0
cumulative_change,정부교체와 코로나 이후 변화가 누적된 총 변화,임금,park_2013_2017,moon_post_covid_2020_2022,0.005133451155286632,0.0029928172672977612,-0.002140633887988871,-41.699703050341896,0.002140633887988871,33.0
cumulative_change,정부교체와 코로나 이후 변화가 누적된 총 변화,중립,park_2013_2017,moon_post_covid_2020_2022,0.0011470268513650188,0.0032866765830026484,0.0021396497316376294,186.53876577443154,0.0021396497316376294,34.0
cumulative_change,정부교체와 코로나 이후 변화가 누적된 총 변화,공급망,park_2013_2017,moon_post_covid_2020_2022,6.857865527826406e-05,0.002193870790643817,0.002125292135365553,3099.057756005843,0.002125292135365553,35.0
cumulative_change,정부교체와 코로나 이후 변화가 누적된 총 변화,유행,park_2013_2017,moon_post_covid_2020_2022,0.0011827920771939851,0.0032912728578023374,0.0021084807806083525,178.26301183978498,0.0021084807806083525,36.0
cumulative_change,정부교체와 코로나 이후 변화가 누적된 총 변화,활용,park_2013_2017,moon_post_covid_2020_2022,0.0061865416137560905,0.008293497913032672,0.002106956299276582,34.05709410556065,0.002106956299276582,37.0
cumulative_change,정부교체와 코로나 이후 변화가 누적된 총 변화,혁신,park_2013_2017,moon_post_covid_2020_2022,0.012183534377587594,0.010141055823149217,-0.0020424785544383775,-16.764253221919333,0.0020424785544383775,38.0
cumulative_change,정부교체와 코로나 이후 변화가 누적된 총 변화,주호영,park_2013_2017,moon_post_covid_2020_2022,0.0006780758334898801,0.0026824621032802325,0.0020043862697903523,295.59913077484225,0.0020043862697903523,39.0
cumulative_change,정부교체와 코로나 이후 변화가 누적된 총 변화,평가,park_2013_2017,moon_post_covid_2020_2022,0.021891332876131077,0.019889547937060104,-0.0020017849390709733,-9.144189394029967,0.0020017849390709733,40.0
cumulative_change,정부교체와 코로나 이후 변화가 누적된 총 변화,비판,park_2013_2017,moon_post_covid_2020_2022,0.008975654002859433,0.010961834144875691,0.0019861801420162587,22.128528365548718,0.0019861801420162587,41.0
cumulative_change,정부교체와 코로나 이후 변화가 누적된 총 변화,녹취,park_2013_2017,moon_post_covid_2020_2022,0.0024999259078617516,0.0005160368707241693,-0.001983889037137582,-79.35791340449971,0.001983889037137582,42.0
cumulative_change,정부교체와 코로나 이후 변화가 누적된 총 변화,감염자,park_2013_2017,moon_post_covid_2020_2022,0.000386169931972093,0.0023653464864512434,0.0019791765544791506,512.5144115627775,0.0019791765544791506,43.0
cumulative_change,정부교체와 코로나 이후 변화가 누적된 총 변화,누적,park_2013_2017,moon_post_covid_2020_2022,0.0011824316840580319,0.003142606545864576,0.001960174861806544,165.77489323352245,0.001960174861806544,44.0
cumulative_change,정부교체와 코로나 이후 변화가 누적된 총 변화,일상,park_2013_2017,moon_post_covid_2020_2022,0.0018015625955124144,0.0037123814202224717,0.0019108188247100573,106.06452584383099,0.0019108188247100573,45.0
cumulative_change,정부교체와 코로나 이후 변화가 누적된 총 변화,재택근무,park_2013_2017,moon_post_covid_2020_2022,0.00013663097743848226,0.0020456425429935953,0.0019090115655551131,1397.2025973499608,0.0019090115655551131,46.0
cumulative_change,정부교체와 코로나 이후 변화가 누적된 총 변화,기본소득,park_2013_2017,moon_post_covid_2020_2022,0.00039038137524486185,0.0022850740523619505,0.0018946926771170886,485.3440243988756,0.0018946926771170886,47.0
cumulative_change,정부교체와 코로나 이후 변화가 누적된 총 변화,공공,park_2013_2017,moon_post_covid_2020_2022,0.004444149679529592,0.006323972717471661,0.0018798230379420688,42.298823700759016,0.0018798230379420688,48.0
cumulative_change,정부교체와 코로나 이후 변화가 누적된 총 변화,원희룡,park_2013_2017,moon_post_covid_2020_2022,0.0006269314118298131,0.0025049626653536653,0.0018780312535238521,299.5592848095578,0.0018780312535238521,49.0
cumulative_change,정부교체와 코로나 이후 변화가 누적된 총 변화,취업,park_2013_2017,moon_post_covid_2020_2022,0.00606457449186242,0.004213728517171692,-0.0018508459746907286,-30.518975027419227,0.0018508459746907286,50.0
cumulative_change,정부교체와 코로나 이후 변화가 누적된 총 변화,착용,park_2013_2017,moon_post_covid_2020_2022,0.000712762483404535,0.002563546121312708,0.001850783637908173,259.6634476421711,0.001850783637908173,51.0
cumulative_change,정부교체와 코로나 이후 변화가 누적된 총 변화,후보가,park_2013_2017,moon_post_covid_2020_2022,0.0005323093669206724,0.0023549533372939136,0.0018226439703732413,342.4031369045703,0.0018226439703732413,52.0
cumulative_change,정부교체와 코로나 이후 변화가 누적된 총 변화,노동,park_2013_2017,moon_post_covid_2020_2022,0.005526974542511141,0.0037043715909327295,-0.0018226029515784111,-32.976503466041386,0.0018226029515784111,53.0
cumulative_change,정부교체와 코로나 이후 변화가 누적된 총 변화,구조조정,park_2013_2017,moon_post_covid_2020_2022,0.0024301066942865714,0.0006129046947296508,-0.0018172019995569206,-74.77869197386879,0.0018172019995569206,54.0
cumulative_change,정부교체와 코로나 이후 변화가 누적된 총 변화,서울시장,park_2013_2017,moon_post_covid_2020_2022,0.0010672852937698989,0.0028547450954266216,0.0017874598016567227,167.47722582618943,0.0017874598016567227,55.0
cumulative_change,정부교체와 코로나 이후 변화가 누적된 총 변화,등교,park_2013_2017,moon_post_covid_2020_2022,0.00030116238941876536,0.002087679636652409,0.0017865172472336438,593.2072894897567,0.0017865172472336438,56.0
cumulative_change,정부교체와 코로나 이후 변화가 누적된 총 변화,신속,park_2013_2017,moon_post_covid_2020_2022,0.0015333098905718483,0.0033172306315232213,0.001783920740951373,116.34443578043178,0.001783920740951373,57.0
cumulative_change,정부교체와 코로나 이후 변화가 누적된 총 변화,화폐,park_2013_2017,moon_post_covid_2020_2022,0.00046718596007943355,0.0022390677700442154,0.0017718818099647818,379.26692181920805,0.0017718818099647818,58.0
cumulative_change,정부교체와 코로나 이후 변화가 누적된 총 변화,수소,park_2013_2017,moon_post_covid_2020_2022,0.00027588720388504307,0.0020450731906789645,0.0017691859867939215,641.271491348728,0.0017691859867939215,59.0
cumulative_change,정부교체와 코로나 이후 변화가 누적된 총 변화,절차,park_2013_2017,moon_post_covid_2020_2022,0.004107258645767372,0.005869482282322686,0.001762223636555314,42.90510504789679,0.001762223636555314,60.0
cumulative_change,정부교체와 코로나 이후 변화가 누적된 총 변화,바이오,park_2013_2017,moon_post_covid_2020_2022,0.0010938635474689324,0.0028393049746289474,0.001745441427160015,159.5666508129606,0.001745441427160015,61.0
cumulative_change,정부교체와 코로나 이후 변화가 누적된 총 변화,코스닥,park_2013_2017,moon_post_covid_2020_2022,0.0008815159932309232,0.0026155154143375314,0.0017339994211066083,196.70651859090745,0.0017339994211066083,62.0
cumulative_change,정부교체와 코로나 이후 변화가 누적된 총 변화,검사장,park_2013_2017,moon_post_covid_2020_2022,0.0010680119436798112,0.0027755413396764027,0.0017075293959965916,159.8792416228359,0.0017075293959965916,63.0
cumulative_change,정부교체와 코로나 이후 변화가 누적된 총 변화,대선후보,park_2013_2017,moon_post_covid_2020_2022,0.00048379146472866594,0.0021720179914837684,0.0016882265267551023,348.9574847505718,0.0016882265267551023,64.0
cumulative_change,정부교체와 코로나 이후 변화가 누적된 총 변화,성범죄,park_2013_2017,moon_post_covid_2020_2022,0.000826991523087914,0.0025141143433049895,0.0016871228202170753,204.00726889164548,0.0016871228202170753,65.0
cumulative_change,정부교체와 코로나 이후 변화가 누적된 총 변화,임대차,park_2013_2017,moon_post_covid_2020_2022,0.00034820210544874027,0.002015610525901186,0.0016674084204524459,478.8622453340993,0.0016674084204524459,66.0
cumulative_change,정부교체와 코로나 이후 변화가 누적된 총 변화,노조,park_2013_2017,moon_post_covid_2020_2022,0.00522519210994916,0.00355850139611512,-0.0016666907138340402,-31.897214088273145,0.0016666907138340402,67.0
cumulative_change,정부교체와 코로나 이후 변화가 누적된 총 변화,성과,park_2013_2017,moon_post_covid_2020_2022,0.009567104304686715,0.007920796516164735,-0.00164630778852198,-17.20800501480359,0.00164630778852198,68.0
cumulative_change,정부교체와 코로나 이후 변화가 누적된 총 변화,매입,park_2013_2017,moon_post_covid_2020_2022,0.001311057747655762,0.0029145770005833097,0.0016035192529275477,122.30729392314883,0.0016035192529275477,69.0
cumulative_change,정부교체와 코로나 이후 변화가 누적된 총 변화,수사권,park_2013_2017,moon_post_covid_2020_2022,0.0005077072619220846,0.002100370934667599,0.001592663672745514,313.6972409486497,0.001592663672745514,70.0
cumulative_change,정부교체와 코로나 이후 변화가 누적된 총 변화,주자,park_2013_2017,moon_post_covid_2020_2022,0.0022976297299573648,0.0038843938715346013,0.0015867641415772365,69.06091616453278,0.0015867641415772365,71.0
cumulative_change,정부교체와 코로나 이후 변화가 누적된 총 변화,다주택자,park_2013_2017,moon_post_covid_2020_2022,0.00021605364215927637,0.0018018970617514815,0.0015858434195922051,734.004483212141,0.0015858434195922051,72.0
cumulative_change,정부교체와 코로나 이후 변화가 누적된 총 변화,공직자,park_2013_2017,moon_post_covid_2020_2022,0.0029275604216850316,0.004495647932152077,0.0015680875104670455,53.56294267581651,0.0015680875104670455,73.0
cumulative_change,정부교체와 코로나 이후 변화가 누적된 총 변화,의료진,park_2013_2017,moon_post_covid_2020_2022,0.0011205246108201199,0.002681593246815501,0.0015610686359953812,139.31587230849166,0.0015610686359953812,74.0
cumulative_change,정부교체와 코로나 이후 변화가 누적된 총 변화,토지,park_2013_2017,moon_post_covid_2020_2022,0.0012785774879870493,0.0028389440152729066,0.0015603665272858572,122.03926175350132,0.0015603665272858572,75.0
cumulative_change,정부교체와 코로나 이후 변화가 누적된 총 변화,여성,park_2013_2017,moon_post_covid_2020_2022,0.010659065352401624,0.01221454774516937,0.0015554823927677458,14.593046776069121,0.0015554823927677458,76.0
cumulative_change,정부교체와 코로나 이후 변화가 누적된 총 변화,표심,park_2013_2017,moon_post_covid_2020_2022,0.000700168103179293,0.0022413913991248475,0.0015412232959455545,220.1218948631385,0.0015412232959455545,77.0
cumulative_change,정부교체와 코로나 이후 변화가 누적된 총 변화,추진,park_2013_2017,moon_post_covid_2020_2022,0.010624647497834169,0.01216130165105853,0.0015366541532243604,14.463107162262153,0.0015366541532243604,78.0
cumulative_change,정부교체와 코로나 이후 변화가 누적된 총 변화,일본군,park_2013_2017,moon_post_covid_2020_2022,0.002557746579121946,0.0010228643959701834,-0.0015348821831517629,-60.009157892361465,0.0015348821831517629,79.0
cumulative_change,정부교체와 코로나 이후 변화가 누적된 총 변화,단일,park_2013_2017,moon_post_covid_2020_2022,0.0017543022337543246,0.003285408054225054,0.0015311058204707296,87.27719722468007,0.0015311058204707296,80.0
cumulative_change,정부교체와 코로나 이후 변화가 누적된 총 변화,협업,park_2013_2017,moon_post_covid_2020_2022,0.001061935312301552,0.0025809406247615154,0.0015190053124599634,143.0412281109473,0.0015190053124599634,81.0
cumulative_change,정부교체와 코로나 이후 변화가 누적된 총 변화,선대,park_2013_2017,moon_post_covid_2020_2022,0.00037682724772504056,0.0018860098080047817,0.0015091825602797412,400.4971958346669,0.0015091825602797412,82.0
cumulative_change,정부교체와 코로나 이후 변화가 누적된 총 변화,인플레이션,park_2013_2017,moon_post_covid_2020_2022,0.0004234055241634197,0.001923779176669571,0.0015003736525061513,354.3585444404971,0.0015003736525061513,83.0
cumulative_change,정부교체와 코로나 이후 변화가 누적된 총 변화,보궐,park_2013_2017,moon_post_covid_2020_2022,0.0005492042726759986,0.0020447357307737607,0.001495531458097762,272.30878063107247,0.001495531458097762,84.0
cumulative_change,정부교체와 코로나 이후 변화가 누적된 총 변화,규제,park_2013_2017,moon_post_covid_2020_2022,0.005870937508019646,0.00735565963419092,0.001484722126171274,25.28935326160698,0.001484722126171274,85.0
cumulative_change,정부교체와 코로나 이후 변화가 누적된 총 변화,후보들,park_2013_2017,moon_post_covid_2020_2022,0.0012709139100749133,0.002753117345205228,0.0014822034351303147,116.62500688523795,0.0014822034351303147,86.0
cumulative_change,정부교체와 코로나 이후 변화가 누적된 총 변화,대검찰청,park_2013_2017,moon_post_covid_2020_2022,0.0009368763142377302,0.0024092037566417874,0.0014723274424040572,157.1528087570434,0.0014723274424040572,87.0
cumulative_change,정부교체와 코로나 이후 변화가 누적된 총 변화,공기업,park_2013_2017,moon_post_covid_2020_2022,0.0028173023225812866,0.001346522656455005,-0.0014707796661262815,-52.20524806080146,0.0014707796661262815,88.0
cumulative_change,정부교체와 코로나 이후 변화가 누적된 총 변화,매수,park_2013_2017,moon_post_covid_2020_2022,0.0006969348791031461,0.002152236867508464,0.0014553019884053179,208.81462989455773,0.0014553019884053179,89.0
cumulative_change,정부교체와 코로나 이후 변화가 누적된 총 변화,공단,park_2013_2017,moon_post_covid_2020_2022,0.0027292866108374544,0.0012746995129456927,-0.0014545870978917618,-53.295505577020954,0.0014545870978917618,90.0
cumulative_change,정부교체와 코로나 이후 변화가 누적된 총 변화,클라우드,park_2013_2017,moon_post_covid_2020_2022,0.00047736351492633206,0.0019292159565085538,0.0014518524415822217,304.1398004215457,0.0014518524415822217,91.0
cumulative_change,정부교체와 코로나 이후 변화가 누적된 총 변화,아시안,park_2013_2017,moon_post_covid_2020_2022,0.0019825536615955862,0.0005464839503486402,-0.001436069711246946,-72.43535138873253,0.001436069711246946,92.0
cumulative_change,정부교체와 코로나 이후 변화가 누적된 총 변화,음성,park_2013_2017,moon_post_covid_2020_2022,0.0007778361893964099,0.002196811770274349,0.0014189755808779391,182.42601722851757,0.0014189755808779391,93.0
cumulative_change,정부교체와 코로나 이후 변화가 누적된 총 변화,정국,park_2013_2017,moon_post_covid_2020_2022,0.0024780950431082713,0.0010628981901930957,-0.0014151968529151756,-57.10825566803508,0.0014151968529151756,94.0
cumulative_change,정부교체와 코로나 이후 변화가 누적된 총 변화,타결,park_2013_2017,moon_post_covid_2020_2022,0.0019051779570538653,0.0005129580233593442,-0.001392219933694521,-73.07558480507649,0.001392219933694521,95.0
cumulative_change,정부교체와 코로나 이후 변화가 누적된 총 변화,여파,park_2013_2017,moon_post_covid_2020_2022,0.000908698454360383,0.0022992333902479164,0.0013905349358875334,153.02490382976458,0.0013905349358875334,96.0
cumulative_change,정부교체와 코로나 이후 변화가 누적된 총 변화,공매도,park_2013_2017,moon_post_covid_2020_2022,0.00022723298847578496,0.0016111072380226058,0.001383874249546821,609.0111558314928,0.001383874249546821,97.0
cumulative_change,정부교체와 코로나 이후 변화가 누적된 총 변화,전염병,park_2013_2017,moon_post_covid_2020_2022,0.0004254167314999288,0.0018075182479391414,0.0013821015164392125,324.8817956844849,0.0013821015164392125,98.0
cumulative_change,정부교체와 코로나 이후 변화가 누적된 총 변화,대학생,park_2013_2017,moon_post_covid_2020_2022,0.00291549484790576,0.001546354186460177,-0.0013691406614455832,-46.96083282153819,0.0013691406614455832,99.0
cumulative_change,정부교체와 코로나 이후 변화가 누적된 총 변화,한국판,park_2013_2017,moon_post_covid_2020_2022,0.00045234961199587016,0.0018155197087195952,0.001363170096723725,301.35321454330557,0.001363170096723725,100.0
government_change_pre_covid,문재인 전기에서 이미 나타난 정부교체 관련 변화,공무원,park_2013_2017,moon_pre_covid_2017_2019,0.01957114831824494,0.012222716452829659,-0.007348431865415282,-37.54726981740159,0.007348431865415282,1.0
government_change_pre_covid,문재인 전기에서 이미 나타난 정부교체 관련 변화,일자리,park_2013_2017,moon_pre_covid_2017_2019,0.009542990872389393,0.014879869446903213,0.00533687857451382,55.92459058045355,0.00533687857451382,2.0
government_change_pre_covid,문재인 전기에서 이미 나타난 정부교체 관련 변화,산업,park_2013_2017,moon_pre_covid_2017_2019,0.008040225264594036,0.012223357226628902,0.004183131962034866,52.02754679593022,0.004183131962034866,3.0
government_change_pre_covid,문재인 전기에서 이미 나타난 정부교체 관련 변화,규제,park_2013_2017,moon_pre_covid_2017_2019,0.005870937508019646,0.00987148417965622,0.004000546671636574,68.14153048251434,0.004000546671636574,4.0
government_change_pre_covid,문재인 전기에서 이미 나타난 정부교체 관련 변화,연금,park_2013_2017,moon_pre_covid_2017_2019,0.008080104815626333,0.004255359553238115,-0.003824745262388218,-47.335342172683696,0.003824745262388218,5.0
government_change_pre_covid,문재인 전기에서 이미 나타난 정부교체 관련 변화,정책,park_2013_2017,moon_pre_covid_2017_2019,0.013200209283118231,0.01668439820516649,0.00348418892204826,26.394952135374055,0.00348418892204826,6.0
government_change_pre_covid,문재인 전기에서 이미 나타난 정부교체 관련 변화,인공지능,park_2013_2017,moon_pre_covid_2017_2019,0.001118181221771777,0.004475485222044399,0.003357304000272622,300.2468593554914,0.003357304000272622,7.0
government_change_pre_covid,문재인 전기에서 이미 나타난 정부교체 관련 변화,최저임금,park_2013_2017,moon_pre_covid_2017_2019,0.0010312587755686659,0.004259083526535932,0.0032278247509672665,312.9985244670864,0.0032278247509672665,8.0
government_change_pre_covid,문재인 전기에서 이미 나타난 정부교체 관련 변화,플랫폼,park_2013_2017,moon_pre_covid_2017_2019,0.0012044311410532177,0.004285382200925169,0.0030809510598719513,255.8013451211338,0.0030809510598719513,9.0
government_change_pre_covid,문재인 전기에서 이미 나타난 정부교체 관련 변화,남북정상회담,park_2013_2017,moon_pre_covid_2017_2019,0.0009136189621957395,0.0039500883560642285,0.003036469393868489,332.35621407975293,0.003036469393868489,10.0
government_change_pre_covid,문재인 전기에서 이미 나타난 정부교체 관련 변화,성장,park_2013_2017,moon_pre_covid_2017_2019,0.008599020860669498,0.011305422820357897,0.002706401959688399,31.473373579857615,0.002706401959688399,11.0
government_change_pre_covid,문재인 전기에서 이미 나타난 정부교체 관련 변화,혁신성장,park_2013_2017,moon_pre_covid_2017_2019,2.1930583023857205e-05,0.002691983811717961,0.0026700532286941035,12175.021638911669,0.0026700532286941035,12.0
government_change_pre_covid,문재인 전기에서 이미 나타난 정부교체 관련 변화,방북,park_2013_2017,moon_pre_covid_2017_2019,0.0007463597389928105,0.003382592212180274,0.0026362324731874637,353.2120417889875,0.0026362324731874637,13.0
government_change_pre_covid,문재인 전기에서 이미 나타난 정부교체 관련 변화,임금,park_2013_2017,moon_pre_covid_2017_2019,0.005133451155286632,0.007698014410702979,0.0025645632554163467,49.957877806536786,0.0025645632554163467,14.0
government_change_pre_covid,문재인 전기에서 이미 나타난 정부교체 관련 변화,김성태,park_2013_2017,moon_pre_covid_2017_2019,0.0004481488618830726,0.002982419476328614,0.0025342706144455417,565.497500941275,0.0025342706144455417,15.0
government_change_pre_covid,문재인 전기에서 이미 나타난 정부교체 관련 변화,조직,park_2013_2017,moon_pre_covid_2017_2019,0.012083745932455092,0.009603084590161013,-0.002480661342294079,-20.52891012572022,0.002480661342294079,16.0
government_change_pre_covid,문재인 전기에서 이미 나타난 정부교체 관련 변화,진전,park_2013_2017,moon_pre_covid_2017_2019,0.0014693480068298868,0.003837834915909514,0.002368486909079627,161.19305284182673,0.002368486909079627,17.0
government_change_pre_covid,문재인 전기에서 이미 나타난 정부교체 관련 변화,데이터,park_2013_2017,moon_pre_covid_2017_2019,0.001838674100332713,0.004183868233125864,0.0023451941327931516,127.54811373961172,0.0023451941327931516,18.0
government_change_pre_covid,문재인 전기에서 이미 나타난 정부교체 관련 변화,폐기,park_2013_2017,moon_pre_covid_2017_2019,0.001338701550816301,0.0036491674458259396,0.0023104658950096387,172.59006636697958,0.0023104658950096387,19.0
government_change_pre_covid,문재인 전기에서 이미 나타난 정부교체 관련 변화,복지,park_2013_2017,moon_pre_covid_2017_2019,0.006987376850650853,0.00472099335390797,-0.0022663834967428824,-32.43539807834718,0.0022663834967428824,20.0
government_change_pre_covid,문재인 전기에서 이미 나타난 정부교체 관련 변화,주택,park_2013_2017,moon_pre_covid_2017_2019,0.005244714154756026,0.007488981347624385,0.0022442671928683587,42.79102972338743,0.0022442671928683587,21.0
government_change_pre_covid,문재인 전기에서 이미 나타난 정부교체 관련 변화,근로,park_2013_2017,moon_pre_covid_2017_2019,0.0016138085723065945,0.003816373665229366,0.0022025650929227716,136.4824261513666,0.0022025650929227716,22.0
government_change_pre_covid,문재인 전기에서 이미 나타난 정부교체 관련 변화,공정,park_2013_2017,moon_pre_covid_2017_2019,0.003443413071049119,0.005541615649720087,0.0020982025786709683,60.93380420466663,0.0020982025786709683,23.0
government_change_pre_covid,문재인 전기에서 이미 나타난 정부교체 관련 변화,관세,park_2013_2017,moon_pre_covid_2017_2019,0.0007887032407497682,0.0028509764768654966,0.0020622732361157284,261.47645014812684,0.0020622732361157284,24.0
government_change_pre_covid,문재인 전기에서 이미 나타난 정부교체 관련 변화,자사고,park_2013_2017,moon_pre_covid_2017_2019,0.0016248059220572075,0.00368115041851137,0.0020563444964541624,126.55939201960645,0.0020563444964541624,25.0
government_change_pre_covid,문재인 전기에서 이미 나타난 정부교체 관련 변화,먼지,park_2013_2017,moon_pre_covid_2017_2019,0.0008818725317735442,0.0028997121003490525,0.0020178395685755083,228.81306491284036,0.0020178395685755083,26.0
government_change_pre_covid,문재인 전기에서 이미 나타난 정부교체 관련 변화,블랙리스트,park_2013_2017,moon_pre_covid_2017_2019,0.0007426673953477464,0.002748361805513576,0.0020056944101658294,270.06630730391544,0.0020056944101658294,27.0
government_change_pre_covid,문재인 전기에서 이미 나타난 정부교체 관련 변화,미세,park_2013_2017,moon_pre_covid_2017_2019,0.0008067500562268478,0.0028056933618652745,0.0019989433056384264,247.77727503205145,0.0019989433056384264,28.0
government_change_pre_covid,문재인 전기에서 이미 나타난 정부교체 관련 변화,김영철,park_2013_2017,moon_pre_covid_2017_2019,0.00032695145226610165,0.0022870219336582325,0.001960070481392131,599.498937168462,0.001960070481392131,29.0
government_change_pre_covid,문재인 전기에서 이미 나타난 정부교체 관련 변화,보복,park_2013_2017,moon_pre_covid_2017_2019,0.0008212370578749667,0.002713695822509112,0.0018924587646341451,230.44001077241597,0.0018924587646341451,30.0
government_change_pre_covid,문재인 전기에서 이미 나타난 정부교체 관련 변화,갑질,park_2013_2017,moon_pre_covid_2017_2019,0.0007570013628633246,0.0025984199929198004,0.0018414186300564758,243.2516928491899,0.0018414186300564758,31.0
government_change_pre_covid,문재인 전기에서 이미 나타난 정부교체 관련 변화,디지털,park_2013_2017,moon_pre_covid_2017_2019,0.002162695210632167,0.003998175384824209,0.0018354801741920414,84.87003462940675,0.0018354801741920414,32.0
government_change_pre_covid,문재인 전기에서 이미 나타난 정부교체 관련 변화,김상조,park_2013_2017,moon_pre_covid_2017_2019,0.0003191243822164653,0.002096262428504508,0.0017771380462880428,556.8794317579257,0.0017771380462880428,33.0
government_change_pre_covid,문재인 전기에서 이미 나타난 정부교체 관련 변화,사법부,park_2013_2017,moon_pre_covid_2017_2019,0.0009979473883399489,0.00273436930225373,0.001736421913913781,173.9993444746881,0.001736421913913781,34.0
government_change_pre_covid,문재인 전기에서 이미 나타난 정부교체 관련 변화,소상공인,park_2013_2017,moon_pre_covid_2017_2019,0.0006135972919134744,0.002249523985487339,0.0016359266935738648,266.6124370386812,0.0016359266935738648,35.0
government_change_pre_covid,문재인 전기에서 이미 나타난 정부교체 관련 변화,협치,park_2013_2017,moon_pre_covid_2017_2019,0.0006960865106687766,0.002303163114747072,0.0016070766040782954,230.87311410966288,0.0016070766040782954,36.0
government_change_pre_covid,문재인 전기에서 이미 나타난 정부교체 관련 변화,화성,park_2013_2017,moon_pre_covid_2017_2019,0.000954726408290821,0.0025326729450477936,0.0015779465367569726,165.27735307771138,0.0015779465367569726,37.0
government_change_pre_covid,문재인 전기에서 이미 나타난 정부교체 관련 변화,마이크,park_2013_2017,moon_pre_covid_2017_2019,0.0006890567249553985,0.0022274122558160643,0.0015383555308606657,223.25528148067067,0.0015383555308606657,38.0
government_change_pre_covid,문재인 전기에서 이미 나타난 정부교체 관련 변화,고용,park_2013_2017,moon_pre_covid_2017_2019,0.005256015374552852,0.006788770827282568,0.0015327554527297168,29.16192863800582,0.0015327554527297168,39.0
government_change_pre_covid,문재인 전기에서 이미 나타난 정부교체 관련 변화,예산안,park_2013_2017,moon_pre_covid_2017_2019,0.0021703591640467143,0.0036884675421549403,0.001518108378108226,69.94733421346065,0.001518108378108226,40.0
government_change_pre_covid,문재인 전기에서 이미 나타난 정부교체 관련 변화,북측,park_2013_2017,moon_pre_covid_2017_2019,0.0009310029086652694,0.00244556874496861,0.0015145658363033406,162.68110681573435,0.0015145658363033406,41.0
government_change_pre_covid,문재인 전기에서 이미 나타난 정부교체 관련 변화,아세안,park_2013_2017,moon_pre_covid_2017_2019,0.0007955884779492371,0.00230397023243455,0.001508381754485313,189.59321260828466,0.001508381754485313,42.0
government_change_pre_covid,문재인 전기에서 이미 나타난 정부교체 관련 변화,댓글,park_2013_2017,moon_pre_covid_2017_2019,0.0019293016297725729,0.003394318773295431,0.0014650171435228582,75.93510112234524,0.0014650171435228582,43.0
government_change_pre_covid,문재인 전기에서 이미 나타난 정부교체 관련 변화,책임,park_2013_2017,moon_pre_covid_2017_2019,0.008165236949701903,0.006723958051638933,-0.0014412788980629702,-17.651403222481967,0.0014412788980629702,44.0
government_change_pre_covid,문재인 전기에서 이미 나타난 정부교체 관련 변화,기무사,park_2013_2017,moon_pre_covid_2017_2019,0.0001858817342326504,0.0016152055323292486,0.0014293237980965983,768.9425773850649,0.0014293237980965983,45.0
government_change_pre_covid,문재인 전기에서 이미 나타난 정부교체 관련 변화,마크롱,park_2013_2017,moon_pre_covid_2017_2019,2.0857205684054353e-05,0.0014433076921289084,0.001422450486444854,6819.947542313104,0.001422450486444854,46.0
government_change_pre_covid,문재인 전기에서 이미 나타난 정부교체 관련 변화,국무부,park_2013_2017,moon_pre_covid_2017_2019,0.001500383679322021,0.002906420375805692,0.001406036696483671,93.7118095765356,0.001406036696483671,47.0
government_change_pre_covid,문재인 전기에서 이미 나타난 정부교체 관련 변화,활용,park_2013_2017,moon_pre_covid_2017_2019,0.0061865416137560905,0.0075920449978615955,0.001405503384105505,22.718725127142065,0.001405503384105505,48.0
government_change_pre_covid,문재인 전기에서 이미 나타난 정부교체 관련 변화,개선,park_2013_2017,moon_pre_covid_2017_2019,0.008617241758638199,0.010020555984058077,0.0014033142254198782,16.284958281611992,0.0014033142254198782,49.0
government_change_pre_covid,문재인 전기에서 이미 나타난 정부교체 관련 변화,모빌리티,park_2013_2017,moon_pre_covid_2017_2019,6.483456387411316e-05,0.0014517519821095656,0.0013869174182354524,2139.163642603316,0.0013869174182354524,50.0
government_change_pre_covid,문재인 전기에서 이미 나타난 정부교체 관련 변화,블록체인,park_2013_2017,moon_pre_covid_2017_2019,2.4128852169698756e-05,0.001403342590696886,0.0013792137385271873,5716.03542856969,0.0013792137385271873,51.0
government_change_pre_covid,문재인 전기에서 이미 나타난 정부교체 관련 변화,공기업,park_2013_2017,moon_pre_covid_2017_2019,0.0028173023225812866,0.0014554541175901175,-0.0013618482049911691,-48.33873149060581,0.0013618482049911691,52.0
government_change_pre_covid,문재인 전기에서 이미 나타난 정부교체 관련 변화,실무,park_2013_2017,moon_pre_covid_2017_2019,0.0016518633864540451,0.003005048753447019,0.0013531853669929738,81.91872149293016,0.0013531853669929738,53.0
government_change_pre_covid,문재인 전기에서 이미 나타난 정부교체 관련 변화,선거법,park_2013_2017,moon_pre_covid_2017_2019,0.0013115186737877663,0.0026643838874717894,0.0013528652136840231,103.15256966771544,0.0013528652136840231,54.0
government_change_pre_covid,문재인 전기에서 이미 나타난 정부교체 관련 변화,판단,park_2013_2017,moon_pre_covid_2017_2019,0.006578972068968805,0.007926805305227562,0.001347833236258757,20.486988273078623,0.001347833236258757,55.0
government_change_pre_covid,문재인 전기에서 이미 나타난 정부교체 관련 변화,정시,park_2013_2017,moon_pre_covid_2017_2019,0.0007309544110495602,0.002076774826184382,0.001345820415134822,184.11824250467143,0.001345820415134822,56.0
government_change_pre_covid,문재인 전기에서 이미 나타난 정부교체 관련 변화,단거리,park_2013_2017,moon_pre_covid_2017_2019,0.0003575007234128965,0.0016942758918248554,0.001336775168411959,373.92236738722534,0.001336775168411959,57.0
government_change_pre_covid,문재인 전기에서 이미 나타난 정부교체 관련 변화,개편,park_2013_2017,moon_pre_covid_2017_2019,0.0038739869090838102,0.005209996007536035,0.0013360090984522247,34.48667044587892,0.0013360090984522247,58.0
government_change_pre_covid,문재인 전기에서 이미 나타난 정부교체 관련 변화,당선자,park_2013_2017,moon_pre_covid_2017_2019,0.001945934930189281,0.0006108412365249508,-0.0013350936936643303,-68.60936986903596,0.0013350936936643303,59.0
government_change_pre_covid,문재인 전기에서 이미 나타난 정부교체 관련 변화,트랙,park_2013_2017,moon_pre_covid_2017_2019,0.000810831294489082,0.00213636687214303,0.0013255355776539478,163.47859125111708,0.0013255355776539478,60.0
government_change_pre_covid,문재인 전기에서 이미 나타난 정부교체 관련 변화,특별법,park_2013_2017,moon_pre_covid_2017_2019,0.002491430030151094,0.0011728836265311128,-0.0013185464036199813,-52.923276498357744,0.0013185464036199813,61.0
government_change_pre_covid,문재인 전기에서 이미 나타난 정부교체 관련 변화,민정,park_2013_2017,moon_pre_covid_2017_2019,0.0009616986371010196,0.002270926277295016,0.0013092276401939964,136.13699652737174,0.0013092276401939964,62.0
government_change_pre_covid,문재인 전기에서 이미 나타난 정부교체 관련 변화,바이오,park_2013_2017,moon_pre_covid_2017_2019,0.0010938635474689324,0.0023888283539904047,0.0012949648065214722,118.38449224474697,0.0012949648065214722,63.0
government_change_pre_covid,문재인 전기에서 이미 나타난 정부교체 관련 변화,일본군,park_2013_2017,moon_pre_covid_2017_2019,0.002557746579121946,0.001272449728586755,-0.0012852968505351911,-50.25114141591084,0.0012852968505351911,64.0
government_change_pre_covid,문재인 전기에서 이미 나타난 정부교체 관련 변화,부채,park_2013_2017,moon_pre_covid_2017_2019,0.0028618524701651835,0.001577416137004999,-0.0012844363331601845,-44.881290931326305,0.0012844363331601845,65.0
government_change_pre_covid,문재인 전기에서 이미 나타난 정부교체 관련 변화,녹취,park_2013_2017,moon_pre_covid_2017_2019,0.0024999259078617516,0.0012177893677469893,-0.0012821365401147623,-51.286981589442604,0.0012821365401147623,66.0
government_change_pre_covid,문재인 전기에서 이미 나타난 정부교체 관련 변화,대표단,park_2013_2017,moon_pre_covid_2017_2019,0.0010551234697670545,0.002329460640587133,0.0012743371708200785,120.7761183723286,0.0012743371708200785,67.0
government_change_pre_covid,문재인 전기에서 이미 나타난 정부교체 관련 변화,코스닥,park_2013_2017,moon_pre_covid_2017_2019,0.0008815159932309232,0.002154005350798082,0.001272489357567159,144.35238468031014,0.001272489357567159,68.0
government_change_pre_covid,문재인 전기에서 이미 나타난 정부교체 관련 변화,화폐,park_2013_2017,moon_pre_covid_2017_2019,0.00046718596007943355,0.0017377612952506945,0.0012705753351712609,271.9635099811712,0.0012705753351712609,69.0
government_change_pre_covid,문재인 전기에서 이미 나타난 정부교체 관련 변화,역할,park_2013_2017,moon_pre_covid_2017_2019,0.00739185070029197,0.00864434569693986,0.001252494996647889,16.944268051821133,0.001252494996647889,70.0
government_change_pre_covid,문재인 전기에서 이미 나타난 정부교체 관련 변화,공론화,park_2013_2017,moon_pre_covid_2017_2019,0.0005242059683272577,0.0017756362609357968,0.001251430292608539,238.7287379809611,0.001251430292608539,71.0
government_change_pre_covid,문재인 전기에서 이미 나타난 정부교체 관련 변화,청산,park_2013_2017,moon_pre_covid_2017_2019,0.001389407818981178,0.002640270212122156,0.0012508623931409778,90.02845500453621,0.0012508623931409778,72.0
government_change_pre_covid,문재인 전기에서 이미 나타난 정부교체 관련 변화,하이닉스,park_2013_2017,moon_pre_covid_2017_2019,0.0005233123776604905,0.0017656701467386121,0.0012423577690781216,237.40271052486483,0.0012423577690781216,73.0
government_change_pre_covid,문재인 전기에서 이미 나타난 정부교체 관련 변화,이인영,park_2013_2017,moon_pre_covid_2017_2019,0.00028933999172595483,0.0015157500377592852,0.0012264100460333304,423.8646855270913,0.0012264100460333304,74.0
government_change_pre_covid,문재인 전기에서 이미 나타난 정부교체 관련 변화,흑인,park_2013_2017,moon_pre_covid_2017_2019,0.0019695880071643177,0.0007433886504176683,-0.0012261993567466494,-62.25664211430948,0.0012261993567466494,75.0
government_change_pre_covid,문재인 전기에서 이미 나타난 정부교체 관련 변화,연동,park_2013_2017,moon_pre_covid_2017_2019,0.000618993682825583,0.0018444140030519174,0.0012254203202263342,197.96976192592697,0.0012254203202263342,76.0
government_change_pre_covid,문재인 전기에서 이미 나타난 정부교체 관련 변화,창당,park_2013_2017,moon_pre_covid_2017_2019,0.002252192281247341,0.0010294289836969767,-0.0012227632975503643,-54.29213605479352,0.0012227632975503643,77.0
government_change_pre_covid,문재인 전기에서 이미 나타난 정부교체 관련 변화,구조조정,park_2013_2017,moon_pre_covid_2017_2019,0.0024301066942865714,0.0012143056639288663,-0.0012158010303577051,-50.0307675056481,0.0012158010303577051,78.0
government_change_pre_covid,문재인 전기에서 이미 나타난 정부교체 관련 변화,단축,park_2013_2017,moon_pre_covid_2017_2019,0.0011507574087712639,0.002362862279401962,0.001212104870630698,105.33105078375631,0.001212104870630698,79.0
government_change_pre_covid,문재인 전기에서 이미 나타난 정부교체 관련 변화,교육,park_2013_2017,moon_pre_covid_2017_2019,0.013630383379805608,0.012424053717602856,-0.0012063296622027517,-8.850298840383433,0.0012063296622027517,80.0
government_change_pre_covid,문재인 전기에서 이미 나타난 정부교체 관련 변화,클라우드,park_2013_2017,moon_pre_covid_2017_2019,0.00047736351492633206,0.001682876434293099,0.001205512919366767,252.5356215279261,0.001205512919366767,81.0
government_change_pre_covid,문재인 전기에서 이미 나타난 정부교체 관련 변화,공정위,park_2013_2017,moon_pre_covid_2017_2019,0.0014937892606374924,0.0026901190449424434,0.001196329784304951,80.08691827081438,0.001196329784304951,82.0
government_change_pre_covid,문재인 전기에서 이미 나타난 정부교체 관련 변화,발사체,park_2013_2017,moon_pre_covid_2017_2019,0.0002581877190093911,0.0014513910653821472,0.001193203346372756,462.14566322163273,0.001193203346372756,83.0
government_change_pre_covid,문재인 전기에서 이미 나타난 정부교체 관련 변화,부패,park_2013_2017,moon_pre_covid_2017_2019,0.0026399182614006674,0.0014516088030779974,-0.00118830945832267,-45.013115583820614,0.00118830945832267,84.0
government_change_pre_covid,문재인 전기에서 이미 나타난 정부교체 관련 변화,전략,park_2013_2017,moon_pre_covid_2017_2019,0.007155856613397687,0.008344000644573213,0.001188144031175526,16.603798753471402,0.001188144031175526,85.0
government_change_pre_covid,문재인 전기에서 이미 나타난 정부교체 관련 변화,문건,park_2013_2017,moon_pre_covid_2017_2019,0.0017644803316741633,0.0029458936338602358,0.0011814133021860725,66.95531148625109,0.0011814133021860725,86.0
government_change_pre_covid,문재인 전기에서 이미 나타난 정부교체 관련 변화,유플러스,park_2013_2017,moon_pre_covid_2017_2019,0.0007706218250147727,0.0019507776746741606,0.001180155849659388,153.14332028381943,0.001180155849659388,87.0
government_change_pre_covid,문재인 전기에서 이미 나타난 정부교체 관련 변화,해고,park_2013_2017,moon_pre_covid_2017_2019,0.002388024550896301,0.0012157619502393066,-0.0011722626006569945,-49.08921896204992,0.0011722626006569945,88.0
government_change_pre_covid,문재인 전기에서 이미 나타난 정부교체 관련 변화,주자,park_2013_2017,moon_pre_covid_2017_2019,0.0022976297299573648,0.0011268127964877198,-0.001170816933469645,-50.95759852878344,0.001170816933469645,89.0
government_change_pre_covid,문재인 전기에서 이미 나타난 정부교체 관련 변화,로드맵,park_2013_2017,moon_pre_covid_2017_2019,0.0006074874768551158,0.0017763229514188247,0.0011688354745637089,192.40486744099138,0.0011688354745637089,90.0
government_change_pre_covid,문재인 전기에서 이미 나타난 정부교체 관련 변화,내년도,park_2013_2017,moon_pre_covid_2017_2019,0.001366396778735256,0.0025344299509919505,0.0011680331722566945,85.48272291287398,0.0011680331722566945,91.0
government_change_pre_covid,문재인 전기에서 이미 나타난 정부교체 관련 변화,밀레니얼,park_2013_2017,moon_pre_covid_2017_2019,0.00014440894055921488,0.0013108348777178458,0.0011664259371586309,807.7241842795308,0.0011664259371586309,92.0
government_change_pre_covid,문재인 전기에서 이미 나타난 정부교체 관련 변화,희생자,park_2013_2017,moon_pre_covid_2017_2019,0.0022748164197167633,0.001109469147640731,-0.0011653472720760322,-51.228189755247556,0.0011653472720760322,93.0
government_change_pre_covid,문재인 전기에서 이미 나타난 정부교체 관련 변화,김명수,park_2013_2017,moon_pre_covid_2017_2019,0.00044190141522845955,0.0015897027152673871,0.0011478013000389277,259.7414854273602,0.0011478013000389277,94.0
government_change_pre_covid,문재인 전기에서 이미 나타난 정부교체 관련 변화,만찬,park_2013_2017,moon_pre_covid_2017_2019,0.0007622339114678877,0.0019071076719677704,0.0011448737604998827,150.19979343284774,0.0011448737604998827,95.0
government_change_pre_covid,문재인 전기에서 이미 나타난 정부교체 관련 변화,탈당,park_2013_2017,moon_pre_covid_2017_2019,0.0021211440025351307,0.0009847191496953288,-0.0011364248528398018,-53.57603498308363,0.0011364248528398018,96.0
government_change_pre_covid,문재인 전기에서 이미 나타난 정부교체 관련 변화,스티븐,park_2013_2017,moon_pre_covid_2017_2019,0.0005789413623107187,0.0017097328981306675,0.0011307915358199489,195.32056429802148,0.0011307915358199489,97.0
government_change_pre_covid,문재인 전기에서 이미 나타난 정부교체 관련 변화,만남,park_2013_2017,moon_pre_covid_2017_2019,0.0018363618891984292,0.0029558528689268473,0.001119490979728418,60.96243808550585,0.001119490979728418,98.0
government_change_pre_covid,문재인 전기에서 이미 나타난 정부교체 관련 변화,해킹,park_2013_2017,moon_pre_covid_2017_2019,0.002051685651544147,0.0009375377223331198,-0.0011141479292110271,-54.304026953275866,0.0011141479292110271,99.0
government_change_pre_covid,문재인 전기에서 이미 나타난 정부교체 관련 변화,손학규,park_2013_2017,moon_pre_covid_2017_2019,0.001043861068514488,0.002155403338083215,0.0011115422695687268,106.48373649479576,0.0011115422695687268,100.0
