정부,키워드,문장
문재인정부,플랫폼,하청업체 노사분쟁도 원청업체가 책임지라는 중노위 중앙노동위원회가 원청 사업주가 하청 근로자에 대해서도 책임지라 는 판정을 잇따라 내놓으면서 기업들이 긴장하고 있다 다음 달 일 결론 내릴 예정인 대한통운과 택배기사들 사이 분쟁도 같은 이유에서 노동계와 경영계 모두 주목하고 있다 노동위원회는 법원 판결에 앞서 각종 노사 분쟁에 대해 조정하고 판정을 내리는 고용노동부 소속 합의제 하청 업체 노사 분쟁 원청업체 중노위 택배기사 택배기사 내달 택배 기사 판결 택배 대리점 계약 기사 요구 입장 재계 노조 재계 감당 하청 업체 파업 중앙노동위원회 원청 사업주 하청 근로자 판정 기업들 긴장 일 예정 대한통운 분쟁 택배 기사 사이 노동계 경영계 주목 노동위원회 법원 판결 분쟁 각종 노사 조정 판정 기구 고용 노동부 소속 합의 행정 지방 지방 노동위 중앙노동위 구조 성향 중노위 태풍 택배노조 원청 대한통운 상대 단체교섭 요청 거절 대한통운 택배 대리점 운송 계약 대리점들 택배기사들 계약 대한통운 택배기사들 대리점 계약 택배기사들 택배노조 대한통운 상대 임금 근로 조건 노사 협상 요구 대한통운 노동위 노동 안팎 중노위 대한통운 택배 기사 실사용자 단체 교섭 거부 부당노동행위 택배노조 가능성 문재인 대통령 사내 하청 고용 원청 공동 사용자 책임 대선 공약 민변 출신 위원장 박수근 중노위 성향 평가 원청 실제 사용자 판정 중노위 원청 회사 하청 근로자 실제 사용자 인정 판정 여럿 근로자들 이달 현대위아 평택 공장 사내 하청 근로자 전보 울산 공장 반발 제기 사건 경기 지노위 판정 원청 현대위아 부당노동행위 판정 현대위아 하청 근로자 고용주 실제 사용자 해석 월 운영사 모회사 쏘카 운전 기사 실제 사용자 판정 쏘카 자회사 운영 자회사 인력 업체 기사 공급 인력 업체 기사 해고 책임 쏘카 원청 회사 판정 중노위 월 원청 하청 근로자 직접적 근로 계약 하청 근로자 근로조건 영향력 단체교섭 취지 주장 보고서 단체 교섭 의무 근로자 계약 위장 도급 근로계약 사실 근로 계약 인정 한정 범위 기업 노동 전선 확대 전전긍긍 중노위 보고서 노동계 재계 안팎 노동계 주장 법리 제공 평가 노동계 도급 그동안 민법 기초 하청 구조 고용 하청 업체 근로자 비정규직 규정 권한 하청 업체 진짜 사장 원청 단체교섭 주장 중노위 행보 반응 배달 라이더 플랫폼 노동자 등장 급변 노동 시장 양상 반영 옹호론 규제 환경 산업 비판 기업들 긴장 자사 노조 노조 하청 회사 상대 노사 분쟁 노동위 단계 종결 소송 중노위 판정 판결 영향 중노위 판정 인용 법리 판정 영향 구조 원청 하청 일반화 자동차 조선 철강 제조업 현장 하청 노조 원청 단체 교섭 요청 거부 노동위 부당노동행위 신고 상황 원청 상대 파업 재계 관계자 상대 노조 하청 노조 가세 부담 비교 중노위 근로자 노동위 단체교섭 현대위아 사용자 대한통운 대리점 택배기사들 기업들 쏘카 노동계 대한통운 그동안
문재인정부,플랫폼,혁신금융 금융계도 혁신이 생존인 시대 기술을 넘어 조직까지 바꾼다 혁신이 곧 생존인 시대다 자고 나면 달라지는 세상 속에서 모든 경제 주체들은 혁신 없이는 존재 자체를 보장받을 수 없는 상황이 됐다 그 혁신의 한 가운데에 금융이 있다 스마트폰으로 대표되는 첨단 기기의 보급이 확산하고 그 기기들과 금융사를 연결해주는 다양한 핀테크 기술이 개발되면서 금융 혁신에는 가속도가 붙고 있다 비대면 영업 금융계 혁신 생존 시대 조직 혁신 생존 시대 세상 경제 주체 혁신 존재 자체 보장 상황 혁신 금융 스마트폰 대표 첨단 기기 보급 확산 기기들 금융사 연결 핀테크 금융 혁신 가속도 영업 확대 해외 시장 업계 혁신 전쟁 형태 혁신 기본 조직 혁신 혁신 효율성 극대화 추구 금융사들 영업 영역 혁신 지점 중심 대면 영업 휴대폰 비대 영업 중심 한국 해외 영역 확대 금융사 선두 금융지주사 대표 금융 지주사 은행들 상반기 월 실적 사상 최대 기록 금융지주 조 사상 최대 상반기 실적 기록 하나금융지주 기록 조 순이익 역대 최고 신한금융지주 조 년 우리은행 조 년 상반기 이익 기록 인터넷 은행 특례법 변수 혁신 정도 생각 속도 세상 잠시 제자리걸음 대열 탈락 위기감 혁신 재촉 인터넷전문은행 은산 분리 완화 인터넷 은행 특례법 국회 통과 강자 대면 오프라인 은행 발걸음 금융 단순 반복 업무들 로봇 수행 직원들 업무 자동 절감 연간 깊이 제공 금융 서비스 투자 우리은행 투자 혁신 벤처 기업 돌파구 은행 벤처 기업 투자 대상 공모 진행 기업 미래가치 억 투자 신한은행 스마트폰 뱅킹 신한 출시 개월 사용자 월간 활성 여만 카카오톡 화면 클릭 하루 자금 이체 편리 인기 비결 금융 네트워크 글로벌 로열티 세계 금융사 유통회사 포인트 사업자 디지털 플랫폼 네트워크 연결 포인트 마일리지 디지털 자산 전자화폐 자유 교환 사용 혁신 통합 플랫폼 네트워크 농협금융지주 스퀘어 빅데이터 플랫폼 인공지능 아르미 혁신 주도 기업은행 사물인터넷 담보대출 스마트 동산 담보 대출 중소기업 대출 정부 추진 개인 정보 보호법 개정 적극 지원 혁신 금융사 전유물 은행 보험 증권 카드사들 혁신 대열 행보 정부 금융사들 혁신 의지 지원 태세 정부 금융사들 빅데이터 사용 수익원 창출 개인정보보호법 개정 추진 정부 월 빅데이터 조 투자 규제혁신 데이터 경제 규제 혁신 산업육성 방안 최종구 금융 위원장 금융시장 혁신적 시도 금융 규제 체계 재정립 금융 혁신 입법 적극 협조 전반적 금융혁신 강도 추진 금융사 조 빅데이터 네트워크 상반기 특례법 개인정보보호법 스마트폰 금융혁신 금융사들 우리은행 최종구 은행들
문재인정부,플랫폼,세상 속으로 치매 막는 앱 로봇 목소리 청년 창업가들 실버에 꽂히다 고령사회의 블루오션 노인을 위한 스타트업 노인을 위한 스타트업 이 우후죽순 생겨나고 있다 초고령화 사회로 나아가며 시장은 커지고 있지만 아직 고령층이 누릴 수 있는 새로운 서비스나 상품은 젊은 층에 비해 부족한 상황이다 초고령화 사회를 겨냥한 실버 스타트업 이 속속 생겨나는 이유다 년 설립된 캐어유 는 정보기술 과 스마 치매 로봇 목소리 실버 청년 창업가 활용 캐어유 스마트폰 게임 치매 예방 프로그램 실버 전용 로하 글자 입력 고령층 음성 메시지 서비스 노인 사업 마리 테이블 취미 강의 키트 판매 스타트업 어르신들 제품 제공 고령사회 블루 오션 노인 스타트업 노인 스타트업 우후죽순 고령 사회 시장 고령층 서비스 상품 부족 상황 고령 사회 겨냥 실버 스타트업 설립 캐어유 정보기술 스마트 기기 활용 실버 콘텐트 예비사회적 기업 스마트폰 하루 게임 치매 예방 엔브레인 인지재활 프로그램 정신건강테스트 애플리케이션 대표상품 치매 스마트 노인 캐어유 신준영 대표 경험 출발 대학 졸업 미국 요양원 년 건강 의료 취미 여가생활 신경 모습 인상적 한국 게임과학고등학교 교사 교육 치료용 콘텐트 사업 아이템 경영 대학 사회 기업 수료 사업 구체화 시작 고령층 관심 치매 예방 진단 콘텐트 사업 분야 예정 고령층 사업 스마트폰 교육 시작 사업 방황 학교 청소년들 스마트폰 강사 청소년 고령층 청소년들 심리적 성장 효과 고령층 사업 공간 구축 안양시 노인종합복지관 스마트힐링센터 구축 사업 위탁 센터 실버 콘텐트 스마트 기기 여가 로봇 치매 예방 진단 서비스 적용 시작 대표 사업 고령 대상 정부보조금 요양급여 서비스 제공 수준 양성 교육 인력 로봇 서비스 영역 확장 수익모델 노인 고독 소통 스피커 부산 창업 로하 고령층 소통 플랫폼 스마트폰 음성 김경문 로하 대표 어르신들 스마트폰 소셜네트워크서비스 문화 콘텐트 글자 입력 음성 플랫폼 음성 메시지 메신저 서비스 음성 확대 예정 등산 은퇴 창업 고령층 공감 공유 실버 전용 탄생 대표 시작 사업 시작 실버 서비스 관리 디지털 유산 죽음 사람들 디지털 기록 정리 사진 영상 가족 전달 아버지 아버지 것들 생각 디지털 유산 관리 서비스 사업 벤처 지원 펀드 억 투자 각종 기관 사례 창업 우수 선정 수요 죽음 사람 결국 대표 결국 방향 수정 노인들 플랫폼 도전 혼자 노인들 고독감 스피커 음성 소통 자체 사업 확대 스피커 노인들 대화 외로움 고독사 방지 사업 창업가들 고령층 불편 관찰 기회 사업 도전 고령층 서비스 안착 오랫동안 투자 성향 수익 사회 기여 자신 노인 상품 노인 일자리 스타트업 노인 서비스 노인 서비스 사업 아이템 스타트업 양순모 대표 설립 마리테이블 마리테이블 대표 상품 강의 온라인 취미 키트 취미 생활 제공 하비풀 서비스 공간 제약 전문 아티스트 취미 생활 강의 구매 도구 이용 취미생활 월 서비스 시작 건 판매 지난달 매출 달성 성장 정도 하비풀 서비스 실버 스타트업 제품 취미 키트 조립 생산 포장 고령층 손길 대표 애초 창업 노인 일자리 해결 기여 수익 사업 아이템 고령층 생산 고령층 일자리 제공 사업 고민 시작 사업 취미 생활 키트 어르신들 생산 수익성 판단 대표 창업 쪽방촌 노인들 생활 경험 노인 일자리 관심 대학 졸업 지인 소개 쪽방촌 주민 수익 공유 온라인 년 운영 노인들 소외 노인 일자리 제공 사업 생각 원래 가슴 영국 공부 아프리카 사업 쪽방촌 예약 비행기 취소 회사 설립 경영 대학 입학 생각 시작 학교 수업 교수님 동료들 시야 구체적 비전 계획 설정 명 고령층 간접고용 하비풀 제품 참여 매출 사업 자리 고령 고용 직접고용 전환 계획 고령 친화 산업 최대 년 배 실버 시대 현실 내년 한국 사회 고령사회 진입 세 인구 인구 차지 비율 고령 사회 고령사회 초고령사회 구분 한국 세 노인 인구 기준 내년 초고령사회 코앞 년 노인 인구 실버시장 전망 한국보건산업진흥원 고령 친화 산업 규모 년 조 최대 성장 고령층 일자리 증가 속도 인구 증가 통계청 경제 활동 인구 조사 고령 부가 조사 결과 인구 만 대비 만 증가 경제 고용률 만 년 포인트 조사 시점 년 구직경험자 비율 전년 대비 포인트 상승 취업 경험자 비율 포인트 고령층 스마트폰 스타트업 쪽방촌 키트 일자리 취미생활 노인들 한국 온라인 캐어유 로하
문재인정부,플랫폼,최유식 전문기자의 대만이 위협 받자 거침없는 재무장 일본 개입시 본토 공격 대만 동쪽 해안에서 가량 떨어진 일본 이시가키지마 는 요즘 육상 자위대 미사일 기지 건설 공사가 한창이다 일본 정부는 내년까지 이곳에 병력을 명 배치하기로 했다고 요미우리신문이 월 일 보도했다 이시가키섬에 들어가는 육상 자위대는 대함 대공 미사일 등을 발사하는 미사일 부대와 상륙 공격 등에 대비한 경비 부대로 구 최유식 전문 대만 위협 재무장 공격 일본 개입 본토 경쟁 대만 해협 군비 해안 대만 동쪽 가량 일본 이시가키지마 공사 요즘 육상 자위대 미사일 기지 건설 한창 일본 정부 내년 병력 배치 요미우리신문 보도 이시가키섬 육상 자위대 대함 대공 미사일 발사 미사일 부대 상륙 공격 대비 경비 부대 구성 대만 인근 요나구니섬 년 전자전 부대 난사이제도 미사일 부대 설치 오키나 본섬 미아코섬 아마미오섬 곳 겨냥 항모 전단 세트 미사일 일본 미사일 부대 전자전 부대 배치 일대 중국 대만 공격 해군 공군 진격로 중국 대만 공격 중국 항공모함 잠수함 공군기 상대 미사일 공격 일본 중국 해군력 무력화 세트 미사일 공개 구매 예산 포함 공대 미사일 미쓰비시중공업 미사일 최고 마하 속도 방공망 전함 중국 해군 공격 주력 미사일 지대 유도탄 사거리 단기적 장기적 사거리 스텔스 순항 미사일 내년 시제품 일본판 토마호크 미사일 방공망 요격 베이징 평양 타격 최고 순항미사일 극초 음속 스텔스 순항 미사일 사실 공개 국가주석 시진핑 중국 대만 통일 군사 압박 강화 대만 해협 치열 군비 경쟁 일본 대만 방어 명분 첨단 미사일 연장 미사일 사거리 공개적 추진 집권 자민당 공언 기지 공격 능력 확보 현실화 이시가키섬 미사일 부대 배치 해군 중국 취역 전함 동시 대응 중국 해군 시진핑 주석 참석 하이난성 호 최신 전략 창정 미사일 구축함 다롄 만 급 강습 상륙함 헬기 항모 하이 취역식 대만 공격 겨냥 최신예 전문가 일본 유사시 참전 인사들 일본 집권 자민당 고위 인사 유사시 대만 방어 의지 공개적 아베 신조 총리 미국 일본 대만 의원들 대화 온라인 전략 홍콩 대만 발생 아소 부총리 자민당 모임 대만 국가 존망 위기 사태 제한 집단 자위 행사 가능 미국 대만 방어 월 방위 백서도 대만 정세 안정 일본 안전 보장 국제 사회 안정 중요 중국 외교 위험 발언 반발 내부적 당혹 분위기 감지 군사력 상대 일본 통일 대만 무력 어려움 중국 싱크탱크 계정 위챗 공식 동영 플랫폼 일본 본토 타격 공격 주장 중국 일본 대만 중국 인정 년 공동성명 원칙 사실 대만 정책 변화 추진 교수 칭화대 류장융 일본 주간 동양 경제 인터뷰 발언들 자민당 정부 형성 컨센서스 근본적 정책 변화 그동안 언급 푸단대 국제문제연구원 정지융 교수 일본 대만해협 일본 해상 운송로 중국 통제 유사시 참전 미국 불신 강화 자체 무장 일본 미군 지원 역할 독자 무장 강화 미국 불신 원인 제기 오바마 행정부 전략 아시아 회귀 표방 중국 남중국해 영유 분쟁 도서 요새화 대응 대통령 도널드 트럼프 반중 정책 일본 대중 견제 환태평양경제동반자협정 탈퇴 월스트리트저널 중국 확대 일본 자체 무장 강화 의지 일본 국내총생산 억 달러 수준 국방비 미국 동맹국 요구 주장 국방비 규모 억 달러 중국 국방비 억 달러 이니셔티브 민간 싱크탱크 아시아 퍼시픽 오우 사다마사 항공 자위대 중장 선임연구원 중국 오산 과신 대만 침공 대응 준비 내년 국방 예산 증액 해역 대만 주변 일본 생명선 에너지 안보 경제 치명타 일본 대만 방어 공언 대만 일대 일본 경제 생명선 일본 우리나라 석유 천연가스 에너지 자원 수입 해외 의존 에너지 자원 대만 남부 바시해협 루손해협 등지 경유 동남아 지역 진출 공장 일본 기업 생산 부품 경로 본토 수입 중국 대만 무력 통일 제해권 장악 일본 경제 안보 치명적 타격 에너지 안보 경제 중국 인질 해협 필리핀 남부 우회 운송 비용 가량 사실 대만 주변 해역 패권 동북아 지역 중국 공산당 중앙 조직부 작성 미국 말기 세계 대전 년 일본 본토 항전 의지 홍콩 앞바다 대만해협 등지 전략 물자 본토 척 일본 선박 침몰 일본 청일 전쟁 승리 시모노세키조약 대만 할양 지역 전략 가치 평가 부원장 진찬룽 중국 인민대 국제 학원 인터뷰 일본 자원 해외 의존도 자원 수입 루트 대만해협 미국 대만 관심 초조 서태평양 지역 중국 통제력 강화 중국 영유 분쟁 센카쿠열도 중국명 댜오위다오 방어 센카쿠열도 대만 동쪽 정도 일본 중국 대만 미국 자민당 사거리 국방비
문재인정부,플랫폼,영상 여자 냄새 나는 소설 쓰지 말라 는 문단 우리가 바꿀게요 올림픽 이 끝나고 태어났다 스무살이 되던 해 실력만 있으면 유리천장쯤은 부술 수 있다는 알파걸 이 등장했다 서른이 되자 직장에선 자책감을 가정에선 죄책감을 느끼는 슈퍼우먼 선배들이 보였다 여성의 생존과 성공에 대한 서사는 늘었지만 우리가 딛고 서 있는 판의 기울기는 변함이 없었다 이 판 자체에 균열을 내는 방법은 없을까 알파걸 여자 냄새 소설 문단 게요 올림픽 실력 유리천장쯤 알파걸 등장 직장 자책감 가정 죄책감 슈퍼우먼 선배들 여성 생존 성공 서사 자체 균열 방법 알파걸 슈퍼우먼 또래 여성 문단 미투 미투 트위터 문단 성폭력 고발 문학 이름 작가 권위 폭력 반복 사실 경험담 세상 문단 위계 구조 폭력 폭력 묵인 카르텔 구조 문제의식 조금 변화 차현지 천희란 조우리 작가 중심 여성 소설가 모임 왓에버 변화 왓에버 지난달 서울 마포구 공덕동 신문사 명 평론가 페미니즘적 시각 한국문학 비평 문학 위험 지난달 위험 북토크 행사 차례 저자 독자 한국문학 여성 주제 이야기 왓에버 대전 주제 북토크 행사 동료들 사람 왓에버 공동체 일들 연결점 왓에버 영어이름 왓에버 원래 활동 여성 작가 지원 명 여성 평론가 평론집 문학 위험 지원 북토크 자리 평론집 자체 창작자들 릴레이 형식 리뷰 프로젝트 현지 이름 의미 문단 시도 번쯤 생각 시도 작가 월 원고 리뷰 플랫폼 문학 큐레이션 에스알에스 작가들 원고 청탁 게재 독자 통로 역할 사건 대필 고백 계기 미디어 아티스트 흑표범 세월 전시 김경주 시인 대필 위계 요구 거부 현지 대필 혼자 후배들 착취 위계 폭력 생각 착취 폭력 자유 결국 작가 작품 문단 권력 구멍 생각 문학 지면 소설가들 공간 시작 갈급 동료들 사명감 작가 작가들 비평집 문학 위험 재비평 연재 위험 리뷰 프로젝트 페미니즘 시각 한국 문학 비평 창작자 입장 비평 한국문학 페미니즘 논의 확장 시작 명 필진 리뷰 게재 문학 위험 문학 위험 년 현장 비평 논문들 페미니즘 독자시대 주제 페미니즘 주제 특집 문학 전반 도구 관점 생각 확장 논의 시작 의견 충돌 비판적 논의 지형 생각 등단 비평 권력구조 해체 시도 등단 통과 소수 문예지 제한 지면 허용 작품 게재 여부 선택 권력 중심 수직적 구조 형성 선택 폭력 은폐 비평 비평 비평 권력 심사 평가 자리 남성들 남성중심적 등단 경계 확장 독자들 문단 자체 건강 명 작가 공통적 문제의식 소설 여성적 장르 문학사 남성 중심 여성 작가 시간동안 작품 정작 문학 비평 여성 호명 특별 한정 소수 여성 여성 대표 이야기 남성 작가 작품 남성 작가 의미 부여 여성 작가 약진 특별 중심 그동안 남성 문학사 재검토 생각 소설 문단 안팎 여성혐오 일상 학생 시절 여성혐오 자연 내면화 문예창작학과 현지 여대 문예 창작학 교수님 남성 소설 창작 지침 여성 이야기 생리 이야기 성폭력 이야기 교수님 소설 진실 중요 보편적 진실 여정 소설 탐구 결국 보편적 인간 여성 존재 습작 여성 캐릭터 남성 작가 자궁 생리 여자 소설 남성들 자신 첫사랑 홀어머니 이야기들 인간 보편 이야기 분위기 남성 여성 보편 범주 여성 여성 특수 이야기 여성 이야기 사적 이야기 치부 문단 성폭력 고발 미투 여성 이야기 사담 공적 변화 조금씩 현지 학창시절 내면화 여성 이야기 생각 다들 년 여성 작가 문법 언어 고민 문단 안의 폭력 묵인 방조 가해자 동시 피해자 시절 작가 고백 과거 화해 고민 소설 대상화 장면 노력 작가 관행 표현들 노력 표현 기회 생각 여성 직업인 수식어 소설 인물 방식 기준 고민 작가 노력 싸움 소모적 서로 공격 생각 갈등 해결 사회 인간 성숙 자체 건강 고민 생각 작가 맞장구 페미니즘 작품 작가분들 작품 반성 자신 한계 확장 결국 페미니스트 작가 생각 사람 위치 입장 생각 고정 단정적 현지 페미니즘 소재 관점 방향성 렌즈 시대 문단 성폭력 고발 문단 변화 페미니즘 운동 서사 이야기 문단 촉발 년 김지영 밀리언셀러 여성 작가 주목 호명 문단 변화 흐름 평가 변화 구조 자체 술자리들 작가 자각 여성작가들 자체 느낌 작품 관점 자체 작가들 걱정 지점 페미니즘 특집 화가 변화 흐름 자체 이야기 사람들 독자들 감시 생각 비평집 이야기 비평 작품 독자 소외 소개 파문 페미니스트 됐지 각자 페미니스트 모멘트 현지 된장녀 파문 칙릿 소설 유행 영화 악마 프라다 미국 드라마 섹스앤더시티 열풍 초반 남자 친구들 된장녀 타령 용지 장 소논문 친구 여성 취향 소비적 비하 동시 반대 여성 소비적 생각 된장녀 타령 친구 힙합 남성들 권력 명예 여성 트로피 된장녀 트로피남 친구 자신 반성 페미니스트 모멘트 일 생일 문단 성폭력 고발 직전 잔혹 칼럼 습작 성폭력 일 마감 생일날 상태 다음날 공개 파장 피해자 생각 여기저기 주제 편씩 순간 야속 과거 얘기 마음 분들 성폭력 피해자 연대 연대자들 피해자 연대자 사이 갈등 이날 경험 시도 두려움 지향점 의견 사람들 의견 조율 페미니스트 정체화 페미니스트 혼자 페미니스트 왓에버 친구들 가을 영화 관심 여성인권영화제 자원활동 학교 남자 선배 졸업반 얼굴 여성인권영화제 자원활동 페미니스트 페미니스트 느낌 페미니스트 페미니스트 전형적 모습 나이 언니들 그날 계기 페미니스트 스펙트럼 나라 페미니스트 생각 소수 독점 권력 마련 경계 확장 노력 활동 문단 문학 사랑 오염 최전선 여성 작가 비평가 문학인들 동시 여성 작가 혼자 고민 자신 방향성 싸움 왓에버 단체 채팅 이름 급조 왓에버 해체 생각 북토크 독자들 여성평론가들 개인적 진행 프로젝트 지원 예정 연말 특집 힌트 일종 패자부활전 기획 불만족 문단 이야기 문단 자체 파생 권력 사람들 불만 문화 공유 담론 형성 생각 마음 권력 조우리 문단 시작 변화 파동 왓에버 파동 확산 기대감 언니들 구독 이메일 주소 개인 정보 수집 이용 동의 메일 발송 개인정보 수집 이용 수집 정보 발송 목적 이용 서비스 종료 구독 해지 파기 즉시 개인정보보호법 개인정보 수집 이용 동의 구독 버튼 구독 버튼 입력 저장 구독 왓에버 된장녀 피해자 성폭력 북토크 개인정보 평론가 섹스앤더시티 알파걸 미투 작가들 슈퍼우먼
문재인정부,플랫폼,밀레니얼과 사이 콘서트의 숨은 관객 권도연 권도연샌드박스네트워크 크리에이터 파트너십 매니저 생방송에 대해 내가 기억하는 가장 어릴 적 장면은 연말 가요대제전이다 그날은 어린 눈에 보기에도 평소와는 다르게 특별해 보였다 굵직한 가수들이 브라운관 너머 총출동해 한해의 히트곡을 쏟아냈고 팬들은 너도나도 집결해 풍선으로 팬심을 뽐냈다 거기에 당황하며 눈동자가 흔들리는 사회자와 일촉즉발로 보이 콘서트 관객 권도연 권도연샌드박스네트워크 크리에이터 파트너십 매니저 생방송 기억 장면 연말 가요 대제전 그날 평소 특별 가수들 총출동 브라운관 너머 히트곡 팬들 집결 풍선 팬심 당황 눈동자 사회자 일촉즉발 음향 환경 너머 현장 상황 년 생방송 라이브 스트리밍 단어 이미지 탈바꿈 실시간 영상 송출 사전 의미 동일 주체 방송국 연예인 사회자 등장 분위기 모습 인 등장 컴퓨터 이야기 시청자들 실시간 댓글 역할 보조 출연자 화면 참여 라이브 스트리밍 현장감 참여성 의미 런던 지난달 영국 웸블리 스타디움 방탄소년단 공연 세계 팬들 랩소디 영화 보헤미안 마지막 장면 라이브에이드 콘서트 장소 영화 압도적 영상 공연 실황 유튜브 감탄 한국 아이돌그룹 이틀 연속 신화 방탄소년단 공연 웸블리 스타디움 참여 사람 현장 만 이날 네이버 개인방송 스타 실시간 개인 방송 브이 라이브 공연 독점 생중계 라이브 스트리밍 최다 동시 접속자 만 일반적 방송 인터넷 라이브 인 만 비용 유료 시청 지급 참여 시청자 숫자 계산 매출 방탄 소년단 콘서트 현장감 비용 생각 팬들 세계 음악 웸블리 스타디움 의미 의미 순간 참여 팬심 마음 결국 구매 연결 스트리밍 이날 라이브 참여 방탄 소년단 실시간 댓글 현장 마음 기술적 한계 콘서트 역사적 순간 생각 라이브 스트리밍 방송 미디어 경계 차원 물리 거리감 허무 자리 일방적 현장 전달 환경 시청자 환경 실시간 존재 감정 소통 경찰 공무원 준비 공부 하루 시간 모습 라이브 채널 화제 화면 크리에이터 화면 공부 팬들 채팅 유행어 방송 참여 실시간 미래 모습 글로벌 정보 기업들 실시간성 업데이트 페이스북 가상현실 공간 소셜 네트워크 육체 제약 가상 공간 실시간 친구 플랫폼 제시 가상현실 기기 착용 가상 공간 친구들 자유 커뮤니티 형성 영화 아바타 만큼 상상 미래 실시간 공간 경계 개념 커뮤니케이션 단절 양면성 내포 개인화 맞춤화 인터넷 공간 커뮤니케이션 세상 구축 고립 밀착 가요 브라운관 너머 대제전 밀착감 방탄소년단 콘서트 라이브 팬들 밀착감 실시간 팬들 방탄소년단 생방송 인 가상현실 시청자 웸블리 소년단 사회자 팬심 대제전 현장감 거리감 출연자 권도연샌드박스네트워크 보헤미안
문재인정부,플랫폼,알립니다 맨해튼 고급주택 국내 투자자에 첫 공개 외 맨해튼 고급주택 국내 투자자에 첫 공개미국 부동산 디벨로퍼인 로코퍼레이션 이 다음 달 일 서울 신라호텔에서 국내 투자자를 위해 해외 부동산 쇼케이스 를 연다 이날 행사에서 뉴욕 맨해튼 최중심부에 짓고 있는 럭셔리 주택 매디슨 하우스 를 처음 공개한다 이 주택은 지상 층 전용면적 맨해튼 고급 주택 투자자 공개 땅집 맨해튼 고급 주택 투자자 디벨로퍼 공개미국 부동 로코퍼레이션 신라호텔 서울 투자자 쇼케이스 해외 부동산 이날 행사 최중심부 뉴욕 맨해튼 럭셔리 주택 매디슨 하우스 공개 주택 지상 전용 면적 가구 완공 내년 분양가 만 만 달러 은행 미국 현지 분양가 대출 가능 우리은행 해외 부동산 투자 신고 외환 상담 참가비 무료 마감 선착순 땅집 홈페이지 참가 신청 일 시 장소 에메랄드룸 서울 신라호텔 영빈관 에메랄드 행사 미국 주택 시장 전망 해외 부동산 투자 전략 매디슨하우스 소개 참가 문의 후원 땅집고 건축가 시공사 땅집고 건축주 건축가 시공 회사 연결 플랫폼 건축 매칭 플랫폼 건축 파트너 참여 건축가 시공사 모집 일 땅집 홈페이지 건축 홈페이지 신청서 건축 인맥 지인 소개 의존 시장 건축 기준 제시 예정 건축주 건축가 시공사 건축가 시공사 보유 실적 노하우 건축주 효과적 전달 파트너사 일정 기준 절차 공정 수주 참여 기회 제공 땅집고 운영 대학 조선일보 건축주 강사진 실력 건축가 시공사들 땅집 파트너 등록 설계 분야 쿠움파트너스 리슈건축 유타건축 구도건축 에이코랩 범건축 참여 확정 시공 분야 상지카일룸 기로건설 쿤스종합건설 한미글로벌 파트너 파트너스 설계 시공 포트폴리오 실적 각종 수상 재무 상황 평판 종합적 평가 선정 최고 실력 건축설계사무소 시공사 지원 건축주 시공사 땅집 맨해튼 건축가 투자자 부동산 미국 땅집고 분양가 서울 선착순 공개미국 홈페이지 영빈관 조선일보 뉴욕
문재인정부,뉴딜,선도 번 쓰며 자신감 보인 모든 취업자에게 고용보험 문재인 대통령은 일 모든 취업자가 고용보험 혜택을 받는 전 국민 고용보험시대 의 기초를 놓겠다 저임금 비정규직 노동자들의 고용보험 가입을 조속히 추진하고 특수고용노동자 플랫폼 노동자 프리랜서 예술인 등 고용보험 사각지대를 빠르게 해소해 나가겠다 고 말했다 문 대통령은 이날 오전 청와대 춘추관에서 한 취임 주년 특별연설에서 고용보험 선도 번 자신감 취업자 고용보험 문재인 대통령 일 취업자 고용 보험 혜택 국민 고용 보험 시대 기초 노동자들 정규 노동자 고용 보험 가입 추진 특수고용노동자 플랫폼 노동자 프리랜서 예술인 고용 보험 사각지대 해소 대통령 이날 청와대 춘추관 특별연설 취임 특별 연설 고용 보험 적용 획기적 확대 국민취업지원제도 시행 수준 고용 안전망 단계 대통령 인류 역사 위기 복지 확대 안전망 강화 우리나라 국제통화기금 외환위기 기초생활보장제도 코로나 위기 취약 고용 안전망 구축 요구 자영업자들 가능성 고용 보험 적용 가능 언급 대통령 자영업자들 고용 보험 적용 사회 합의 점진적 확대 고용 보험 확대 대통령 저소득층 청년 영세 자영업자 직업 훈련 맞춤 취업 지원 제도 한국 실업 부조 국민취업지원제도 시행 대통령 고용 안전망 강조 경제 여건 상황 경제 전시 규정 인식 대통령 경제 경제위기 년 대공황 비교 실직 공포 영세 자영업자 비정규직 일용직 정규직 중견기업 종사자 방위 확산 돌파구 선도 경제 대통령 정보통신기술 분야 우수 인프라 세계 경쟁력 바이오 분야 경쟁력 가능성 확인 대면 의료서비스 온라인 교육 온라인 거래 방역 바이오산업 포스트 코로나 산업 분야 혁신 벤처 스타트업 주력 세계 선도 디지털 강국 대한민국 도약 시스템반도체 바이오 헬스 미래차 산업 신성장 육성 미래 먹거리 창출 대통령 상황 경제 전시 규정 연설 감염증 신종 코로나바이러스 코로나 대처 자신감 대통령 분량 연설 선도 표현 번 세계 대한민국 세계 선도 대한민국 대통령 방역 보강 세계 선도 국가 방역 질병관리본부 질병 관리청 승격 보건복지부 복수차관제도 감염병 전문 병원 설립 국립 감염병 연구소 언급 대통령 전문가들 가을 겨울 예상 대비 국회 신속 협조 부탁 자신감 토대 년 국정 포부 자리 북한 언급 인간 안보 협력 생명공동체 평화공동체 희망 연설 기자들 문답 질문 남북 문장 언급 신년사 제안 사업들 남북 협력 사업 유효 대화 남북 일들 제재 유엔 안보리 저촉 사업들 저촉 예외 승인 사업들 사업들 제안 코로나 국면 노력 남북 철도 연결 비무장지대 국제평화지대화 개별관광 제안들 유효 코로나 상황 진정 대로 지속 대화 설득 예정 대통령 특별연설 기자들 문답 코로나 방역 조치 염두 악수 인사 춘추관 연설 대통령 대변인 허윤정 더불어민주당 국민 고용 보험 사각지대 해소 국민취업지원제도 고용 안전망 강화 노력 추진 한국 뉴딜 남북 평화 공동체 입법 정책 협업 필수 논평 김성원 미래 통합 대변인 논평 한국 뉴딜 국민 고용 보험 시대 대책 포스트 코로나 지속적 제기 재정건정성 언급 국민취업지원제도 국회 심도 논의 사안 처리 언급 제시 모습 비판 권호 고용보험 코로나 안전망 대변인 자신감 감염병 공동체 자영업자 사업들 노동자 대한민국 국민취업지원제도 가능성 춘추관 김성원 비정규직 특별연설 번 경쟁력 뉴딜
문재인정부,뉴딜,단독 김연철 통일장관 본보 인터뷰 판문점선언 비준 새 국회와 상의해 추진 김연철 통일부 장관은 대 국회에서 처리되지 못한 판문점 선언의 국회 비준 동의안에 대해 새로운 국회와 상의해서 추진하려고 한다 고 밝혔다 김 장관은 판문점 정상회담 주년을 앞둔 일 동아일보와 단독 인터뷰를 갖고 남북 합의의 국내법적 기반을 마련하는 것은 굉장히 중요한 계기가 될 수 있고 북한에도 메시지가 될 것 김연철 통일 장관 본보 인터뷰 판문점 선언 비준 국회 상의 추진 방역 구상 포괄 보건 협력 장관 김연철 통일부 국회 처리 동의안 국회 비준 동의 국회 상의 추진 장관 동아일보 단독 인터뷰 남북 합의 국내법적 마련 중요 계기 북한 메시지 장관 감염증 신종 코로나바이러스 코로나 사태 코로 상황 남북 중요 환경 변수 작동 방역 협력 시작 포괄적 협력 남북 보건 의료 추진 방역 핵심 연대 협력 코로나 정부 세계 상대 연대 협력 남북 장관 포괄적 보건의료 협력 일방 지원 상호 협력 방식 지원 중단 공동 설정 지속적 협력 정부 지자체 민간 국제사회 협업 개념 설명 북한 방역 협력 계기 상시적 감염병 공동 대응 체계 마련 제안 장관 회담 남북 자료 공개 상반기 공개 예정 년도 시작 외교문서 사건 년 공개 추진 코로 완화땐 개별관광 재추진 개성 금강산 후보 김연철 통일부 장관 인터뷰 장관 김연철 통일부 동아일보 인터뷰 코로나 상황 완화 개별관광 재추진 개성 금강산 후보 포괄적 남북 보건 의료 협력 방역 협력 카드 개별관광 병행 추진 소강상태 협상 대화 동력 협상 대화 재개 촉구 인터뷰 서울 종로구 정부 서울청사 집무실 시간 진행 일문일답 동해북부선 철도 연결 의미 지역 균형 발전 뉴딜 의미 코로나 접촉 상황 연결 남북 철도 의지 효과 조사 북한 지역 상황 지적 동해북부선 설계 완공 일정 동시 병행 추진 생각 비용 추계 정밀 조사 보강 결과 공사비 민주평화통일자문회 특별대담 보건의료 협력 남북 정상 회담 주장 남북관계 일방 의지 북한 입장 한반도 상황 남북 코로나 상황 대응 공동방역 공동 방역 기회 포괄적 남북 보건 협력 발전 고민 평양공동선언 평양 공동 선언 보건 협력 강화 진전 전문가들 지속적 남북한 이득 호혜적 방식 지속 가능 공동 협력 방안 논의 신약 북한 가지 야생 식물 활용 제약업계 관심 개별 관광 개별관광 대북제재 남북 협력 분야 제도 준비 개별관광 이산가족 고향 방문 인도 목적 출발 이산가족 건강 체력 효율적 동선 시작 개성 금강산 후보 대화 교착 상태 상황 악화 친서 교환 정상 신뢰 유지 상황 관리 가능 북핵문제 해결 해결 변수 중요 생각 북한 완전 비핵화 약속 지적 상황 낙관 협상 포기 대안 우울 대안 협상 성공 노력 국회 협조 국회 국회 상의 추진 생각 야당 의원 협력 생각 통일경제특구법 접경 지역 발전 중요 만큼 통과 사료 공개 그동안 학계 그동안 요구 공개 원칙 애로사항 공개 원칙 내부적 나름 원칙 기준 심의위원회 년대 남북회담 년 년 시작 공개 외교문서 사건 단위 공개 신변이상설 김정은 국무 위원장 신변 이상설 북한 특이 동향 파악 신변이상설 보도 기사 김여정 부부장 후계설 조직지도부장 가지 가능 신중 판단 부부장 정치국 후보 위원 포함 의미 개인적 위상 변화 북한 정책 결정 구조 포괄적 신나리 코로나 개별관광 김연철 판문점 재추진 이산가족 동해북부선 부부장 신변이상설 집무실 그동안 남북한 김정은 코로
문재인정부,뉴딜,기재부 글로벌 원자재 가격 상승으로 내구재 가격까지 오를 수도 기획재정부 차관이 최근 글로벌 원자재 가격 상승이 내구재 등 소비자가격 상승으로 이어질 수 있다 고 우려했다 이억원 기획재정부 차관은 일 혁신성장 전략점검회의 겸 정책점검회의 겸 한국판뉴딜 점검회의 겸 제 차 물가관계차관회의 를 열고 이같이 밝혔다 이 차관은 원유와 비철금속의 경우 수급차질 발생 가능성은 낮으나 철강의 경우 상승 기재부 글로벌 원자재 가격 내구재 가격 수도 기획 재정부 차관 글로벌 원자재 가격 상승 내구재 소비자 가격 상승 차관 이억원 기획 재정부 전략점검회의 정책점검회의 물가관계차관회의 혁신 성장 전략 점검 회의 정책 점검 회의 한국판 뉴딜 점검 회의 물가 차관 회의 차관 원유 비철금속 수급 차질 발생 가능 철강 생산 코로나 수준 회복 중국 철강 가격 상승 일본 생산축소 공급감소 수입 철강재 공급 감소 수급애로 발생 수급 상황 존재 예상 차관 중소기업 가격상승분 원자재 가격 상승 납품단 반영 어려움 파악 상승분 원자재 가격 상승 시차 내구재 소비자가격 반영 가능성 존재 정부 급등 원자재 가격 회복세 경제 리스크 요인 작용 신속 대응 글로벌 원자재 가격 상승 충격 최소화 정부 보유 비축물자 탄력적 운영 기업들 할인 외상 판매 철강 수급 불안정 품목 업계 생산확대 독려 수출물량 내수 전환 공급 확보 사재기 시장교란행위 점검반 부처 합동 점검 구성 단속 중소기업 대상 융자 원자재 구매 대금 확대 중소기업 협회 단체 공동구매 활성화 원자재 중소기업 철강재 이억원 가능성 내구재 코로나 점검반 공급감소 재정부 소비자가격 소비자 기업들 정책점검회의 물가관계차관회의 전략점검회의 시장교란행위 시장교란 비축물자 활성화 공동구매 수출물량 중국 최소화 비철금속 생산확대 불안정
문재인정부,뉴딜,심상정 검찰 인사로 재벌 경제권력 수사 축소되지 않길 청해부대 작전지역 확장 결정에 이란과 적대하는 어떤 파병도 반대 총선 득표 지역구 명 당선 목표 민주당과 후보단일화 없다 정의당 심상정 대표는 일 추미애 법무부 장관 취임 이후 진행중인 검찰 인사와 관련 재벌과 경제권력에 대한 수사가 축소되지 않기를 바란다 고 했다 심 대표는 이날 국회에서 연 신년 기자회견에서 검 인사 심상정 검찰 재벌 경제권력 수사 축소 확장 청해부대 작전 지역 결정 파병 반대 득표 총선 지역구 당선 민주당 후보단일화 대표 정의당 심상정 취임 추미애 법무부 장관 진행중 검찰 인사 재벌 경제권력 수사 축소 대표 이날 국회 신년 회견 결과 검찰 조직 개편 가지 염려 법무부 윤석열 총장 주변 간부 좌천 인사 한데 일 권력 사건 반부패수사부 공공수사부 축소 경제 경제 서울남부지검 증권 범죄 합동 수사단 서울중앙지검 조세 범죄 조사부 과학기술범죄수사부 폐지 형사 공판부 변경 조직 개편 대표 검찰개혁 시대정신 항명 외압 수평 차원 논의 검찰개혁 국민 절대다수 요구 검찰 수용 조국 사태 정의당 반대 입장 유보 민주당 이중대 비판 법무부 장관 엘리트 특권 가감 비판 대표 국회 교섭 단체 대표 연설 언급 국민 사과 말씀 이중대 양당 정치 퇴행 언어 진중권 동양대 교수 정의당 탈당 질문 대표 구별 거론 대표 정부 호르무즈 해협 독자 파병 결정 정의당 이란 파병 반대 파병 목적 변경 절차 국회 동의 국방위원장 안규백 국회 국방 위원장 민주당 통과 동의안 청해부대 파병 연장 동의 근거 추가적 국회 동의 대표 득표 다수 지역구 당선자 배출 원내교섭단체 구성 지역구 후보 최소 지역구 당선자 민주당 후보 단일 대표 김제남 의원 청와대 기후 환경 비서관 발탁 의원 연락 소개 민주당 협치 총선 민주당 협치 가능 협치 주체 정책 비전 협치 중심 호남 민주당 지배 지역 민주당 정의당 미래 경쟁체제 전략 생각 정의당 포함 정치권 인재 육성 외부 수혈 의존 지적 미담 주인공 발탁 준비 분야 당장 국회 역할 분들 극소수 배치 대표 정의당 총선 미래 정치혁명 원년 민주주 세대교체 특권 정치 교체 다원 실현 뉴딜 개혁 방안 제시 민주당 정의당 청해부대 지역구 협치 수사부 법무부 심상정 세대교체 이중대 서울남부지검 서울중앙지검 청와대 윤석열 추미애 검찰개혁 당선자 안규백
문재인정부,뉴딜,내년 예산 사상 첫 조 원대 눈에 띄는 예산은 앵커 정부가 내년 나라 살림 규모를 사상 처음 백조 원 넘게 편성했습니다 코로나 위기와 양극화 극복을 위해 재정 지출을 더 늘리겠다는 겁니다 우리 실생활과 밀접하거나 눈에 띄는 이색 예산안들도 마련됐는데요 우리 세금으로 만든 돈이 내년에 어디에 어떻게 쓰일지 경제부 김수연 기자와 자세히 짚어보겠습니다 김 기자 오늘 사상 내년 예산 예산 앵커 정부 내년 나라 살림 규모 사상 백조 편성 코로나 위기 양극 극복 재정 지출 실생활 밀접 이색 예산안 마련 세금 내년 경제 김수연 정부 살림 내년 나라 예산안 정부 내년도 예산안 확정 본예산 규모 사상 조 수입 지출 확장 재정 씀씀이 내년 나랏빚 국가채무 앵커 정부 코로나 상황 내년 예산 코로나 충격 격차 보건 복지 고용 분야 예산 편성 조 정도 투입 예산 조 예산 일자리 국민 고용 보험 추진 백신 구입 방역 예산 포함 탄소 중립 투자 한국판 뉴딜 환경 예산 앵커 예산 서민 저소득층 실생활 밀접 예산 사업 예산 저소득층 청년 현금 지원 성격 사업들 청년 부담 부담 대학 등록금 대학 혜택 반값 등록금 국가 장학금 지원 확대 청년 월세 지원 주거비 부담 저출산 극복 지원책들 영아 수당 만 출산 출산 아동 용품 구입비 만 지급 앵커 등장 이색 예산 요즘 이건희 컬렉션 내년 예산 투입 상황 요즘 코로나 예약 전시회 이건희 컬렉션 회장 이건희 삼성그룹 평생 수집 문화재 미술작품들 특별 공개 작품들 체계적 관리 정부 이건희 컬렉션 예산 배정 국가 지정 문화재 포함 만큼 데이터베이스 구축 문화 예술 현장 목소리 반영 예산 지방 이건희컬렉션 전시 기획 예산 앵커 현장 목소리 반영 예산들 예산들 설명 군대 내무반 병영 생활관 비데 설치 사업 포함 변기 비데 설치 정도 계획 업체 주기적 관리 임대 형식 장병들 부담 비데 관리 계획 가정 비용 수도관 교체 지원 상공 궤도 년 탐사 궤도선 발사 예정 영상편집 양의정 그래픽 고석훈 코로나 이건희 문화재 등록금 예산안 구입비 김수연 일자리 조 한국판 뉴딜 수도관 삼성그룹 반값 실생활
문재인정부,뉴딜,주식 장기보유 세제 혜택 검토 또 조세형평성 후퇴 정부가 내년에 소비 촉진과 공공투자 민간자금 유도 등을 위해 각종 세제 인센티브를 약속한 가운데 주식 장기 보유에 대한 세제 혜택도 검토에 들어간다 대부분 고소득자에게 유리한 제도여서 조세형평성을 후퇴시킨다는 비판이 나오고 있다 일 기획재정부에 따르면 기재부는 주식을 오랜 기간 보유하면 세제를 지원하는 방안을 검토하기 위해 용역을 발주할 검토 주식 장기 보유 세제 혜택 조세 형평 후퇴 정부 내년 소비 촉진 유도 공공 투자 민간 자금 인센티브 각종 세제 약속 주식 장기 보유 세제 혜택 검토 유리 제도 조세형평성 후퇴 비판 기획재 정부 기재부 주식 기간 보유 세제 지원 방안 검토 용역 발주 계획 기재부 일 경제 정책 방향 시중 자금 단기 현상 완화 주식시장 유인책 장기 투자 검토 과세 주식 양도 차익 과세 내년 보유 장기 주식 지원 방안 마련 시행 가능성 주식 소득 과세 기준 애초 천만 애초 천만 상향 상황 장기 보유 혜택 조세 후퇴 비판 슈퍼개미 세금 부과 상황 혜택 장기 보유 기재부 천만 수익 대상자 주식 양도 차익 과세 만 추정 부연구위원 강동익 한국조세재정연구원 부연구 위원 주택시장 실거주 혜택 장기 보유 시장 안정 주식시장 면세 기준 누진세율 사실상 혜택 장기 보유 고소득층 주식 투자 사람 혜택 세금 사람들 전가 주식 투자 적기 매매 저해 왜곡 효과 교수 우석진 명지대 경제학 혜택 장기 보유 신주 투자 효과 발행 주식 효과 정부 경제정책방향 내년 신용 카드 금액 추가 소득공제 용혜 기본 소득 의원실 년 신용 카드 공제 혜택 근로 소득 분위 상위 분위 집중 신용 카드 소득 공제액 절반 상위 신용 카드 사용 공제 혜택 국고채 공모 뉴딜 인프라 펀드 투자 세제 혜택 기재부 내년 개인 투자 년 년 국고채 발행 만기시 보유 개인 가산금리 투자금 한도 분리 과세 혜택 계획 공모 부동산 펀드 제로에너지빌딩 임대주택 뉴딜 인정 최대 투자금 배당금 세율 분리 과세 혜택 부여 분리과세 근로소득 금융소득 세금 부과 종합과세 내년 최고 세율 별도 세금 부과 공동위원장 오건호 복지 국가 공동 위원장 코로나 소득 평등 자산 평등 악화 상황 고소득자 세금 책임 기재부 투자금 분리과세 오건호 의원실 천만 국고채 조세형평성 근로소득 한국조세재정연구원 강동익 명지대 뉴딜 우석진 주식시장 대상자
문재인정부,뉴딜,주민이 살기 좋은 차별화된 원도심 만든다 주민의 참여와 동의 없이는 도시재생 사업을 진행할 수 없습니다 조충훈 사진 전남 순천시장은 지난달 일 인터뷰에서 건물을 허물고 새로 짓는 형태가 아닌 시민이 참여하고 시민이 만들어가는 게 도시재생 사업의 핵심 이라며 정원과 습지에서 순천의 경쟁력을 찾았고 이제 도시재생에서 순천의 미래를 봤다 고 말했다 전국 도시재생 사업을 선도하는 순천 주민 차별화 원도심 순천시장 조충훈 전남 순천 시장 주민 참여 동의 도시 재생 사업 진행 조충훈 사진 전남 순천 시장 인터뷰 지난달 건물 형태 시민 참여 시민 사업 도시 재생 핵심 정원 습지 순천 경쟁력 도시재생 순천 미래 사업 전국 도시 재생 선도 순천시 도시재생 도시 재생 년 사업 시장 순천 도시재생 전담 도시재생과 신설 지자체 건축 도시 건설국 소속 시장 경제 관광국 산하 도시재생과 경제진흥 관광진흥 정원산업 시민소통 진용 협업 중점 조직개편 단행 야구 기선 제압 선두타자 역할 도시재생과 재생 시너지 효과 경제 관점 해결 능력 도시재생과 순천 미래 순천 차별화 도시 재생 전략 공장 도시 경쟁력 자연 생태 시대정신 동천 순천만 보전 세계 연안습지 순천만 세계인 보물 국가정원 대한민국 국가 정원 탄생 시대정신 도시재생 속도 방향 외부 전문가 주민 차별화 전략 도시재생 완성 재개발 도시재생 순천시 도시 재생 사업 단순 건물 재개발 도시 핵심 원도심 재생 거주 인구 상권 일자리 선순환 원도심 실제 순천 심장 지역 향동 중앙동 도시 재생 사업 지속 가능 일자리 창출 연계 도시 재생 사업 출발 마을협동조합 마을기업 사회 기업 청년챌린지숍 청년창업기업 발전 도시재생 가능 신도심 균형 도시 발전 추구 도시재생 구체적 성과 도시재생 사업 문화 역사 생태 사람 주제 바탕 추진 예술인 거리 조성 관광화 정책 장안창작마당 거점 예술촌 대표 문화 공간 조성 순천부읍성 역사 문화 관광 자원 사업 성과 주민교육 양성으 분야 활동가 주민 소통 선도모델 평가 국토 교통부 평가 연속 지자체 전국 지자체 도시 재생 선도 사례 계획 단계 진행 마무리 주민 참여 사업 강조 계획 외부 용역 배제 지역주민 작성 공모 지역 도시 재생 프로그램 정부 도시 재생 뉴딜 사업 지정 년 년 국비 포함 사업비 장천동 남제동 저전동 사업 도시 재생 진행 년 원도심 공동 현상 발생 신도심 도시재생 기운 계획 원도심 신도심 읍면지역 균형 도시 발전 주민 주도 사업 진행 도시 재생 뉴딜 사업 저출산 고령화 극복 차 산업 혁명 성공적 완수 핵심 수단 사업 대표 모델 순천시가 마련 도시재생 순천 원도심 지자체 신도심 순천만 도시재생과 조충훈 재생과 대한민국 일자리 활동가 시대정신 순천부읍성 전남 재개발 순천시 경쟁력 사업비 양성으 연안습지
박근혜정부,연금,정치 전관예우 눈총 받는 퇴직공직자 지방대학 초빙사업 고급과학기술자와 유능한 전문경력자가 현직에서 취득한 경험을 지방 학생에게 전수하고자 마련된 전문경력인사 초빙 활용지원사업 이 당초 취지에 맞지 않게 또 다른 전관예우 사업 으로 전락하고 있다는 논란이 제기되고 있다 국회 교육과학기술위원회 박홍근 의원 민주당 이 한국연구재단으로부터 받은 최근 년 동안 전문경력인사 초빙 활용지원사업 선정 현황 전관예우 눈총 초빙사업 퇴직 공직자 지방 대학 초빙 사업 고급과학기술자 유능 전문경력자 현직 취득 경험 지방 학생 전수 마련 활용지원사업 전문 경력 인사 초빙 활용 지원 사업 취지 전관예우 사업 전락 논란 제기 국회 교육 과학 위원회 박홍근 의원 민주당 한국연구재단 년 년 과학기술 과학 공공 기관 출신자 국방부 포함 외교부 국정원 정부 부처 고위 공직자 출신 차지 고위공직자 국방부 외교부 국정원 출신 인사 국방부 인사 국정원 출신 차지 계급정년 조직 특성 계급 정년 퇴직 고위공직자들 다수 지원 풀이 외교부 홈페이지 사업 공고 게시 퇴직자들 사업 지원 적극 홍보 한국연구재단 교육 과학 기술부 산하 수행 사업 경험 고급과학기술자 국가기관 사업체 고위 정책 관리자 경영자 유능 전문경력자 재직 기간 축적 전문지식 경험 후진 전수 목적 전문 경력 인사 선정 수도권 제외 지방대학 지자체 연구소 지자체 부설 초빙교수 연구진 활약 최대 지원 전문 경력 인사 지원 요건 급 국가공무원 국가 공무원 장성 기관 만 원씩 연구장려금 지급 장려금 최대 지원 년 정부 지원 금액 억 정무직 공무원 컴백 일반 회사 정식 취업 활용지원사업 전문 경력 인사 초빙 활용 지원 사업 참여 고위공직자들 차관급 출신 다수 신임 서남수 교육 과학 기술부 장관 교육부 차관 퇴직 대상자 사업 지원 선정 개월 만 개월 수령 장관급 씨 여성부 장관 씨 중앙 선관위 상임 위원 씨 환경부 장관 법제처장 년 지원 현역 의원 대 의원 국회의원 당선 지원 전직 의원 지방대 초빙교수 활약 연금 과도 특혜 논란 신분 지방대 초빙 교수 보통 학점 과목 학부 수업 학생들 수강 대학원 수강생 천차만별 대학원 수업 명 확인 결과 고위 공직자 출신 씨 강의 대학원 수업 수강생 명 일각 사업 고위공직자들 전관예우 사업 전락 비판 퇴직 고위 공직자 장성들 만 만 정도 공무원연금 군인연금 수령 한국연구재단 관계자 대학원 강의 학부 수강 폐지 소수 학생 수강 초빙교수 지원금 연금 중복수령 제한 일반적 시간강사 학기 학점 과목 강의 만 정도 강사들 강의료 퇴직 고위공직자들 금액 강의 지적 박홍근 의원 여억 예산 전관예우 사업 지출 고위공직자들 자신들 미래 국민 혈세 낭비 비판 고위 공직자 정도 공무원연금 군인연금 수령 수익 국가 마련 과도 특혜 주장 사업 예산 문제점 지적 년 시작 예산 억 무역 배 증가 사업 금전적 지원 고위공직자들 증가 얘기 국회 증가 사업 예산 정부 원안 증액 관계자 국회 교육 과학 위원회 심사 예산 심사 정부 예산편성안 국회 증액 국회 사업 예산 이해 시민단체들 사업 취지 사업예산 축소 주장 정창수 나라 살림 연구소장 사업 시작 연금 중복 고위공직자들 과도 특혜 의견 사업 전문성 입증 인사들 강의 사업 축소 경실련 김삼수 정치 입법 팀장 고위공직자들 전문성 국민 세금 집행 사업 만큼 사업 본래 취지 기회 검증 한국연구재단 사업 고위공직자들 현직 경험 지방대 학생 전수 사업 입장 한국연구재단 관계자 내부 지침 고위공무원들 과학 분야 출신 고위 공무원 우대 선정 지원자 현실 특정 분야 인사 인원 선정 제한 제도 개선 장치 마련 공직자 한국연구재단 공무원 지방대 고위공직자들 고위공직자 대학원 국정원 국방부 관계자 경력자 전관예우 법제처장 과학기술 외교부 지자체 지방대학
박근혜정부,연금,오늘부터 인사청문회 여야 창과 방패 대결 뉴스투데이 국회가 오늘부터 감사원장과 보건복지부 장관 검찰총장 후보자 인사청문회를 벌입니다 여야의 대립이 첨예한 상황이어서 치열한 검증 공방이 예상됩니다 김 현 기자입니다 오늘과 내일 열리는 황찬현 감사원장 후보자 인사청문회 위장전입 의혹과 본인의 병역면제 과정 아들의 전세자금 지원 증여세 등이 논란이 될 것으로 보입니다 문형표 인사청문회 여야 방패 대결 뉴스투데이 국회 감사원장 보건 복지 장관 인사청문회 검찰 총장 후보자 인사 청문회 여야 대립 상황 치열 검증 공방 예상 황찬현 감사원장 후보자 인사 청문회 위장전입 의혹 본인 병역면제 아들 증여세 전세 자금 지원 논란 문형표 보건 복지 장관 후보자 전문가 연금 재정 보건 의료 분야 전문 논란 의혹 증여세 지각 납부 김진태 검찰 총장 후보자 청문회 국정원 댓글 의혹 사건 정상 회담 대화록 수사 방향 여수 여수 투기 의혹 아들 의혹 병역 면제 집중 거론 황찬현 후보자 위장 전입 의혹 일시 주소 해명 문형표 후보자 연금 재정 분야 최고 전문가 평가 김진태 후보자 의혹 부동산 투기 해명 상황 여야 대치 상황 전임수장들 정치 논란 교체 인사청문회 치열 공방 예상 김현 김현 김현 후보자 김현 증여세 청문회 김진태 인사청문회 황찬현 문형표 전문가 여수 감사원장 위장전입 대화록 국정원
박근혜정부,연금,공무원연금 개혁을 위한 네 가지 제안 이번 주 새누리당이 공무원연금 개혁안을 입법 발의할 예정이다 김무성 대표 등 지도부가 공동 발의자로 나선다 가능한 빨리 일을 해치울 태세다 일 밤 새누리당 공무원연금 개혁 가 국민연금 방식의 하후상박을 공무원연금에 적용하기로 결정했다는 보도도 나왔다 언론 보도대로라면 긍정적 진전이다 하지만 여전히 점검해야 할 사안이 많다 토론에 토론을 공무원 연금 개혁 가지 제안 복지국가 공무원 연금 개혁 테이블 진짜 국민 새누리당 공무원 연금 개혁 입법 발의 예정 김무성 대표 지도부 공동 발의자 가능 태세 일 새누리당 공무원 연금 개혁 국민 연금 방식 하후상박 공무원연금 적용 결정 보도 언론 보도 긍정 진전 점검 사안 토론 토론 사회 공감대 연금 개혁 졸속적 방식 진행 연금 개혁 결과 중요 시대 상황 연금제도 신뢰 공무원 연금 개혁 생산적 방향 가지 제안 하루 국민포럼 포럼 웃음거리 국민 중단 진짜 국민 테이블 안전행정부 지난주 금요일 공무원 연금 개혁 국민 포럼 개최 도시 순회 국민 공무원 공론 마련 포럼 취지 가관 국민포럼 개최 사실 하루 국민 나라 언론 보도 패널 섭외 하루 당일 모양 국민포럼 지난주 금요일 국민 포럼 수도권 서울 경기 인천 국민 의견 자리 행사 계획안 소요 장관 인사 마무리 말씀 포함 실제 현장 발언 시간 화요일 충청권 세종 대전 충청 국민포럼 시 시 예정 행정 기획 진행 국민 교수 서울과학기술대 김영순 후마니타스 영국 연금개혁 합의 방식 나라 전국 순회 국민들 토론 토론 전후 의견 변화 반영 정부 노력 안전행정부 영국 이야기 모양 영국 사람 국민 포럼 일 서울역광장 대한민국공무원노동조합총연맹 개최 공적 연금 복원 공노총 총력 결의 대회 참가 공무원들 중단 공무원 연금 개악 구호 권위 보고서 정부 공무원 연금 자료 전면 공개 권위 작업 공무원 연금 수령자 통계 전무 공무원 직급 직종별 재직기간별 연금액 얼마 자료들 방안 공무원 연금 개혁 논의 핵심문서 국회의원 요구 수령자 유형 직급 평균액 산출 양해 답변 유형 유형별 회피 수령자 정보 해석 다행 국정감사 연금액별 재직기간별 수치 직종 연금액 모습 국회 안전 행정위 새누리당 간사 조원진 의원 가능 상황 공무원 연금 실태 정부 책임 보고서 국민연금 년 정부 재정추계위원회 구성 년 작업 결과 보고서 공개 국민 연금 실태 미래 전망 토론 수치 도출 공무원연금 기본 자료 공개 심층 작업 심층 진행 공무원연금 국민연금 구조 공무원연금 차례 개혁 재직자 내부 적용 제도 차이 항목 직종 재직기간 직급 개혁연도 감안 비교 자료 비교 논의 공무원 연금 개혁 기본 토대 국민연금 차이 평가 개혁 방안 논의 계급장 하후상박 공무원연금 전면적 하후 상박 원리 정부 국민연금 형평성 강조 국민연금 단일화 추구 국민연금 하후상박 균등지수 새누리당 수용 언론 보도 이행 정부 학자 현행 비례 방식 공무원연금 지지 공무원연금 직종 연금 일반 국민 가입 국민연금 설명 연금 노후소득보장제도 공무원연금 정부 예산 대규모 투입 개입 공공 분배 의원 새누리당 조원진 공개 자료 공무원 연금 수령자 내부 격차 공무원연금 기준 공무원 연금 사람 평균액 만 연금액 만 사람 만 사람 명 연금액 직종 월평균 차이 정무직 만 기능직 만 재직기간 연금액 영향 수령자 연금 년 재직 사람 절반 수령자 만 평균 연금액 만 재직 공무원들 평균 재직기간 교육 공무원 만 상대적 판검사 만 재직기간 공무원 연금 수령액 차이 공무원 내부 위계 보수 차이 연금액 반영 결과 공무원연금 내부 비례연금 상위직급 월급 직종 보수 비례 연금액 재직기간 비례 연금제도 특성 재직 사람 연금액 연금액 격차 시정 시절 공무원 재직 위계 내부 계급 작동 최소 노후복지 과거 계급장 퇴직 인생 후반 노인 서로 국민들 공무원 연금 개혁 동시 하위 공무원 애환 공감 개혁 방향 가입기간 가입기간 하후 상박 원리 적용 가입기간 하위 공무원 삭감 연금 급여 최소화 중위 공무원 누진적 방식 모색 개혁 가입기간 국민 연금 방식 균등지수 당사자들 하위 공무원 당사자 명분 정부 재정 절감 열차 충돌 출구 공적 연금 강화 기초 연금 인상 연금 체계 기초연금 주목 공무원노조 국민연금 포함 연금 강화 협의체 구성 요구 공무원연금 국민연금 하향 평준 국민연금 상향 방안 모색 취지 공무원연금 하향 평준 비판 진정성 국민 연금 상향 방안 생각 국민 연금 급여율 보험료율 입장 국민 연금 급여 보험료 수준 이야기 어려움 현행 국민 연금 급여 년 가입 기준 조응 보험료율 급여 수준 보험료 차이 후세대 연금 현세대 미래세대 중요 이해관계자 고령화 진행 평균수명 현실 세대 공평 연금 지속가능 명심 우리나라 노동시장 불안정 국민연금 보험료 급여 제공 기준 정규 노동자 국민연금 가입 노동시장 불안정 기초연금 역할 중요 년 일반 국민 공적 연금 국민연금 년 공적 연금 중요 기둥 기초연금 기초노령연금 박근혜정부 기초연금 보편주의 성격 후퇴 최고 금액 국민 연금 평균 소득자 급여 국민 연금 평균 소득자 가입 자신 국민 연금 급여 생각 기초 연금 의미 공적 연금 미래 이야기 기초 역할 주목 우리나라 연금 논의 국민 연금 중심 경향 정부 기초연금 선별주 공공부조 축소 의도 기초연금 노동 시장 안정 사각지대 연금 동일 금액 제공 노후복지 사회 연대 효과 보편주의 기초 연금 공적 연금 체계 공공성 강화 공무원 연금 개혁 출구 하후상박 공적 연금 강화 출구 기초연금 인상 진짜 국민 테이블 새누리당 법안 공무원 연금 개혁 제출 논쟁 본격화 치열 논쟁 졸속 심의 곤란 지방선거 독소조항 물가 연동 기초연금 통과 기초연금 전례 경험 정부안 독소조항 존재 경제 상황 고령 정도 연동 연금액 조정 자동 안정 장치 물가 반영 물가 연동 인상 배제 우리나라 적합 독소조항 세입 정부 연금 재정 빈약 우리나라 장치 노력 세입 확대 연금액 삭감 개연성 조항 논의 통과 공적 연금 신뢰 훼손 새누리당 법안 제출 본격적 논의 신호탄 논의 박근혜 정부 국민 개혁 추진 진행 국민포럼 방식 일방 주의 자체 중단 민의 진짜 국민 테이블 국민들 공적 연금 이해 지속가능성 책임 당사자들 사회적 다수 결과 수긍 내만복 칼럼 필자 참여 팟캐스트 논의 칼럼 공무원 공무원연금 국민연금 연금액 새누리당 수령자 우리나라 국민포럼 하후상박 영국
박근혜정부,연금,부 오늘의 주요뉴스 앵커 경기도 성남 야외공연장의 환기구 덮개가 무너지면서 명이 숨지고 열한 명이 크게 다쳤습니다 환기구에 올라갈 관람객을 막을 안전장치도 안전요원도 없었습니다 앵커 박근혜 대통령은 프란치스코 교황을 예방해 한반도 평화 통일에 대한 염원을 밝혔습니다 한 이탈리아 정상회담에서는 양국 관계를 창조경제 파트너십으로 강화해 나가기로 합의했습니다 부 주요뉴스 앵커 경기도 성남 야외 공연장 환기구 덮개 명 환기구 관람객 안전장치 안전요원 대통령 앵커 박근혜 프란치스코 교황 예방 통일 한반도 평화 염원 이탈리아 정상회담 양국 창조 경제 파트너십 강화 합의 앵커 정부 공무원 연금 개혁 공개 방안 강도 공무원 노조 반발 앵커 주말 전국 일교차 가을 날씨 기온 서울 전주 내륙 지역 서리 얼음 공무원 환기구 전주 서울 성남 박근혜 정상회담 일교차 이탈리아 주요뉴스 프란치스코 공연장 관람객 안전장치 안전요원 경기도 부 앵커 파트너십 안전 평화 한반도 양국 서리 지역 가을 공개 정상 방안 개혁 날씨 교황
박근혜정부,연금,후속대책 마련 분주 여야 원내대표 내일 회동할 듯 앵커 월 임시국회를 앞둔 마지막 주말 여야는 공무원연금 개혁 합의안 처리 불발에 대한 후속 대책 마련에 분주한 모습입니다 여야 원내대표단은 이르면 내일 물밑 접촉을 갖고 협상에 들어갈 것으로 보입니다 국회 취재기자 연결합니다 이승현 기자 월 임시국회가 코앞으로 다가 왔는데 여야 분위기는 어떻습니까 기자 먼저 새누리당은 오는 분주 후속 대책 마련 여야 원내대표 회동 원내 대표 앵커 임시 국회 마지막 주말 여야 불발 공무원 연금 개혁 합의 처리 마련 후속 대책 분주 모습 여야 원내 대표단 접촉 물밑 협상 연결 국회 취재 이승현 임시 국회 코앞 여야 분위기 새누리당 본회의 최고위원회 협상 공무원 연금 원칙 방향 논의 방침 유승민 원내 대표 가능성 연금개혁안 검토 상태 최고위 합의 원점 재검토 특위 합의 처리 국민연금 야당 추가 협상 논의 결정 공무원 연금 개혁 불발 정치권 책임론 만큼 국회 처리 무산 각종 법안 본회의 처리 방향 논의 가능성 새정치민주연합 무산 공무원 연금 개혁 처리 책임 여당 새누리당 조치 명시 책임 법안들 처리 분위기 새정치연합 국회 민생 외면 책임론 부담 만큼 법안 연말 정산 환급 법안들 우선처리 의견 원내대표 이종걸 신임 원내 대표 공무원 연금 개혁 연말 정산 법안 포괄처리 시도 소득세법 우선처리 방안 검토 입장 여야 국회 이틀 만큼 주말 입장 앵커 원내대표 결국 여야 원내 대표 원내 지도부 협상 방향 일정 원내 대표 회동 원내지도부 새정치민주연합 신임 원내 지도부 구성 여야 원내 대표 회동 방식 관심 원내 대표단 회동 가능성 하루 국회 하루 원내대표 수석부대표 접촉 방식 가능성 당직자 새누리당 핵심 야당 원내 지도부 만큼 일정 회동 정도 의견 이춘석 새정치연합 신임 원내 수석 부대표 통화 수석대표들 협의 원내대표간 상견례 책임 합의 무산 신뢰 회복 단계 선행 회동일정 구체적 양당 원내 대표 협상안 공무원 연금 개혁안 협상 소득세법 개정안 민생 법안 처리 의사일정 전망 국회 원내대표 만큼 공무원 새누리당 법안들 개혁안 분주 본회의 가능성 새정치민주연합 소득세법 최고위
박근혜정부,연금,주민등록번호 강행 소송도 불사 앵커 일본에서는 내년부터 우리나라의 주민등록번호와 비슷한 마이 넘버 제도 가 시행됩니다 마이 넘버 제도는 변화하지 않는 일본을 뿌리째 바꾸려는 아베 정권의 야심이 담겼는데요 제도 시행에 맞서 소송 움직임도 일고 있어 적잖은 마찰을 예고하고 있습니다 도쿄에서 최명신 특파원이 보도합니다 기자 우리나라의 주민등록번호와 비슷한 마이넘버 제도입니 주민 강행 소송 불사 앵커 일본 내년 우리나라 주민등록번호 제도 마이 넘버 시행 제도 마이 넘버 변화 일본 뿌리째 아베 정권 야심 제도 시행 소송 움직임 마찰 예고 도쿄 최명신 특파원 보도 우리나라 주민등록번호 마이 넘버 제도 일본 거주 거주자 내년 자리 고유번호 부여 일본 정부 우편 개인번호 통보 아베 정권 일본 뿌리 개조 야심 이달 여론 반발 국회 마이 넘버 법안 통과 납세 각종 사회 보장 시작 년 예금계좌 의료기록 통합 관리 구상 행정 업무 효율성 세원 세수 노림수 아키라 일본 경제 재생 담당상 이외 마이넘버 아사히 신문 여론 조사 결과 마이 넘버 제도 거부감 국민 여론 일본 연금 기금 만 개인 정보 대량 유출 개인 정보 유출 악용 시민 시민 분실 사람 악용 걱정 일본변호사협회 시민단체 마이넘버 사생활권 보장 헌법 사용 요구 소송 제기 방침 마찰 예고 일본 마이넘버 우리나라 아베 만 뿌리째 의료기록 효율성 세원 예금계좌 최명신 도쿄 고유번호 노림수 일본변호사협회 담당상 주민등록번호 자리 사생활 시민단체 거주자 개인번호 아키라 부여 사생활권 아사히 거부감 제도 개인
박근혜정부,연금,투자전문가에게 듣는 재테크 전략 짜기 금리 인하 지속 국내외 경기상황 악화 부동산 가치 하락 주식시장 변동성 심화 경제성장 둔화 최근 안팎에서 벌어지는 각종 경기 악화 현상이다 그에 따라 자산가들이 마땅한 투자처를 찾지 못해 주저하고 있다 앞으로 어떤 방향으로 재테크 전략을 짜야 하는지 투자전문가들에게 물었다 하나은행 서현역지점의 골드클럽 프라이빗 뱅커에서 고액자산가를 상대로 투자전문가 짜기 재테크 전략 채권 주식 안배 위험요소 지속 금리 인하 악화 경기 상황 하락 부동산 가치 심화 주식 시장 변동 경제 성장 둔화 안팎 각종 경기 악화 현상 자산가들 투자처 주저 방향 재테크 전략 투자전문가들 하나은행 서현역 지점 뱅커 골드 클럽 프라이빗 고액자산가 상대 투자 포트폴리오 상담 강구 센터장 김연준 팀장 조언 경기상황 경기 악화 현상 북한 공격 전망 위기감 고조 정치 경제 악영향 엔저 현상 수출 산업 경쟁력 약화 우리나라 경제 성장력 둔화 심화 예상 추가 수익 상황 투자목표 기대수익 예년 예상 경기회복기 주식 펀드 하이 일드 채권 펀드 관심 테마 위주 전략 방법 일본 정권 초기 엔저 정책 지속 중국시장 위험 국가 성장세 둔화 수익 원금 펀드 적립식 펀드 전략 분할 매수 손실 위험 관리 수익 추구 목돈 마련 방법 직장인 급여 수급자 적극 이용 고액자산가 자녀 예금 미래 준비 활용 요즘 특수 경기 요인 적립식 펀드 수익률 예전 사실 상품 원금 손실 사람 위기 유럽 경제 파급 세계 시장 요동 상황 채권 상품 인기 자금형 관심 수익 상황 위험 정기 알파수익 투자자 상품 관심 인컴펀드 추천 증시 저금리 상황 인구 고령 상황 수익 추구 채권 주식 안배 위험요소 하나은행 국내주식형 해외 채권 위주 운용 전략 방향 모색 상담 요청 씨 참조 전망 위험 상품 성향 년 자문 형랩 상품 가입 자문형랩 특정 유망 소수 종목 압축 투자 펀드 업종 예측 상황 생각 자문형 일반 성장 펀드 중대형 펀드 인덱스펀드 제안 중국 투자 가치 투자열풍 차이 펀드 손실 투자자들 가격 대로 손실 부담 지속 투자자 시장 손실 펀드 일정 비율 환매 펀드 주식 권유 중국 년 회복 저조 상태 성장잠재력 시장 우리나라 올림픽 거품 주가 각종 경기 부양책 반등 중국 관점 관심 부동산 변화 투자 전략 부동산 투자처 매력 정부부처 세종시 특정 지역 역세권 인접 소형주택 부동산 불패 신화 예상 유지 상속 비용 위험요인 재산 목록 부동산 인구 증가세 도시도확장세 부동산 투자 효력 발휘 반대현상 심화 경제성장력 한계 우리나라 프렌차이즈 산업 발달 자영업자 비중 경기침체 인구감소 자영업시장 위축 상가 투자 조심 고민 부동산 투자 생각 병원 시장 교통 편의시설 근거리 소형 주택 관심 부동산 매력 공시지가 실거래 위주 이중거래 양도 종합 부동산세 실사용자 환금성 부동산 개발지역 주변 확대 요인 강남역 삼성역 위주 밀집 강남 상권 외곽 확대 임대료 평준화 모습 세대 전략 목돈 마련 대 부모세대 씨드머니 종자돈 마련 노후 대비 전략 연금 가입 기본 목돈 적립식 펀드 수익 수익 안정적 투자처 조금씩 재테크 전략 실손 가입 지출비용 절감 방법 씨 변경안 자산 포트폴리오 변경 주가 수준 보유 주식 국내주식형 펀드 정리 평소 수익 추구 변동성 상품 선호 악화 해외 경기 주가 변동 시장 예측 손실 지속적 금리 인하 금리상품 빈약 전망 변동성 주식 상품 신경 생업 지장 수익 위험 변동성 운용 보유 금융 자산 평가액 원 억 주식 삼성전자 현대자동차 종목 억 평가익 브릭스펀드 만 손실 차이나펀드 억 손실 자문형랩 억 손실 기타 정기예금 만 투자기준위험 변동성 위험상품 축소목표수익달성 하락 자산 손절매 수준 하락 평가투자상품 투자 분할매수 투자 분할 매수 분할 매도 전략 자산배분 기준 시장전망 국내주식 가치 상승 상 해외주식형 미국 일본 중국본토 상승 예상 해외 채권 하이 일드 채권 위주 수익 예상 부동산리츠 회복 글로벌 경기 상승 예상 목표수익주식형 기타투자형 정기예금 기타 투자 정기 예금 손실 고려수준 주식형 주식 기타 시장상황 예상 자문 하나은행 서현역 지점 골드 클럽 고액 자산가 재테크 상담 하나은행 골드 클럽 프라이빗 뱅커김연준 팀장 하나은행 펀드 투자 대회 우수 상반기 상강구 보스턴 컴퍼런스 참가 경제신문 시사지 재테크 칼럼니스트 부동산 하나은행 중국 주식형 우리나라 투자처 자산가 자문형랩 투자자 변동성 억 프라이빗
박근혜정부,공무원,서울시 급 공무원 명 뽑는다 서울시가 올해 급 공무원 명을 뽑습니다 직급별로는 급 명 급 명 급 명으로 행정직과 기술직으로 나뉩니다 원서 제출은 다음 달 일부터 서울시 인터넷원서접수센터에서 할 수 있고 최종 합격자는 오는 월 발표됩니다 한동오 서울시 급 공무원 서울시 명 공무원 직급별 행정직 기술직 원서 제출 일 서울시 인터 원서접수센터 최종 합격자 월 공무원 급 서울시 명 명 합격자 행정직 기술직 원서접수센터 직급별 원서 최종 센터 직급 접수 제출 인터
박근혜정부,공무원,영호남을 화합창조벨트로 상생발전기금 조성 등 김관용 경북지사 제안 김관용 경북도지사가 영호남 상생기금 조성과 선진농업 남북교류 공동 추진 등을 내용으로 하는 영호남 상생방안을 제안했다 김 도지사는 일 경북도청에서 기 영호남 화합창조벨트 김관용 경북도 지사 조성 영호남 상생 기금 선진 농업 남북 교류 공동 추진 영호남 상생 제안 도지사 경북도청 기자회견 영호남 분야 교류 확대 지원 구축 영호남 대한민국 화합 창조 벨트 제안 경북 전남 국회의원들 동서화합포럼 구성 화합 상생 노력 행정 뒷받침 각계 진행 영호남 협력 사업 추진력 극대화 영호남 교류 활성 상생발전 상생방안 제안 추진 전략 영호남 가치 공유 문화공감 소통 통일 대박 프로젝트 제시 가치공유 지역 유학 전통 인문정신포럼 고창 정읍 경주 상주 동학 유산 공동 동학포럼 영산 낙동문학포럼 구성 제안 문화 공감 프로젝트 추진 해양 실크 로드 사업 공동 경주세계문화엑스포 개최 광주 비엔날레 공동 추진 가야 문화 공동 사업 대구 성주 무주 건설 고속도로 영호남 초광역 관광 열차 운행 경계지역 신라 백제시대 마을 재현 조성 영호남 상생 공원 공동 노력 확대 공무원 교류 나제 신라 백제 문화제 개최 제안 영호남 북한 마을운동 선진농업 전수 시범마을 조성 사업 추진 예산 영호남 상생 기금 조성 제안 이날 지사 이날 제안 영호남 지자체 협의 상태 도전 도지사 선거 의식 제안 지적 영호남 선진농업 경주 백제 신라 도지사 문화공감 김관용 경북도청 고속도로 가치공유 공무원 상생방안 화합창조벨트 대한민국 국회의원 인문정신포럼 국회의원들 무주 동서화합포럼
박근혜정부,공무원,이명박 정권의 블랙리스트는 지금 어떻게 됐나 블랙리스트 작성을 사주한 김기춘이 영장 실질심사에서 담당부장 판사에게 그것이 범죄인 줄 몰랐다고 진술했다고 한다 실소를 금할 수 없는 발언이다 그런데 문제는 그렇게 생각하는 사람이 김기춘만은 아니라는 점이다 아마도 김기춘의 명을 받아 공모한 조윤선이나 이하 문체부 공무원 가운데 상당수도 같은 생각을 가졌을지 모른다 인터넷에서도 그게 왜 문제냐며 이명박 정권 블랙리스트 나라 이슈페이퍼 김기춘 조윤선 블랙리스트 작성 사주 김기춘 영장 실질 심사 부장 판사 범죄 진술 실소 발언 생각 사람 김기춘 김기춘 공모 조윤선 문체부 공무원 생각 인터넷 논리 사람들 신념 검찰 법원 좌익 나라 주장 조금 출신 공안 검사 동국대 나름 정치 철학 역사 국가 안위 수호 자들 관리 논리 확신 전개 손뼉 사람들 사람들 김기춘 분신술 증명 판국 생각 생각 내면화 헌법 가치 공안 가치 수립 사고 안전 공포 바닥 전도 가치 내면화 자연 발현 독일 아렌트 정치 철학자 한나 저작 구절 홀로코스트 역사 악행 역사 광신자 사회 인격 장애자 국가 순응 자신들 행동 보통 사람들 아렌트 주장 박근혜 최순실 사건 국정 농단 죄의식 죄인 정치인들 고위 공직자 도배 대통령 최순실 위법 제지 저항 사람 극소수 트럼프 이슬람 국가 시민 비자 발급 공직자들 직위 저항 미국 사례 풍경 범법 대통령 묵인 방조 공무원들 블랙리스트 블랙리스트 사실 이명박 정부 시작 강압 언론 통제 표현 자유 침해 연장선상 사건 언론 탄압 사회 건너 신공안정국 이익 오불관언 자세 언론 기자들 공영방송 정권 나팔수 수년 수년 자행 결과 박근혜 최순실 국정농단 블랙리스트 필자 블랙리스트 문화 연구자 이동연 작금 블랙리스트 사건 역사 유산 유신 망령 소환 히스테리 불안 권력 과잉방어 인용 블랙리스트 역사 히스테리 문화 산물 문화 역사 히스테리 증상 블랙리스트 문화 히스테리 증상 역사적 계승 증거 자체 히스테리 심리 역사화 유신시대 자행 문화예술 검열 예술인들 탄압 유신 극렬 히스테리 순간 인혁당 사람 사형 년 박정희 정권 곡 가요 금지곡 대마초 단속 이장희 윤형주 신중현 김추자 인기 가수 포함 명 구속 긴급 조치 발효 정부 공연활동 정화대책 요지 가요 정화 대책 차 곡 차 곡 차 곡 년 레코드 제작 의무적 건전 가요 곡 포함 건전가요의무삽입제 영화 산업 분야 대대적 통제 검열 정신 백화 통치 영화법 개정안 영화 진흥 공사 신설 검열강화 골자 년 한국문화예술위원회 영화 시나리오 사전 심의 강화 비율 시나리오 반려 년 급증 역사 유산 유신 검열 문화 히스테리 블랙리스트 히스테리 역사적 전이 중략 근대화 아버지 박정희 소환 박근혜 현시 유신 체제 문화 예술 검열 블랙리스트 역사 히스테리 부활 이동연 페이스북 포스팅 유신 시절 자행 백주 공갈 박근혜 김기춘 블랙리스트 범죄 청문회 김기춘 언어 아렌트 지적 언어 아렌트 범죄 언어 제한성 포착 자신 행위 타인 강요 가공 폭력 상상 범죄 핵심 지목 참혹 살인행위들 괴수 특별 악인 규정 명령 수행 범위 도덕 판단 상태 정신 불구 기인 자신 범죄 이해 인정 탄핵 기각 복수 박근혜 모르쇠 일관 김기춘 우병우 시대 부활 박정희 유신 블랙리스트 작성 실제 동원 문체부 공무원 한국 공무원들 조직 성원들 상황 부정 불법 명령 저항 장관 국장 과장 지시 불법 부도덕 거부 환경 부정적 일반기업 대개 조직 한국 사회 기준 합리 도덕 개인 양심 보호 조직 결국 한국 근대적 사회 이행 증거 근대성 핵심 합리성 합리 이성 인간 합리 이성 주체 행위 도덕 판단 뿌리 도덕 판단 중지 지시 명령 관습 복종 환경 근대성 체현 조건 인간 주체 근대 인간 행동 사고 한국인들 사회 조건 대다수 한국인 근대적 사회 합리 이성 관철 제도 공간 착각 근대 껍질 물질 성장 외피 근대 이해 물질성 자신 근대인 유감 한국 정신 제도 전근대 사슬 정경유착 연고주의 남이가 전근대 정신 실현태 수년 블랙리스트 작성 적용 일상 업무 갈등 수행 근대 합리 결여 제도 공간 일상 업무 실행 언론 표현 자유 침탈 블랙리스트 작성 김기춘 조윤선 이명박 정권 자행 공영 방송 문화방송 낙하산 임명 김재철 사장 사장 낙하산 임명 대통령 최시중 방통위원장 언론 통제 저항 구성원 파업 장기 극렬 언론인 터전 하루아침 길거리 블랙리스트 위선 자행 언론 압살 사건 중인환시리 장기간 지속 피해 결국 일차 언론인들 강요 치명적 사회 해악 공정 언론기관 사멸 정권 대변 나팔수 오염 방송 감내 국민들 외면 결과 시청 하락 공정 평가 지수 추락 파업 장기전 결국 한국 언론 비극 비극 투입 보도국 대체 인력 사장 김재철 여명 시용기자 계약직 채용 직전 이듬해 퇴사 정규직 전환 파업 참여 임명현 파업 공영 방송 주체 사례 중심 석사논문 자기소외 공영방송 정권 종속 강화 경영진 기조 인격 인사 관리 기조 주체 잉여 호명 외부 격리 도구 호명 경영진 주문 저널리즘 실천 수행 기자들 저항 실천 자신 저널리즘 실천 유예 배경 모멸감 공포 수치심 무력감 집합심리 자리 조직전체 배제 공포 저널리즘 유예 상황 아이템 판단 보도국 간부 수직적 결정 국면 결국 최순실게이트 보도참사 경영진 사법부 부당 징계 판결 무시 부당전보 경력채용 방식 반복 공포 형성 노조 파업 징계 대기발령 교육발령 부서 전보 인사관리 경험 조합원 명 명 본업 제외 직종별 아나운서 년 폭로 백종문 녹취록 녹음 녹음 백종문 편성 제작 본부장 회사 사람들 명 파업 참가자 강제 직종 전환 현황 대통령 탄핵 독재 권력 붕괴 상태 권력 공백 정권 이명박 박근혜 언론 압살 고발 선언 영화 고발 시가 성명 일본군 위안부 피해자 기사 피해자 데스크 난도질 국정교과서 단일교과서 지시 대다수 시민 단체 관변단체 대 기사 항의 저항 자성 미디어 해직언론인 투쟁 연대 블랙리스트 언론 핍박 공정 언론 실종 알맹 근대화 블랙리스트 김기춘 조윤선 한국 사회 전체적 블랙리스트 공포 정치 언론인 탄압 언론 만행 항거 대가 결국 박근혜 국정 농단 비용 블랙리스트 책임자 블랙리스트 처벌 물론 훼손 대로 훼손 정상화 월 국회 통과 방송법 개정안 당장 여소야대 기회 무위 국회 통과 회복 공정 언론 걸음 난제 결국 껍데기 근대 극복 근대성 알맹이 근대 합리 일상 업무 공간 제도 관습 행위 기본 준칙 정착 고개 재앙 정권 언론 사회 한국 숙제 블랙리스트 김기춘 박근혜 히스테리 한국 언론인 아렌트 보도국 수년 이명박 개정안 공무원 백종문 기자들 사람들 대다수 이동연 경영진 공영방송 박정희
박근혜정부,공무원,서울 도심 관광버스 불법주차 해결 위해 면세점 경유 셔틀버스 운행한다 서울시가 도심 교통체증과 미세먼지를 유발하는 관광버스 불법주차 문제를 해결하기 위해 주차장을 추가로 확보하고 호텔 면세점을 경유하는 셔틀버스 운행을 검토하는 등의 대책을 내놨다 시는 일 이 같은 내용의 도심 관광버스 주차 종합대책 을 통해 고질적인 관광버스 주차문제를 해소해 나가겠다고 밝혔다 서울시가 종로 용산 중구 등 도심 내 관광버스 주차 해결 서울 도심 관광버스 불법 주차 셔틀버스 면세점 경유 운행 서울시 도심 교통 체증 미세먼지 유발 관광버스 불법 주차 해결 주차장 추가 확보 호텔 면세점 경유 셔틀버스 운행 검토 대책 일 도심 관광버스 주차 종합 대책 고질적 관광버스 주차 해소 서울시 종로 용산 중구 도심 관광버스 주차장 곳 불법 주차 구간 조사 결과 관광버스 시 관광버스 주차 수요 대 평일 기준 이용 주차장 면 면 부족 실정 권역별 상황 경복궁 권역 면 인사동 면 부족 용산 권역 면 서울시 년 남산예장자락 면 풍문여고 면 신라호텔 면 종로구 면 송현동 부지 면 곳 면 관광버스 주차장 조성 계획 건물 수요 관광버스 주차 해결 불법 정차 유발 호텔 면세점 원칙 수익자 부담 주변 부지 임대 주차장 마련 적극 권고 서울시 수요 관광버스 주차 도심 호텔 면세점 경유 셔틀버스 신설 검토 경복궁 관광버스 주차장 요금 시간 원 원 배 차량 시 인상 문화체육관광부 문화재청 협조 요청 예정 주차난 해소 자구 노력 면세점 특별관리시설물 지정 교통유발부담금 최대 방침 쇼핑 위주 외국인 여행 상품 도보 관광 프로그램 다양화 주차 수요 계획 실시간 주차장 주차 가능 면수 서울주차정보 주차장 정보 제공 분산주차 유도 주차장 이용 활성 대책 서울시 월 시행 제한 노상 주차 유지 공무원 자치구 단속 모니터링 관광버스 주차장 모니터링 접근 권한 부여 방침 제도 개선 주차장법 시행령 개정 단체 관광객 시설물 기준 관광버스 주차장 설치 지방 자치 단체 조례 강화 관광버스 주차장 설치 기준 마련 국세청 관세청 기관 면세점 관할 확보 관광버스 주차장 제도 개선 요청 서울시 승용차 만 만 차이 과태료 관광버스 불법 주차 만 주차 면적 비례 배 인상 불법 정차 벌점 부과 도시교통본부장 윤준병 서울시 도시 교통 본부장 도심 확보 관광버스 주차장 효율 주차장 이용 노력 관계기관 협조 고질적 관광버스 주차 해결 관광버스 주차장 서울시 면세점 송현동 경복궁 원 시설물 용산 셔틀버스 서울 외국인 면 종로구
박근혜정부,공무원,경기 경기도 산불 지상 진화 경진대회 열려 올해 경기도 산불 지상 진화 경진대회가 경기도 안산시 대부도에서 열렸습니다 이번 대회는 경기도 내 개 지자체 공무원과 산불전문예방진화대원들이 참가해 기계화 산불진화시스템 활용에 대한 경연으로 치러져 안산시가 우승했습니다 명씩으로 구성된 각 시 군 팀들은 소방호스를 백 미터까지 끌어 물통에 물을 채우고 다시 동력 펌프를 가동해 결승점 물통 경진대회 경기도 산불 지상 진화 경진 대회 경진대회 경기도 산불 지상 진화 경진 대회 대부도 경기도 안산시 대회 경기도 공무원 지자체 산불전문예방진화대원들 참가 활용 기계 산불 진화 경연 안산시 우승 명 구성 팀들 소방호스 미터 물통 동력 펌프 가동 결승점 물통 방식 진행 경기도 안산시 지자체 소방호스 팀들 결승점 공무원 대원 산불전문예방진화대원들 대부도 경진대회 진화 산불 물통 활용 미터 대회 방식 소방 구성 호스 가동 펌프 동력 참가 우승 예방 전문 기계 경진 경연 지상 진행
박근혜정부,공무원,오늘의 인사 년 월 일 미래창조과학부 창조경제기획국장 오태석 국토교통부 비상안전기획관 서기정 법무부 행정직 부이사관 승진 기획재정담당관 이상순 전산직 기술서기관 승진 정보화담당관실 서인석 국민안전처 고위공무원 소방감 전보 안전총괄기획관 최복수 중앙 구조본부장 조종묵 전라남도소방본부장 이형철 식품의약품안전처 식품안전정책국 첨가물기준과장 인사 일 오태석 미래 창조 과학부 창조 경제 기획국장 서기정 국토 교통부 비상 안전 기획관 법무부 행정직 부이사관 승진 기획 재정 담당관 이상순 전산 기술서 기관 승진 정보 담당관실 서인석 국민 안전처 고위 공무원 소방감 전보 안전 총괄 기획관 최복수 중앙 구조 본부장 이형철 조종묵 전라남도 소방본부장 김미혜 식품 의약품 안전처 식품 안전 정책국 첨가물 기준 과장 이창희 경인지방청 수입 식품 과장 파견 공정 거래 위원회 과장 김의래 과장 전보 공정 거래 위원회 유성욱 카르텔 조사 과장 정희 서비스업 감시 과장 정창욱 서울 사무소 건설 도급과장 승진 장춘재 과장 소비자 거래 심판 담당관 오동욱 제조업 감시 과장 부산 지방 공정 거래 사무 소장 서창현 서기관 전보 업무 지원 팀장 김한주 금융 위원회 전보 규제 개혁 법무 담당관 박명금 대변인 수도권 주택금융공사 신임 대변인 홍보실장 이종석 지역 본부장 전보 수도 동부 차경 수도권 서부 유석희 박승창 동남 김갑천 서남 한국가스공사 전보 실장급 법무실장 박오근 경영 관리 처장 이승 감사실장 조시호 인사 노무처장 김천수 안전 품질 실장 이승희 경남서부 전기 안전 공사 승진 홍보실장 박준현 기획 조정처 제도 개선 부장 이범욱 경영 지원 총무 부장 현덕환 안전 관리처 재난 안전 부장 김권중 안전 기획단장 강대철 천안아산 지사장 이주호 경남 서부 박희만 근로복지공단 본부장 임용 광주 지역 본부장 박인규 승진 창원 지사장 정기배 울산 명옥재 부산 업무 질병판정위원회 제주 위원장 전홍덕 여수 지사장 임화영 대구병원 김기오 창원병원 행정부원장 박호성 하종호 동해병원 김우연 한국산업인력공단 별정직 임용 대전 지역 본부장 엄주천 승진 경남 지사장 김동일 경기 북부 김희선 한국원자력연구원 부원장 백원필 원자력 안전 본부장 송철화 이용 정환 원자력 정책 김현준 핵연료 단장 구양현 원자력 안전 방호 전용범 김병진 한국에너지기술연구원 감사 부장 이영진 안전 관리 실장 손성락 한국소비자원 소비자 안전 센터 소장 심사 한국감정원 상무이사 공시본부장 수도권 박상열 본부장 사업 본부장 김양수 수도 김원식 서남 정찬윤 동남 이희원 건강 보험 심사 평가원 승진 실장 인재경영실 수원지원장 김진국 인재 경영실 국방대학교 교육 공진선 전보 국민 건강 보험 본부장 부산지역 서울 지역 본부장 진종오 부산 지역 전종갑 기획 조정 실장 본부장 임재룡 인력 지원 실장 본부장 승진 조진호 부산사상 부산중 지사장 서일홍 부산 사상 신동효 간호 간병통합서비스확대추진반장 고영 울산남 지사장 김재훈 창원마산 정기홍 군산 김덕용 부산진구 안명근 용인 서부 박은주 경기광주 권영박 이광원 한국전력기술 원자로 설계 단장 한국일보 주필 황영식 논설 실장 이계성 편집국장 황상진 논설위원 고재학 박광희 모바일사업담당부국장 휴사업 한겨레신문 디지털 미디어 사업국 모바일 사업 부국장 기획 사업부장 박중언 기획 사업 팀장 이선재 유제호 문화 사업 수도권 김명희 독자 서비스국 수도 영업부장 장봉국 지방 안덕귀 영남 팀장 이명기 호남 김용배 판매 관리 송제영 김태영 전략 기획실 경영 기획 부장 서기철 예산 기획 팀장 송방용 경영 지원실 주주 서비스 부장 서울신문 국장 승진 광고 국장 주병철 부국장 승진 논설위원실 논설위원 최광숙 편집국 사회 김상화 조한종 사업단 문화 사업부장 전성준 독자 서비스국 공보 전략 부산 지사장 하한철 부장 승진 편집국 광고국 편집 신동원 정치부 이지운 김상연 사회 한준규 사회 강원식 황경근 체육부장 조현석 독자서비스국 영업 지원 팀장 김은실 독자 서비스국 제작국 발송 부장 김용덕 관리부 운용 팀장 정광수 전보 편집국 경제 정책부 부장 김성수 선임 류찬희 금융 부장 안미현 윤재준 경인일보 편집국장 한국경제신문 편집국 사무국장 이광 시사 제작국 시사 제작 부장 장형원 디지털 기술국 송출 부장 이원영 경인지사 용인총 국장 김학구 이경은 조선비즈 문화부장 김지수 금융 부장 이규복 스포츠조선 콘텐츠본부 경제 산업 차장 대우 충청일보 전무이사 조신희 편집국장 심연규 김정호 광고국장 민병관 보광 대표 이사 금융 투자 전무 승진 리스크 관리 본부장 배기주 부서장 지원 실장 양경식 김민수 업무 혁신 박선영 파생 상품 이상호 인수 금융 팀장 최재진 연금 사업추진실장 김상철 프로덕트 솔루션 배경만 대신금융 그룹 대신증권 부서장 승진 재무 관리부 이재우 부동산 이흥탁 업무 개발부 김종선 연금 사업 센터 이영철 구준회 법무 지원실 박찬명 심사 분석부 이동수 홍콩현지법인 성유열 대신에프앤아이 동민 승진 투자 이동석 투자 한국투자금융 그룹 한국투자금융지주 신임 부사장 이강행 전무 이용우 승진 상무보 한국투자증권 글로벌 리서치실 전민규 임원 전보 개인 고객 그룹장 부사장 정일문 그룹장 전무 김성환 승진 상무보 해외 투자 영업부 박태홍 인사부 신현성 전주 센터 이삼엽 고객 센터 한정모 대치 센터 홍성 신임 상무보 본부장 박종길 프로젝트 금융 본부장 고연석 퇴직 연금 본부장 염문걸 부동산 투자 전태욱 명동 센터 이재홍 신한금융 그룹 신한금융지주 상무 상무 팀장 류승헌 신한은행 신한캐피탈 상무 리스크 관리 그룹 상무 조재희 정보 보호 본부 상무 이명구 본부장 기관 그룹 임준효 외환 사업 이재학 배승훈 마케팅 백홍근 최병규 전략 기획부 정운진 자금 시장 장동기 부산울산 강형석 강서 최용식 북서 김재성 인천 서용근 동부 윤봉선 경기 남부 이내훈 충북 연경환 강원 경기정 서부 박문근 그룹 왕미 상무 이용동 기획 상무 김학영 본부장 투자 금융 본부장 이훈재 영업 추진 전호근 리테일 금융 신한금융 투자 신임 우영웅 부사장 그룹 그룹 총괄 겸직 신한은행 부행장보 그룹 이창구 그룹 총괄 겸직 신한은행 부행장보 본부장 스마트 사업 본부 김형환 기업 금융 김종옥 투자금융 정돈영 본부장 직무 대행 기업 금융 본부 이상훈 투자 금융 서정석 개인보험 현대해상 전무 기획 관리 부문장 이윤선 개인 보험 중부지역 김종선 상무 기업 마케팅 본부장 김재민 중부 지역 이권 해외사업 맹귀 감사실장 한정근 본부장 박종필 경영 기획 조윤상 법무실장 안영태 현대 현대 대표 이사 이성재 현대 이철규 상무 전략 사업 본부장 동아쏘시오홀딩스 경영 관리 본부 전무이사 채홍기 본부 전무 손문호 혁신신약연구소 상무 윤태영 경영 기획 이사 대우 정경운 추진단 이사 대우 정철승 인재개발원 이사 대우 김풍국 법무 이사 대우 김의권 해외 법무 이사 대우 김형헌 분자약리 이사 대우 신준호 연구위원 동아에스티 전무 기획 관리실 손미원 생산 본부 이주섭 영업 본부 김학경 상무 경영지원실 임원빈 이종완 학술 의약실 신유석 병원 사업부 정용승 신약연구소 임원빈 아제약 상무 박카스 사업부 박정우 동아오츠카 홍성호 커뮤니케이션실 상무 이진숙 경영 전략 이사 대우 권도균 유통 이사 대우 생명 본부장 전략 사업 이종문 경영 기획 오기홍 고객 지원 김대중 사업 김세민 사업 이병 영업 지원 유재준 김영찬 국민카드 전무 미래 사업 본부 정성호 상무 리스크 관리 본부 한동욱 지원 본부 이인호 본부 하나카드 본부장 리스크 관리 본부 조태복 본부장 전보 고객 관리 본부 손창석 경영 전략 본부 송종근 비엔 그룹 비엔케미칼 대표 이사 사장 이우봉 대선주조 대표 이사 전무 조우현 바이펙스 대표 이사 상무 이광수 비케이인베스트먼트 대표 이사 이사 임성산 염일수 코웨이 전무 환경 연구소장 이선용 상무 디자인 연구소장 서지은 우석대 부총장 국장 서울대 승진 정책관 시설 관리국장 이동진 선임행정관 예산 과장 정봉문 선임 행정관 행정관 감사 팀장 김희범 상근 감사실 김도형 총장실장 황인중 재정 전략실 김장규 시설 관리국 차익주 중앙 도서관 김기태 정보화 교무처 김학건 자연 과학 대학 정순호 대학 행정실장 이점동 행정 대학원 행정실장 소병우 언어 교육원 한근섭 정보 본부 이덕임 정보 본부 이붕 이천희 고려대 평생 교육원장 전남대 공학 대학장 임창균 수산 해양 장덕종 고준석 강동경희대병원 의대병원장 정호연 협진 진료처장 본부장 팀장 지사장 편집국 대우 부산 편집국장 수도권 부사장 김종선 독자서비스국 위원회 행정실장 부서장 담당관 원자력 상무보
박근혜정부,공무원,친구들 이민호 수지 열애설 수다떨 때 난 세월호 이야기만 거리 나선 세월호 희생자 가족들 수다 친구 이민호 수지 열애설 세월 이야기 거리 가족들 세월 희생자 가족 기억 기억 일 경기도 광명시 장애 인종합복지관 세월 참사 추모 노래 유가족 모임 협의회 시민 발걸음 경기도 안산시 세월 희생자 합동 분향소 도보행진 출발 기색 걸음 해양수산부 지난달 해양 수산 특위 과도 공무원 배치 제한 진상 규명 업무 범위 정원 축소 논란 시행령 세월 특별법 입법예고 이날 세월 희생자 형제 자매 동참 형제 자매 특별법 시행령 입법예고 대한민국 참담 현실 세월 참사 년 부모님 걱정 조심 상황 형제자매들 공식적 전면 대열 열 열 열 열 복창 전진 대열 자원봉사자들 간격 가로수 가로등 정도 길이 리본 리본 재발방지 안전사회건설 세월 희생자 단원고 박성빈 언니 박가을 친구들 이민호 수지 연애 이야기 사고 휴학 사고 가족들 세월 이야기 월 시계 김형석씨 구로 공원로 벚꽃 조카 벚꽂 아쉬움 날씨 유가족들 비옷 영정사진 투명 비닐 아이들 사진 여의도공원 벤치 강대현씨 아들 강혁군 영정사진 비옷안 사고 무릎 강씨 아들 사진 다리 불편 광화문 행진 행진 시민 대열 욕설 차량 클랙슨 항의 시민 대다수 박수 처벌 진상 규명 책임자 문구 손피켓 행진대열 응원 여명 시작 대열 규모 마포대교 시 분쯤 철산역 인근 대열 합류 임나경양 공부 중요 영등포 시 분쯤 마포대교 북단 대열 합류 영정사진 부모 심정 김씨 살 아들 거리 아들 행진 시 광화문광장 세월 참사 희생자 형제자매 요청 위원장 이석태 특위 면담 진행 세월 참사 희생자 단원고 남지현양 언니 남서현 엄마 삭발 충격 정부 납득 특별법 시행령 폐기 일 해양수산부 세월 특별법 시행령 입법 예고안 의견 수렴 기한 위원장 정부 시행령안 타협 소식 박가을씨 마지막 면담 마무리 희생자 시행령 특별법 단원고 경기도 형제자매들 가족들 유가족 해양수산부 책임자 박가을 영정사진 마포대교 비옷 위원장 형제자매 안산시 공원로 여명 열 대다수
