word,freq,year
기분,6,2015
정규직,16,2015
공무원,172,2015
소리,2,2015
관리직,5,2015
회식,2,2015
자리,7,2015
이번,4,2015
전환,7,2015
작업,7,2015
반장,4,2015
무직,4,2015
노동자,39,2015
미끼,2,2015
사이,12,2015
언어,5,2015
성폭력,3,2015
장면,3,2015
업무,8,2015
지휘,2,2015
권력,6,2015
관계,1,2015
이용,8,2015
정규,9,2015
공무,5,2015
폭력,4,2015
트집,1,2015
성희롱,2,2015
직장,18,2015
부문,4,2015
개월,17,2015
부연,4,2015
위원,32,2015
한국,125,2015
직업,6,2015
능력,12,2015
개발,12,2015
서유정,2,2015
근로자,20,2015
실태,5,2015
보고서,8,2015
소속,3,2015
피해자,5,2015
경험,16,2015
조사,16,2015
지방자치단체,4,2015
채용,45,2015
비정규직,19,2015
무기계약직,2,2015
가해자,3,2015
실장,4,2015
대다수,5,2015
여성,33,2015
빈도,1,2015
평균,11,2015
남성,1,2015
직접,3,2015
고용,106,2015
간접,3,2015
제기,20,2015
회사,16,2015
가능성,13,2015
조직,5,2015
위치,4,2015
취약,4,2015
용역,2,2015
업체,6,2015
연구,20,2015
예방,2,2015
개선,7,2015
공직,2,2015
사회,121,2015
인식,4,2015
교육,14,2015
처별,2,2015
규정,10,2015
마련,21,2015
동시,6,2015
칼럼,7,2015
세상,9,2015
누가,2,2015
일본,13,2015
정부,88,2015
분야,11,2015
지도,4,2015
비율,20,2015
동안,2,2015
계획,6,2015
포기,10,2015
기사,10,2015
마이니치신문,6,2015
조간,4,2015
지금,3,2015
구조,27,2015
진출,4,2015
확대,26,2015
달성,5,2015
판단,8,2015
유지,15,2015
정책,48,2015
목표,4,2015
대신,2,2015
중앙,8,2015
부처,10,2015
과장,5,2015
차지,7,2015
현실,15,2015
모집,4,2015
유치원,34,2015
신입,2,2015
추첨,10,2015
한창,3,2015
비용,8,2015
시설,3,2015
공립,10,2015
지원,36,2015
서울,24,2015
지역,11,2015
경쟁률,5,2015
기록,2,2015
입학,5,2015
행운,3,2015
학부모,2,2015
로또,8,2015
당첨,2,2015
비유,2,2015
사립,2,2015
최소,4,2015
긴장,2,2015
원아,2,2015
전문,21,2015
아우성,2,2015
한일,2,2015
나라,27,2015
저출산,14,2015
고령화,18,2015
직면,9,2015
해결,23,2015
묘수,2,2015
젊은이,19,2015
결혼,10,2015
아이,25,2015
학교,27,2015
졸업,27,2015
출산,9,2015
연령,26,2015
학제,3,2015
단축,5,2015
검토,5,2015
헛발질,2,2015
저잣거리,2,2015
고민,5,2015
고사,3,2015
언론,6,2015
동성,2,2015
반복,2,2015
이야기,12,2015
경청,2,2015
의심,8,2015
미래,25,2015
걱정,17,2015
블랙코미디,2,2015
경쟁,17,2015
내년,18,2015
누리,12,2015
과정,8,2015
무상,7,2015
보육,11,2015
예산,23,2015
부담,44,2015
갈등,63,2015
국회,55,2015
사업,18,2015
목적,11,2015
비비,2,2015
우회,3,2015
예산안,3,2015
통과,22,2015
근본,2,2015
대책,23,2015
땜질,2,2015
처방,2,2015
지방,4,2015
교육청,2,2015
경기도,4,2015
의회,10,2015
서울시,8,2015
삭감,13,2015
여당,10,2015
대통령,66,2015
공약,8,2015
어린이집,7,2015
편성,3,2015
국가,32,2015
슬로,2,2015
재원,11,2015
조달,2,2015
바늘,6,2015
구멍,6,2015
부족,14,2015
상태,11,2015
수용,6,2015
협력,8,2015
아동,2,2015
만족도,3,2015
꼴찌,2,2015
부모,46,2015
불행,2,2015
무한,2,2015
궤도,2,2015
조선,8,2015
시작,16,2015
엄마,5,2015
육아,5,2015
카페,4,2015
분노,6,2015
오디션,2,2015
프로그램,6,2015
출연,2,2015
가사,2,2015
주목,18,2015
중식,2,2015
아기,4,2015
노래,2,2015
절규,2,2015
맞벌이,2,2015
부부,3,2015
얼굴,2,2015
주말,2,2015
철근,2,2015
시시각각,6,2015
청사,6,2015
복도,2,2015
근무,10,2015
시간,23,2015
중간,2,2015
통화,5,2015
대역,2,2015
고개,2,2015
휴지통,2,2015
이모,4,2015
야근,2,2015
선생님,7,2015
급식,2,2015
당번,2,2015
읍소,4,2015
한숨,2,2015
종종걸음,2,2015
사무실,5,2015
대한민국,31,2015
관료,3,2015
진입,10,2015
유능,2,2015
일상,2,2015
생각,34,2015
핵심,13,2015
믿음,5,2015
숫자,9,2015
매국노,2,2015
닦달,5,2015
순간,2,2015
남자,2,2015
전화,5,2015
여자,2,2015
자유,2,2015
고생,3,2015
속마음,2,2015
불평등,4,2015
야간,2,2015
탁아소,2,2015
의무,14,2015
책임,11,2015
국민,126,2015
사고방식,2,2015
수렴,2,2015
분수,2,2015
요구,13,2015
기본,5,2015
모습,15,2015
인간,2,2015
소득,72,2015
보장,18,2015
안정,16,2015
확보,7,2015
전쟁,18,2015
만큼,11,2015
노동,60,2015
등굣길,2,2015
안전,4,2015
동네,2,2015
이사,4,2015
주거,6,2015
공간,4,2015
하루아침,2,2015
어처구니,2,2015
사고,7,2015
공부,9,2015
왕따,2,2015
청년,209,2015
노년,6,2015
장성,2,2015
자녀,12,2015
서로,3,2015
출산율,11,2015
요인,2,2015
가족,20,2015
아버지,10,2015
어머니,4,2015
노인,46,2015
손자,4,2015
자식,17,2015
가능,28,2015
복지,58,2015
최고,7,2015
정치,38,2015
연결,7,2015
세대,356,2015
성장,10,2015
압축,2,2015
경제,48,2015
주의,5,2015
인사,10,2015
청문회,2,2015
부동산,8,2015
투기,2,2015
탈세,2,2015
축재,4,2015
손주,2,2015
과외,7,2015
정도,14,2015
나름,2,2015
졸지,2,2015
하우스,2,2015
타격,4,2015
기성세대,24,2015
승자,13,2015
독식,13,2015
지속,9,2015
체제,6,2015
타인,2,2015
배려,4,2015
사람,25,2015
도태,2,2015
방법,4,2015
북유럽,2,2015
대전,3,2015
위기,25,2015
소득세,3,2015
합의,31,2015
전격,2,2015
인구,47,2015
증세,8,2015
변화,10,2015
골든,5,2015
타임,5,2015
격차,5,2015
합리,5,2015
시민,3,2015
수당,10,2015
제도,34,2015
고액,3,2015
입시,2,2015
지옥,7,2015
한겨레,2,2015
일자,3,2015
조한혜정,2,2015
베이비부머,5,2015
밀레,9,2015
선거,26,2015
충돌,3,2015
노동당,12,2015
지진,2,2015
올해,1,2015
영국,11,2015
당수,4,2015
강경,2,2015
좌파,6,2015
분류,3,2015
러미,2,2015
코빈,6,2015
의원,11,2015
압도,9,2015
지지,9,2015
선출,5,2015
표현,3,2015
중도파,2,2015
블레어,3,2015
주의자,2,2015
다수,4,2015
진영,8,2015
구색,2,2015
후보,11,2015
덜컥,1,2015
당선,10,2015
때문,1,2015
베이비,19,2015
부머,3,2015
몸살,2,2015
지구촌,3,2015
변수,1,2015
전통,5,2015
파운드,1,2015
자발,1,2015
투표,19,2015
참여,14,2015
유권자,9,2015
일반,22,2015
작용,1,2015
기간,9,2015
금융위기,1,2015
글로벌,3,2015
금융,8,2015
편중,1,2015
현상,13,2015
비판,23,2015
표심,3,2015
이념,8,2015
대결,6,2015
그리스,19,2015
국제,7,2015
채권,2,2015
협상,10,2015
구제,3,2015
아테네,6,2015
광장,2,2015
정면,1,2015
총리,9,2015
렉시스,1,2015
치프,2,2015
라스,2,2015
제안,6,2015
찬반,1,2015
절대다수,1,2015
긴축,5,2015
거부,4,2015
장년,5,2015
의견,6,2015
거리,3,2015
자신,15,2015
주장,19,2015
푯말,1,2015
발견,2,2015
지난달,6,2015
재정,19,2015
일자리,103,2015
연금,250,2015
실업,12,2015
분통,1,2015
관광,6,2015
해운업,1,2015
호황,4,2015
년대,8,2015
노조,8,2015
업종,1,2015
정치권,20,2015
임금,149,2015
인상,35,2015
제공,4,2015
카르텔,1,2015
구축,7,2015
정년,38,2015
이해,4,2015
대변,5,2015
세력,2,2015
급진,1,2015
만년,1,2015
소수,1,2015
정권,6,2015
유럽,12,2015
계층,3,2015
중반,2,2015
양상,3,2015
경기,8,2015
침체,3,2015
상황,20,2015
증가,9,2015
지출,12,2015
불만,1,2015
그간,2,2015
인종,1,2015
남녀,2,2015
미국,8,2015
이슈,3,2015
공화당,2,2015
지지자,5,2015
초반,5,2015
출생,2,2015
민주당,5,2015
성향,5,2015
측면,2,2015
차례,8,2015
대선,24,2015
버락,1,2015
오바마,1,2015
승리,7,2015
기여,2,2015
사활,1,2015
혐오,1,2015
기권,1,2015
노력,12,2015
런던정경대,1,2015
힐스,1,2015
정책학,1,2015
교수,24,2015
스페인,5,2015
각국,5,2015
그동안,7,2015
이익,4,2015
보호,6,2015
결집,4,2015
특정,9,2015
편향,1,2015
기득권,4,2015
정당,10,2015
유럽연합,3,2015
회원,1,2015
스웨덴,8,2015
총선,5,2015
제외,8,2015
우파,3,2015
접전,1,2015
예상,13,2015
야당,13,2015
집권,7,2015
보수당,2,2015
참패,1,2015
유리,3,2015
영향,10,2015
중장,10,2015
년층,7,2015
무관심,1,2015
적극,4,2015
긍정,4,2015
평가,7,2015
심화,5,2015
목소리,6,2015
공천,1,2015
지적,16,2015
악순환,1,2015
김재,1,2015
한림대,1,2015
행정학,4,2015
악용,1,2015
양극화,2,2015
양극,3,2015
소통,13,2015
강화,12,2015
고령,48,2015
경향,2,2015
보수,13,2015
절반,8,2015
이상,3,2015
영남,1,2015
호남,1,2015
진보,14,2015
당일,1,2015
여론,7,2015
기관,17,2015
갤럽,3,2015
대상자,1,2015
상대,6,2015
예측,7,2015
새누리당,21,2015
박근혜,31,2015
문재인,6,2015
득표율,1,2015
지방선거,1,2015
새정치,12,2015
민주,16,2015
연합,13,2015
진행,6,2015
취재,10,2015
동아일보,1,2015
통계청,3,2015
장래,2,2015
추계,2,2015
결과,13,2015
범위,1,2015
정치인,8,2015
전문가,13,2015
통념,2,2015
투표일,1,2015
야권,1,2015
승산,1,2015
여권,1,2015
여유,1,2015
반전,1,2015
원인,4,2015
미만,4,2015
비교,3,2015
나이,17,2015
효과,32,2015
설명,14,2015
본부장,1,2015
배종찬,1,2015
리서치,2,2015
산업화,2,2015
민주화,3,2015
세월,2,2015
참사,1,2015
국정,18,2015
교과서,1,2015
특별,4,2015
차장,3,2015
하임,2,2015
프랑크푸르트,2,2015
쾰른,2,2015
파리,2,2015
런던,2,2015
스톡홀롬,2,2015
삿포로,2,2015
손영일,2,2015
밀라노,4,2015
김준일,2,2015
김철중,2,2015
커버,1,2015
스토리,2,2015
살이,1,2015
어디가,1,2015
물어,1,2015
해법,14,2015
제대로,1,2015
영등포구,3,2015
범씨,2,2015
가명,1,2015
서른,1,2015
여의도,3,2015
중소기업,4,2015
인턴,52,2015
사원,2,2015
통해,2,2015
구한,1,2015
만원,3,2015
방세,2,2015
공과금,2,2015
실제,4,2015
남짓,1,2015
대학,23,2015
도산,1,2015
등록금,6,2015
대출,1,2015
카드,2,2015
독촉,1,2015
급여,5,2015
생활비,11,2015
교통카드,1,2015
정지,3,2015
면접,6,2015
차비,1,2015
신용,3,2015
불량,4,2015
취업,39,2015
고향,2,2015
부모님,4,2015
외아들,1,2015
마음,7,2015
비참,1,2015
정사,3,2015
각오,1,2015
공채,7,2015
시험,50,2015
낙방,1,2015
조씨,6,2015
영어실력,1,2015
자격증,5,2015
준비,28,2015
당장,12,2015
대로,1,2015
아르바이트,3,2015
편의점,1,2015
물류,1,2015
센터,5,2015
학원,4,2015
독서실,1,2015
총무,1,2015
경력,6,2015
단기,1,2015
덧칠,1,2015
친구,15,2015
왕래,1,2015
결혼식,1,2015
기억,1,2015
특별법,3,2015
시행,12,2015
스펙,1,2015
초월,1,2015
실현,2,2015
조치,2,2015
법안,26,2015
기회,7,2015
훈련,3,2015
공공기관,17,2015
할당,1,2015
이명박,5,2015
시절,6,2015
활용,2,2015
대상,11,2015
한정,1,2015
반영,1,2015
실업률,6,2015
전형,22,2015
공급,3,2015
위주,2,2015
신윤정,1,2015
허브,1,2015
기획,17,2015
한계,3,2015
구직,7,2015
반발,14,2015
개정,2,2015
공기업,5,2015
배제,1,2015
월세,5,2015
발질,1,2015
오리,1,2015
지인,1,2015
창업,4,2015
영업,3,2015
사정,39,2015
심사,2,2015
현금,5,2015
포퓰리즘,9,2015
절망,3,2015
반문,3,2015
해당,1,2015
사항,4,2015
퇴직,20,2015
복판,1,2015
대답,1,2015
기준,18,2015
촉진,1,2015
각종,5,2015
범주,1,2015
사각,3,2015
지대,3,2015
대표,33,2015
신지혜,2,2015
공작,1,2015
이미지,1,2015
대별,1,2015
예전,1,2015
일종,2,2015
느낌,1,2015
자립,1,2015
진취,3,2015
파악,2,2015
단체,3,2015
타이틀,1,2015
특권,1,2015
여지,1,2015
얼마,5,2015
홍역,1,2015
위원회,9,2015
비례,6,2015
자격,4,2015
관계자,2,2015
의미,9,2015
스타,1,2015
선택,5,2015
방식,12,2015
운영,20,2015
실질,3,2015
출세,1,2015
이기중,2,2015
정의당,2,2015
부소,2,2015
의제,4,2015
문제,12,2015
구획,1,2015
도움,5,2015
보편,3,2015
접근,3,2015
지웅,1,2015
부시장,1,2015
원래,1,2015
생애,3,2015
주기,1,2015
돌출,1,2015
입자,1,2015
각자,1,2015
진단,1,2015
시대,23,2015
소외,2,2015
질문,5,2015
방향,4,2015
현장,3,2015
우리,8,2015
로버트,2,2015
드니,2,2015
영화,5,2015
시니어,41,2015
장님,2,2015
무시,5,2015
건가,1,2015
이분,1,2015
진정,2,2015
보이지,1,2015
고압,2,2015
대하,1,2015
파트너,11,2015
표정,3,2015
사격,2,2015
어깨,3,2015
조금,2,2015
거래처,2,2015
회의,7,2015
위로,2,2015
기업,61,2015
백전노장,1,2015
미소,1,2015
스타트업,2,2015
대표이사,2,2015
세미나,1,2015
참석,3,2015
고객,5,2015
아이템,1,2015
양복,2,2015
차림,3,2015
신사,2,2015
명함,1,2015
당혹,1,2015
상상,7,2015
권오,2,2015
김민경,3,2015
더꿈,2,2015
정용진,3,2015
시진,2,2015
아내,2,2015
사별,1,2015
무료,2,2015
온라인,1,2015
쇼핑몰,1,2015
공고,1,2015
지혜,2,2015
친화력,1,2015
발휘,3,2015
개봉,1,2015
줄거리,1,2015
얘기,6,2015
경륜,1,2015
성과,4,2015
시도,1,2015
사단,1,2015
법인,1,2015
마이크로크레디트,1,2015
조합,5,2015
한화,1,2015
생명,1,2015
생명보험,1,2015
후원,1,2015
인턴십,6,2015
선발,8,2015
보건,7,2015
인력,8,2015
최대,7,2015
자동,1,2015
서씨,2,2015
박생규,3,2015
청바지,1,2015
직원,9,2015
넥타이,1,2015
정장,1,2015
개인,3,2015
임원,2,2015
은퇴,13,2015
홍보,8,2015
여름,2,2015
신철,1,2015
서비스,4,2015
노하우,2,2015
네트워크,1,2015
창업가,1,2015
도전,5,2015
정신,4,2015
시너지,1,2015
토크,1,2015
콘서트,1,2015
라이브,1,2015
포럼,1,2015
성공,13,2015
연사,1,2015
섭외,1,2015
권씨,1,2015
박씨,1,2015
역할,3,2015
결정,16,2015
딱지,1,2015
정직,2,2015
경영,7,2015
행정,13,2015
정보,6,2015
지식,1,2015
웹진,1,2015
정씨,4,2015
특기,1,2015
관리,6,2015
접촉,1,2015
비즈니스,3,2015
조언,4,2015
양쪽,2,2015
저녁,1,2015
식사,1,2015
도모,1,2015
자산,4,2015
공유,3,2015
물길,1,2015
수직,1,2015
상승,4,2015
사례,12,2015
수리,1,2015
협동조합,3,2015
상무이사,1,2015
연매출,1,2015
대관,1,2015
골치,1,2015
전담,1,2015
설계,5,2015
임씨,2,2015
총괄,1,2015
정식,2,2015
장남,1,2015
덕분,2,2015
실적,2,2015
유한킴벌리,4,2015
상담사,4,2015
요실금,2,2015
언더웨어,1,2015
제품,3,2015
문의,2,2015
교대,1,2015
활약,1,2015
매출,1,2015
김영일,1,2015
소비자,1,2015
상담,5,2015
또래,3,2015
곤란,1,2015
동년배,1,2015
대외,4,2015
본부,1,2015
부장,8,2015
투입,2,2015
산업,10,2015
규모,14,2015
맞춤,1,2015
건축,4,2015
김성하,1,2015
불편,1,2015
매니저,2,2015
초기,1,2015
반대,15,2015
애로,1,2015
묵씨,2,2015
출근,1,2015
대응,3,2015
내심,1,2015
한마디,1,2015
행동,1,2015
조심,1,2015
용어,3,2015
자체,6,2015
한참,2,2015
개념,16,2015
인생,3,2015
선배,10,2015
사회생활,1,2015
초년,1,2015
체념,1,2015
가치,2,2015
박태희,1,2015
중요,8,2015
가량,9,2015
국민연금,46,2015
노령,3,2015
용돈,4,2015
봉사,1,2015
교통비,1,2015
현역,2,2015
연봉,1,2015
활동,3,2015
성취,1,2015
남편,1,2015
자랑,1,2015
보건복지부,3,2015
참여자,4,2015
누적,1,2015
설문조사,3,2015
의사,6,2015
박용주,1,2015
원장,3,2015
발굴,1,2015
직무,8,2015
사후관리,1,2015
보강,2,2015
심서현,1,2015
하준호,2,2015
최영,2,2015
정현웅,2,2015
기자,5,2015
신청,4,2015
접수,3,2015
중앙정부,1,2015
지자체,1,2015
사실,15,2015
별도,4,2015
오리엔테이션,1,2015
특화,1,2015
멘토링,1,2015
캠프,2,2015
보험,9,2015
가입,8,2015
준수,3,2015
정운영,1,2015
지급,12,2015
장기,11,2015
근로,5,2015
계약,6,2015
체결,1,2015
금액,8,2015
추가,15,2015
희망,1,2015
홈페이지,1,2015
사진,1,2015
재정난,3,2015
개혁,80,2015
칼날,2,2015
노후,21,2015
독일,19,2015
은행원,1,2015
크리스,1,2015
티안,1,2015
벨레,5,2015
르트,5,2015
헤센,1,2015
에슈,2,2015
보른,2,2015
콘크리트,6,2015
투자,5,2015
사두,1,2015
마찬가지,1,2015
축하,2,2015
별개,4,2015
뇌관,1,2015
유로,19,2015
당국자,1,2015
모델,2,2015
불안감,3,2015
조짐,1,2015
움직임,1,2015
바이에른,1,2015
하우젠,1,2015
전액,1,2015
충당,1,2015
만족,2,2015
수혜자,1,2015
보험료,33,2015
적립,2,2015
청장년,1,2015
불안,6,2015
시스템,2,2015
월급,4,2015
부트,1,2015
카리,1,2015
도료,1,2015
전기,2,2015
현지,1,2015
인근,1,2015
복지부,4,2015
호텔,3,2015
시위,1,2015
종사,1,2015
항의,1,2015
기금,11,2015
감소,2,2015
원금,3,2015
생활자,2,2015
부양,11,2015
이탈리아,19,2015
귀금속,1,2015
세공,1,2015
아들,13,2015
독립,3,2015
생활,10,2015
세무사,1,2015
조카,1,2015
의존,6,2015
사태,1,2015
본격,2,2015
생활고,1,2015
의사당,1,2015
정문,1,2015
장애,2,2015
장애인,1,2015
감액,1,2015
호소,1,2015
부진,5,2015
속도,1,2015
나랏돈,1,2015
제한,2,2015
혜택,9,2015
중단,6,2015
요건,13,2015
공공정책,1,2015
연구소,15,2015
굿맨,1,2015
공공,11,2015
공개,3,2015
어려움,5,2015
착수,1,2015
요람,1,2015
무덤,1,2015
슬로건,2,2015
상징,1,2015
사회보장,1,2015
발상,5,2015
추진,15,2015
직전,1,2015
장관,14,2015
이사장,1,2015
코른,1,2015
베리,1,2015
공감,5,2015
기민당,1,2015
사민당,3,2015
민중당,1,2015
머리,1,2015
기초,4,2015
폐지,2,2015
원내대표,4,2015
토마스,1,2015
로트,1,2015
원내,4,2015
주효,1,2015
공적,8,2015
사적,5,2015
활성화,2,2015
주력,1,2015
프랑스,1,2015
자영,7,2015
업자,7,2015
이자,1,2015
면제,1,2015
유도,2,2015
방안,10,2015
감자,2,2015
대체,53,2015
대비,14,2015
현행,4,2015
여야,21,2015
김종훈,1,2015
연구원,26,2015
원칙,4,2015
세제,5,2015
센티,1,2015
부여,5,2015
줌마,6,2015
렐라,6,2015
축구,12,2015
페스티벌,7,2015
용인시,12,2015
관내,4,2015
동의,4,2015
주민,3,2015
시청,4,2015
실력,2,2015
지난,3,2015
처인구,3,2015
원삼면,3,2015
구장,2,2015
리그전,2,2015
축구단,4,2015
선수,3,2015
명과,1,2015
정찬민,3,2015
신현수,3,2015
의장,3,2015
여명,3,2015
용인,2,2015
시장,17,2015
주부,3,2015
경합,1,2015
시어머니,2,2015
며느리,2,2015
최희,3,2015
건재,1,2015
해소,8,2015
일본인,2,2015
하타,2,2015
이웃,2,2015
요즘,6,2015
한국인,2,2015
창단,1,2015
참가,1,2015
대회,2,2015
특별시,2,2015
선포,1,2015
권익,2,2015
향상,2,2015
증진,1,2015
건강,5,2015
문화,3,2015
확산,7,2015
다른,3,2015
희망고문,2,2015
공시,17,2015
바람,5,2015
고등학교,9,2015
잿빛,6,2015
청춘,6,2015
길이,2,2015
그늘,2,2015
졸업생,2,2015
유예,2,2015
초록,2,2015
조기,2,2015
유입,2,2015
대졸,14,2015
난이,1,2015
동반,2,2015
조명,2,2015
무직자,3,2015
시선,2,2015
연속,1,2015
보도,4,2015
외면,1,2015
세명대,1,2015
저널리즘,1,2015
스쿨,1,2015
단비뉴스,4,2015
인터넷,5,2015
매체,1,2015
중순,1,2015
김다솜,1,2015
문중,1,2015
박성희,1,2015
박세라,1,2015
배상철,1,2015
오소영,1,2015
이성훈,1,2015
전광,1,2015
홍연,1,2015
프로젝트,1,2015
취재원,1,2015
사연,1,2015
현황,2,2015
주간,2,2015
제정임,1,2015
발전,4,2015
주제,7,2015
영역,5,2015
확정,1,2015
집필,1,2015
초고,1,2015
보충,1,2015
수정,1,2015
원고,1,2015
완성,2,2015
이문영,1,2015
협업,1,2015
두께,1,2015
편집자,1,2015
임금노동,1,2015
학력,9,2015
차별,7,2015
피해,2,2015
수험,4,2015
문턱,3,2015
개방,4,2015
장벽,5,2015
교사,5,2015
물음,1,2015
학생,22,2015
중구,1,2015
공업,1,2015
계열,5,2015
특성,14,2015
건설,5,2015
물리,6,2015
풀이,3,2015
수업,9,2015
내신,7,2015
수능,3,2015
토목,2,2015
확인,2,2015
집중,3,2015
칠판,1,2015
교실,1,2015
뒤쪽,1,2015
고교,2,2015
방과,3,2015
형태,7,2015
개설,1,2015
졸자,10,2015
역학,1,2015
측량,1,2015
과목,13,2015
목조건축,1,2015
수강,2,2015
강좌,1,2015
응시,10,2015
예정,6,2015
김명,1,2015
사교육,3,2015
학년,6,2015
선생,1,2015
권유,1,2015
진로,2,2015
기술,1,2015
합격,8,2015
인원,5,2015
위상,1,2015
학과,6,2015
지망,4,2015
중학교,2,2015
성적,2,2015
치열,4,2015
인문,6,2015
대입,6,2015
분주,1,2015
전국,1,2015
통계,3,2015
대학생,3,2015
입대,2,2015
미상,3,2015
참조,2,2015
여부,7,2015
노동시장,4,2015
편입,1,2015
밑변,1,2015
세계,19,2015
교문,1,2015
발원,1,2015
예고,3,2015
병목,1,2015
수치,5,2015
출범,4,2015
과거,7,2015
인턴제,1,2015
학습,1,2015
병행,1,2015
신분,3,2015
선임,22,2015
특성화고,7,2015
전학,3,2015
열망,3,2015
전전,4,2015
체득,1,2015
강윤성,1,2015
우정,1,2015
과도,3,2015
혹사,1,2015
스터디,2,2015
강의,4,2015
자료,3,2015
합격자,3,2015
고등학생,1,2015
분위기,3,2015
우수,2,2015
인재,8,2015
출신,8,2015
취지,11,2015
추천,9,2015
마이스터고,1,2015
이수,1,2015
상위,2,2015
등급,2,2015
학교장,5,2015
필기,7,2015
견습,1,2015
임용,3,2015
최종,1,2015
예정자,1,2015
끼리,1,2015
서류,4,2015
최전선,1,2015
최선,1,2015
다리,1,2015
생존,1,2015
의료,4,2015
배미영,2,2015
감독,1,2015
전공,2,2015
배정,1,2015
함정,2,2015
자퇴,1,2015
진학,5,2015
재학,5,2015
열매,3,2015
모험,1,2015
평생,4,2015
빈부,2,2015
화씨,1,2015
기능사,1,2015
컴퓨터,2,2015
가산,1,2015
취득,1,2015
영어,3,2015
수학,2,2015
강남,2,2015
사교육비,2,2015
수험생,1,2015
양경희,1,2015
디자인,1,2015
모의고사,1,2015
포함,5,2015
건의,1,2015
알선,1,2015
소개,3,2015
신림동,1,2015
아이디,1,2015
충북,1,2015
상업,1,2015
김준영,1,2015
회계,2,2015
김군,1,2015
차원,3,2015
국어,2,2015
한국사,2,2015
예외,1,2015
노량진,10,2015
연륜,1,2015
김재호,2,2015
고시원,2,2015
바퀴벌레,3,2015
동거,1,2015
턱밑,1,2015
부산,1,2015
상경,1,2015
공시생,3,2015
선망,1,2015
의지,2,2015
경찰,7,2015
순경,2,2015
구분,8,2015
과학,3,2015
형법,2,2015
형사소송법,2,2015
경찰학,2,2015
개론,2,2015
법학,3,2015
불리,1,2015
발생,2,2015
특채,2,2015
수사,1,2015
행정법,1,2015
전공자,1,2015
법정,2,2015
멘털,1,2015
붕괴,1,2015
오기,3,2015
스스로,1,2015
이방인,2,2015
연결고리,1,2015
현씨,2,2015
대화,27,2015
도중,1,2015
열등감,1,2015
책망,1,2015
혼자,2,2015
신화,1,2015
조정,5,2015
박현숙,1,2015
가족부,1,2015
승진,2,2015
화제,1,2015
공직자,2,2015
겹겹,1,2015
좌절,2,2015
집안,1,2015
형편,1,2015
설득,5,2015
찬밥,1,2015
신세,1,2015
해고,22,2015
경남,1,2015
창녕,1,2015
농사,2,2015
흉터,1,2015
첫날,1,2015
계급,11,2015
고위,4,2015
상급,1,2015
단계,7,2015
조건,8,2015
순직,2,2015
수행,3,2015
증명,2,2015
양현모,1,2015
지정,1,2015
중졸,1,2015
위축,2,2015
중점,2,2015
자질,1,2015
종합,3,2015
시사,3,2015
현안,13,2015
검증,3,2015
연수,1,2015
비리,1,2015
연방,2,2015
내무부,1,2015
감시,1,2015
졸존,1,2015
구별,1,2015
재산,17,2015
흰색,2,2015
셔츠,2,2015
백발,2,2015
체격,2,2015
토론회,7,2015
등장,4,2015
발표,5,2015
행사,3,2015
민병두,3,2015
공동,7,2015
주최,2,2015
상속,3,2015
학대,7,2015
불효자,8,2015
방지법,9,2015
둘째,1,2015
사서,1,2015
자고,1,2015
모시,1,2015
반환,2,2015
부자,2,2015
부작용,11,2015
역모,3,2015
기지,3,2015
현명,1,2015
큰아들,1,2015
폭언,2,2015
폭행,3,2015
김씨,5,2015
패륜,1,2015
행위,2,2015
장소,1,2015
사기,1,2015
아파트,2,2015
상의,3,2015
누나,1,2015
권리,3,2015
수급,6,2015
병원,2,2015
소송,2,2015
민법,1,2015
개정안,1,2015
발의,1,2015
부당,2,2015
대우,1,2015
증여,5,2015
압류,1,2015
신뢰,2,2015
전제,7,2015
배신,1,2015
노부모,1,2015
김삼,1,2015
변호사,1,2015
종전,3,2015
의식,12,2015
방지,2,2015
인기,5,2015
할머니,5,2015
도시,1,2015
낙향,1,2015
제사,1,2015
약속,3,2015
임야,1,2015
돌변,1,2015
신발,1,2015
막대기,1,2015
신고,2,2015
이심,1,2015
회장,3,2015
기부,1,2015
보유,3,2015
근거,9,2015
가지,4,2015
제시,12,2015
인천,1,2015
송도,1,2015
요양원,1,2015
형제,1,2015
방문,1,2015
발길,1,2015
임대료,1,2015
빌딩,1,2015
화병,1,2015
이현민,2,2015
노인학,1,2015
환원,1,2015
개입,3,2015
이선호,1,2015
뜻밖,2,2015
호의,2,2015
선물,2,2015
이호재,1,2015
불효,1,2015
김유경,2,2015
주택연금,4,2015
대안,4,2015
정액,1,2015
박사,13,2015
투명,2,2015
주택,3,2015
김도환,1,2015
전직,1,2015
마포구,1,2015
가입자,11,2015
신성,2,2015
김다혜,1,2015
김정희,1,2015
고려대,1,2015
영문학,1,2015
사회학,9,2015
확실,3,2015
증대,6,2015
불확실,3,2015
청와대,43,2015
도약,3,2015
위해,5,2015
여러분,4,2015
말씀,7,2015
청년실업,37,2015
피크,92,2015
중심,11,2015
체계,31,2015
개편,26,2015
완화,19,2015
대의,10,2015
논리,15,2015
프레임,10,2015
노동계,22,2015
개악,6,2015
연말,3,2015
여력,4,2015
고용노동부,6,2015
신규,8,2015
입증,3,2015
입법,15,2015
고령자,5,2015
담화,15,2015
당부,4,2015
눈앞,3,2015
선의,3,2015
어음,3,2015
노총,28,2015
논평,3,2015
무리,4,2015
명분,5,2015
유포,3,2015
미래세,19,2015
조장,3,2015
당제,3,2015
민간,8,2015
적용,9,2015
관심,3,2015
편법,3,2015
노동시간,6,2015
근로기준법,3,2015
나머지,4,2015
충격,7,2015
연중,3,2015
태도,6,2015
고수,3,2015
논의,28,2015
재개,7,2015
촉구,3,2015
결렬,5,2015
사퇴,3,2015
김대환,16,2015
위원장,12,2015
기자간담회,3,2015
복귀,14,2015
발언,4,2015
방침,3,2015
제정,3,2015
규칙,7,2015
변경,13,2015
지침,18,2015
안건,3,2015
마지노선,3,2015
대국민,7,2015
일방,5,2015
성명,5,2015
역점,4,2015
난관,4,2015
도입,6,2015
미지수,10,2015
우려,3,2015
유연,2,2015
진통,7,2015
노사,13,2015
정위,2,2015
선언,6,2015
서열,6,2015
인건비,16,2015
강조,15,2015
당사자,2,2015
입장,16,2015
역설,5,2015
모범,3,2015
전망,9,2015
연내,2,2015
실정,5,2015
총파업,2,2015
다음,4,2015
성혜,2,2015
동국대,2,2015
강제,4,2015
대타협,2,2015
자율,2,2015
증감,2,2015
절감,4,2015
숙명여대,2,2015
경영학,2,2015
중고,2,2015
쟁점,2,2015
연장,20,2015
고용기간,2,2015
부정,9,2015
순위,2,2015
절충,6,2015
과제,2,2015
폭발력,2,2015
사안,10,2015
사직서,2,2015
방위,2,2015
공식,3,2015
자치,2,2015
불가능,4,2015
협회,2,2015
현격,2,2015
그룹,13,2015
도출,2,2015
의문,3,2015
불구,4,2015
갈등론,1,2015
반박,5,2015
살로,2,2015
상관관계,6,2015
분석,4,2015
국내외,2,2015
주요,2,2015
담론,12,2015
김유선,7,2015
직종,3,2015
분리,6,2015
악화,4,2015
강행,2,2015
노동조합,4,2015
회관,2,2015
발제,2,2015
보완,6,2015
국책,6,2015
연구기관,6,2015
안주,2,2015
경제활동,4,2015
구조사,2,2015
바탕,4,2015
유의,2,2015
존재,2,2015
해석,4,2015
정보원,1,2015
혜자,4,2015
상용,2,2015
생산,7,2015
과대,2,2015
역대,2,2015
노동부,6,2015
방하남,2,2015
고용부,5,2015
외환위기,3,2015
명예퇴직,3,2015
증거,2,2015
임태희,2,2015
파이,2,2015
관련성,4,2015
판명,2,2015
국회의원,1,2015
상관,1,2015
대량,1,2015
가정,7,2015
특집,1,2015
내부,4,2015
이질,4,2015
부터,2,2015
달관,8,2015
반면,2,2015
대론,26,2015
연세대,4,2015
커뮤니케이션,4,2015
대학원,4,2015
중인,2,2015
김선기,4,2015
석사,2,2015
논문,4,2015
잡코리아,2,2015
조선일보,9,2015
삼포세대,6,2015
혈액,2,2015
심리,2,2015
테스트,2,2015
가설,4,2015
필요성,2,2015
세대주,2,2015
호명,2,2015
유행,3,2015
대중,2,2015
우석훈,2,2015
박권일,2,2015
공저,2,2015
환란,2,2015
회안,2,2015
제거,2,2015
희생,10,2015
성화,2,2015
연애,2,2015
대척점,2,2015
광고,2,2015
약자,2,2015
김연아,2,2015
무대,2,2015
최신,2,2015
버전,2,2015
사토리,2,2015
차용,2,2015
사회과학,2,2015
상진,8,2015
서강대,6,2015
매력,4,2015
단순,5,2015
눈살,2,2015
어르신,2,2015
실수,2,2015
도구,4,2015
사용,7,2015
칭송,2,2015
재흥,2,2015
경상대,2,2015
명칭,2,2015
어른,4,2015
남용,2,2015
차이,2,2015
공격,3,2015
수단,3,2015
객원,4,2015
후버,2,2015
역임,2,2015
박종훈,8,2015
경제학,2,2015
지상,2,2015
제사기,2,2015
비중,6,2015
수준,8,2015
고갈,12,2015
베를루스코니,2,2015
세금,30,2015
수령,7,2015
자화상,2,2015
소설,2,2015
모티브,2,2015
요약,4,2015
천국,2,2015
남유럽,2,2015
공통,2,2015
맥락,4,2015
논란,7,2015
형평,5,2015
보수파,6,2015
촉발,2,2015
논쟁,3,2015
카토,4,2015
어린이,4,2015
젊음,2,2015
비난,2,2015
싱크탱크,2,2015
진짜,6,2015
싸움,3,2015
위험,2,2015
용도,2,2015
고안,2,2015
패자,3,2015
지목,2,2015
사다리,2,2015
가상,2,2015
현대,2,2015
정치학,2,2015
대적,2,2015
연재,4,2015
운동,3,2015
내화,2,2015
만하임,8,2015
대개념,4,2015
계급의식,2,2015
코호트,9,2015
집단,4,2015
일평생,2,2015
후반,5,2015
참여정부,2,2015
전성,2,2015
일정,3,2015
패턴,2,2015
노무현,3,2015
구성,3,2015
피라미드,4,2015
흥미,2,2015
기점,2,2015
낙타,4,2015
학계,2,2015
통상,2,2015
국전,2,2015
청소년기,2,2015
일치,2,2015
베이,4,2015
버부머,4,2015
수요,2,2015
집값,2,2015
하락,9,2015
비밀,2,2015
비탄,2,2015
신생아,2,2015
미세,2,2015
이동,2,2015
사망자,2,2015
통계표,2,2015
드라마틱,2,2015
추세,5,2015
항아리,2,2015
모양,2,2015
위쪽,2,2015
수장,2,2015
의사결정,8,2015
선두,2,2015
본류,2,2015
보좌,2,2015
중역,2,2015
명실,2,2015
상부,2,2015
시점,10,2015
마지막,4,2015
경희대,2,2015
밑바탕,2,2015
여타,2,2015
이행,2,2015
입맛,2,2015
해외,3,2015
데이비드,2,2015
톰슨,2,2015
이기,2,2015
이름,3,2015
뉴질랜드,2,2015
수혜,3,2015
표제,2,2015
민주주의,3,2015
지하철,3,2015
무임,2,2015
승차,2,2015
적자,5,2015
무상급식,3,2015
세팅,2,2015
도둑질,1,2015
도둑,2,2015
문형표,4,2015
언급,4,2015
참여연대,4,2015
시민단체,2,2015
적립금,2,2015
불성,2,2015
부과,3,2015
연대,5,2015
간과,2,2015
호출,2,2015
명명,2,2015
젠더,2,2015
민족,2,2015
공동체,4,2015
표상,2,2015
효력,2,2015
상실,2,2015
환상,2,2015
충족,2,2015
보루,2,2015
전면,3,2015
장담,2,2015
성찰,2,2015
자기,3,2015
반성,3,2015
서막,2,2015
경향신문,2,2015
한겨레신문,1,2015
중년,2,2015
딜레마,2,2015
부채,4,2015
만하,1,2015
이기심,2,2015
후배,4,2015
로부터,1,2015
가장,1,2015
잔소리,1,2015
대초,1,2015
역사,3,2015
전두환,1,2015
정원,2,2015
문호,1,2015
철저,1,2015
암기,1,2015
점수,2,2015
객관,1,2015
학력고사,1,2015
합산,1,2015
심플,1,2015
씨름,1,2015
수시,1,2015
정시,1,2015
논술,1,2015
신입사원,3,2015
눈높이,5,2015
조절,1,2015
재수,1,2015
취직,2,2015
완전,1,2015
축복,2,2015
천금,1,2015
베이비붐,1,2015
미생,1,2015
부인,1,2015
아픔,1,2015
봉쇄,4,2015
보기,5,2015
강의실,1,2015
산파역,1,2015
국제통화기금,2,2015
복병,2,2015
고참,1,2015
도마,1,2015
쓰나미,4,2015
탄생,1,2015
주역,2,2015
좌우,3,2015
사분,1,2015
오열,1,2015
은행,1,2015
금리,1,2015
지탱,1,2015
수익률,1,2015
상품,1,2015
치킨,1,2015
경비,1,2015
신상,1,2015
분배,2,2015
정의,1,2015
차선,1,2015
시혜,1,2015
배당,1,2015
임대,1,2015
대세,1,2015
실행,2,2015
축소,4,2015
장점,2,2015
조세,1,2015
저항,7,2015
정대영,1,2015
송현경,1,2015
연구소장,1,2015
원로,1,2015
토니,1,2015
주간지,1,2015
고문,1,2015
온정,1,2015
전당대회,1,2015
전당,1,2015
걸음,2,2015
눈물,1,2015
득표,1,2015
포인트,4,2015
고집,1,2015
짐작,1,2015
공략,1,2015
전술,1,2015
조롱,1,2015
유효,1,2015
교육감,7,2015
조희연,1,2015
법원,1,2015
판결,2,2015
균형,5,2015
허위,1,2015
공표,1,2015
무효,5,2015
간극,1,2015
애초,3,2015
경고,1,2015
처벌,1,2015
롤러코스터,1,2015
유분수,1,2015
훈방,1,2015
죄목,1,2015
사형,1,2015
선고,1,2015
극형,1,2015
혐의,2,2015
재판,1,2015
사건,2,2015
범행,1,2015
고승덕,1,2015
낙선,1,2015
국정원,1,2015
댓글,1,2015
파급,1,2015
성완종,1,2015
리스트,1,2015
책임자,1,2015
불법,1,2015
자금,2,2015
의혹,1,2015
중대,2,2015
범죄,1,2015
불복,2,2015
알레르기,1,2015
반응,1,2015
검찰,2,2015
꼬투리,1,2015
기소,1,2015
흠결,1,2015
정통,1,2015
휘하,1,2015
공권력,1,2015
동원,5,2015
전편,1,2015
일보,1,2015
코너,1,2015
황호,2,2015
반미,5,2015
백수,4,2015
귀족,5,2015
스르,1,2015
먹듯,1,2015
여론조사,6,2015
대한,4,2015
현재,2,2015
찬성,3,2015
지층,2,2015
영세,3,2015
집토끼,4,2015
산토끼,4,2015
무능,1,2015
통합,5,2015
시각,3,2015
울안,1,2015
금족,1,2015
속셈,1,2015
박탈,1,2015
착각,1,2015
보상,1,2015
혁신,1,2015
대기업,1,2015
구름,1,2015
메리트,1,2015
관존,1,2015
민비,1,2015
부민,3,2015
장수,1,2015
공덕,1,2015
정부미,2,2015
민간인,1,2015
아키바,2,2015
통일벼,3,2015
밥맛,1,2015
시세,1,2015
역전,1,2015
김무성,5,2015
결속,1,2015
막판,1,2015
명기,1,2015
저지,1,2015
재미,1,2015
회심,1,2015
비서실,1,2015
몰이,1,2015
끄트머리,1,2015
대성,1,2015
소모,1,2015
논설,1,2015
사설,5,2015
폭탄,27,2015
임시국회,3,2015
개회,6,2015
하루,6,2015
어제,3,2015
노골,6,2015
대해,3,2015
혹세,6,2015
무민,6,2015
선동,10,2015
가득,3,2015
김성우,9,2015
홍보수석,3,2015
계류,6,2015
거론,6,2015
한시,6,2015
이유,3,2015
무책임,9,2015
임시,7,2015
수석,9,2015
겁박,3,2015
사전,3,2015
조율,5,2015
경주,3,2015
하명,3,2015
간주,3,2015
착오,3,2015
처리,11,2015
무산,6,2015
사돈,3,2015
유감,3,2015
표명,3,2015
비평,3,2015
간섭,3,2015
삼권분립,3,2015
훼손,3,2015
처사,3,2015
공포,6,2015
마케팅,3,2015
산수,3,2015
왜곡,3,2015
둔갑,3,2015
조성,4,2015
치졸,3,2015
꼼수,3,2015
수지,4,2015
극단,3,2015
생략,3,2015
호도,3,2015
방기,3,2015
의도,4,2015
불신,4,2015
격돌,3,2015
어버이날,5,2015
후손,5,2015
기반,2,2015
양보,3,2015
작년,1,2015
시정,4,2015
연설,8,2015
해도,1,2015
현직,2,2015
부탁,2,2015
손해,1,2015
납부,3,2015
주인공,1,2015
빈곤,2,2015
팽배,1,2015
연장법,2,2015
파이낸셜타임스,2,2015
공정,1,2015
파기,3,2015
우울,1,2015
야합,2,2015
절차,3,2015
크게,1,2015
자칫,1,2015
비화,3,2015
타협,4,2015
전교조,3,2015
국회예산정책처,2,2015
정작,3,2015
연기금,1,2015
재앙,1,2015
실패,2,2015
국내총생산,2,2015
파탄,1,2015
연금제,3,2015
전락,3,2015
준조세,1,2015
수도,2,2015
곳곳,1,2015
눈덩이,3,2015
불똥,2,2015
명목,2,2015
내야,1,2015
형평성,1,2015
금수,1,2015
경기대,1,2015
예견,1,2015
도감,1,2015
주문,1,2015
이견,1,2015
업주,2,2015
기구,2,2015
김용하,1,2015
순천향대,1,2015
부실,2,2015
빈틈,1,2015
점검,2,2015
적정,1,2015
사용자,1,2015
감당,2,2015
원종욱,1,2015
계산,2,2015
장시,1,2015
수익,1,2015
주객전도,1,2015
수술,1,2015
반토막,1,2015
주무,1,2015
비관,1,2015
물가,1,2015
불변,1,2015
가격,1,2015
추산,1,2015
소진,1,2015
필수,1,2015
증권사,1,2015
양성,1,2015
양씨,2,2015
소액,1,2015
공백,1,2015
방도,1,2015
체감,2,2015
화두,2,2015
지지율,4,2015
부재,2,2015
꼽는,1,2015
모든,1,2015
교섭단체,1,2015
설문,2,2015
제목,2,2015
극복,4,2015
이하,1,2015
존경,5,2015
교섭,1,2015
정의화,1,2015
동료,4,2015
정홍원,1,2015
국무총리,5,2015
국무위원,2,2015
광복,2,2015
남북,1,2015
분단,1,2015
통일,1,2015
먹구름,1,2015
햇볕,1,2015
동력,3,2015
정보기술,1,2015
생명공학,1,2015
먹거리,1,2015
건전,2,2015
수출,8,2015
감수,1,2015
환율,2,2015
중앙은행,1,2015
우리나라,5,2015
양적,1,2015
회복,3,2015
중국,2,2015
주도,2,2015
유가,5,2015
석유,1,2015
전량,1,2015
수입,1,2015
호재,1,2015
달러,1,2015
연간,2,2015
원가,2,2015
경쟁력,2,2015
가계,1,2015
냉정,1,2015
석유화학,1,2015
업계,1,2015
이윤,1,2015
재고,1,2015
조선업,1,2015
중동,2,2015
공사,1,2015
수주,1,2015
플랜트,1,2015
울상,1,2015
러시아,1,2015
이란,1,2015
산유,1,2015
폭풍,1,2015
천연자원,1,2015
저가,1,2015
판로,1,2015
운명,2,2015
통제,1,2015
질서,1,2015
재편,1,2015
크기,1,2015
감지,1,2015
서민,2,2015
중산층,2,2015
잠재,1,2015
격동,1,2015
대열,1,2015
정기,1,2015
고통,4,2015
분담,1,2015
공존,1,2015
공영,1,2015
헌신,2,2015
업그레이드,1,2015
기한,1,2015
체적,1,2015
돌파,1,2015
리더십,4,2015
도처,1,2015
산적,2,2015
영합,3,2015
아르헨티나,5,2015
남미,1,2015
개통,1,2015
대국,2,2015
비옥,1,2015
자원,1,2015
기적,1,2015
시안,2,2015
대처,1,2015
곳간,2,2015
약탈,1,2015
단기간,1,2015
뿌리,1,2015
질병,1,2015
파판드레우,1,2015
지시,1,2015
남발,1,2015
무상교육,1,2015
과잉,1,2015
나태,2,2015
필연,1,2015
부정부패,1,2015
엉망,1,2015
부도,1,2015
구조조정,3,2015
국제사회,3,2015
편승,1,2015
시리자,2,2015
불능,1,2015
유로존,1,2015
인도,2,2015
비극,1,2015
살림살이,2,2015
세수,2,2015
결손,1,2015
외부,1,2015
실탄,1,2015
경제위기,1,2015
건전성,2,2015
차입,1,2015
대가,1,2015
허리띠,1,2015
중복,1,2015
효율,2,2015
토대,1,2015
보전,1,2015
담당자,1,2015
입체,1,2015
손녀,2,2015
지갑,1,2015
신용카드,1,2015
실마리,1,2015
운용,1,2015
특위,1,2015
가동,1,2015
치유,1,2015
유전자,1,2015
협조,1,2015
자아,1,2015
행복추구,1,2015
원천,2,2015
상생,1,2015
모색,1,2015
과보,1,2015
호현,1,2015
발목,1,2015
패배,1,2015
제로섬,1,2015
게임,2,2015
세기,2,2015
자본주의,2,2015
사회주의,1,2015
대립,5,2015
할아버지,1,2015
숙명,1,2015
북한,1,2015
흑백,1,2015
밀레니엄,2,2015
회주,1,2015
하달,1,2015
가부장,1,2015
독점,1,2015
폐쇄적,1,2015
기피,1,2015
지향,1,2015
일각,1,2015
입각,1,2015
에너지,1,2015
낭비,1,2015
환경,1,2015
내외,1,2015
혼선,1,2015
마이너스,1,2015
책임감,2,2015
의무감,1,2015
창조,1,2015
정례,2,2015
신속,1,2015
내지,2,2015
도부,2,2015
본래,1,2015
혼신,1,2015
집행,2,2015
내각,2,2015
충성,1,2015
고도,1,2015
헌법,1,2015
법률,1,2015
권한,2,2015
소신,2,2015
행태,1,2015
관행,1,2015
연기,1,2015
이해관계,1,2015
공론,1,2015
평창,2,2015
동계,2,2015
올림픽,2,2015
관심사,1,2015
인프라,1,2015
미흡,1,2015
명감,1,2015
거중,1,2015
강단,1,2015
무장,1,2015
개원,1,2015
발전기,1,2015
의료법,1,2015
진흥,1,2015
민생,1,2015
의대,1,2015
역량,1,2015
성장동력,1,2015
볼거리,1,2015
관광객,1,2015
흡수,1,2015
국부,1,2015
편협,1,2015
육성,1,2015
필요,1,2015
오해,1,2015
안목,1,2015
결단,1,2015
빈손,1,2015
일관,1,2015
다각도,1,2015
다수결,1,2015
선진,2,2015
화법,2,2015
파행,1,2015
타이밍,1,2015
입법권,1,2015
가슴,1,2015
무용지물,1,2015
지난주,1,2015
위헌,1,2015
심판,1,2015
청구,1,2015
헌법재판소,1,2015
제출,1,2015
식물,1,2015
변모,1,2015
기능,1,2015
작동,1,2015
광풍,1,2015
반값,1,2015
공양,1,2015
박수,1,2015
체력,1,2015
확충,1,2015
미달,1,2015
양산,1,2015
납세,1,2015
맺음말,1,2015
전진,2,2015
제자리걸음,1,2015
후퇴,1,2015
주름살,1,2015
분열,1,2015
신명,1,2015
일치단결,1,2015
책무,1,2015
용기,1,2015
자세,1,2015
마음속,1,2015
동행,1,2015
감사,1,2015
촛불,38,2016
내년,8,2016
투표,35,2016
혁명,6,2016
편집자,2,2016
보고서,10,2016
정한울,6,2016
객원,2,2016
기자,7,2016
고려대,2,2016
평화,4,2016
민주주의,6,2016
연구소,4,2016
연구,2,2016
교수,6,2016
대선,15,2016
세대,55,2016
좌우,8,2016
기사,11,2016
토대,2,2016
한국,50,2016
일보,7,2016
리서치,10,2016
여론조사,3,2016
대한,3,2016
상세,1,2016
저작권,2,2016
데이터,7,2016
관망,5,2016
세로,3,2016
선거,60,2016
폭풍,4,2016
예고,7,2016
관심,33,2016
선행,3,2016
지표,2,2016
최고,3,2016
역대,6,2016
민주화,4,2016
추월,1,2016
국회,58,2016
탄핵,16,2016
가결,3,2016
집회,13,2016
인파,2,2016
시민,29,2016
퇴진,4,2016
의뢰,1,2016
직후,1,2016
예측,3,2016
헌재,4,2016
절차,4,2016
시작,6,2016
여론,13,2016
결과,12,2016
공감,4,2016
영남권,1,2016
스윙,1,2016
보터,1,2016
변화,11,2016
징후,2,2016
위력,1,2016
조사,26,2016
시위,9,2016
자체,2,2016
태풍,1,2016
개인,5,2016
참여,35,2016
여부,3,2016
중요,1,2016
변수,4,2016
사람,21,2016
확률,1,2016
상승,8,2016
대략,1,2016
개월,2,2016
응답,9,2016
비율,5,2016
정도,11,2016
수준,6,2016
실제,4,2016
형성,2,2016
패턴,1,2016
확인,4,2016
질문,3,2016
일치,1,2016
비교,3,2016
하락,1,2016
증가,2,2016
전체,2,2016
상반,1,2016
흐름,4,2016
압도,4,2016
양상,1,2016
답변,3,2016
포인트,2,2016
급증,1,2016
가능성,6,2016
시사,1,2016
각종,2,2016
유례,1,2016
현상,4,2016
대목,1,2016
참여자,2,2016
불참,1,2016
정국,3,2016
영향,4,2016
대통령,15,2016
친박,3,2016
여당,6,2016
정치,67,2016
승부,2,2016
불투명,1,2016
통과,4,2016
효능,18,2016
신뢰,11,2016
촛불집회,8,2016
참석,4,2016
경험,6,2016
상관관계,1,2016
참가자,1,2016
최대,3,2016
가능,6,2016
직접,1,2016
개입,3,2016
국정,6,2016
농단,2,2016
언론,7,2016
합작,1,2016
절제,2,2016
분노,15,2016
자극,1,2016
주말,3,2016
사이,6,2016
연인원,1,2016
광범위,2,2016
질서,2,2016
핵국,1,2016
주도,1,2016
성인,1,2016
동아시아,10,2016
연구원,10,2016
평생,4,2016
짐작,1,2016
구속,1,2016
부상,1,2016
위험,1,2016
폭력,4,2016
일반,1,2016
시간대,1,2016
야간,1,2016
소요,1,2016
거리,7,2016
행진,1,2016
물리,1,2016
육체,1,2016
노고,1,2016
비용,2,2016
방식,3,2016
청원,1,2016
공무원,10,2016
접촉,1,2016
전통,3,2016
규모,2,2016
설명,2,2016
발단,1,2016
게이트,2,2016
입장,1,2016
이념,2,2016
대다수,3,2016
자괴,1,2016
충격,1,2016
사건,17,2016
권력자,1,2016
풍모,1,2016
자질,1,2016
주역,3,2016
역설,2,2016
관여,1,2016
불가능,2,2016
의심,2,2016
의혹,3,2016
태플릿,1,2016
증언,1,2016
증거,1,2016
폭로,1,2016
단순,2,2016
호가호위,1,2016
대통,1,2016
기정,1,2016
사실,7,2016
콘크리트,1,2016
지지,8,2016
영남,1,2016
동의,2,2016
과반,1,2016
대립,6,2016
진보,8,2016
보수,18,2016
차이,9,2016
분출,1,2016
기여,1,2016
상황,12,2016
위기,8,2016
유지,4,2016
원동력,1,2016
청소년,5,2016
가족,2,2016
단위,2,2016
세계,10,2016
이목,1,2016
상실,1,2016
위안,3,2016
계기,3,2016
정부,29,2016
대응,2,2016
기름,1,2016
고백,1,2016
요구,16,2016
자진,1,2016
검찰,2,2016
수사,1,2016
거부,6,2016
강수,1,2016
야당,3,2016
추진,5,2016
비박,1,2016
이탈,1,2016
가시,1,2016
일정,2,2016
담화,1,2016
중대,1,2016
위반,1,2016
취지,1,2016
전면,3,2016
부정,3,2016
답변서,1,2016
제출,1,2016
진정,2,2016
반응,9,2016
행보,1,2016
한편,1,2016
반복,1,2016
역량,6,2016
자신감,6,2016
불신,12,2016
심화,1,2016
내적,3,2016
외적,8,2016
찬사,1,2016
해결사,1,2016
민주,3,2016
제도,16,2016
작동,2,2016
의미,6,2016
의식,2,2016
광장,2,2016
근본,3,2016
원인,1,2016
강화,1,2016
의사,4,2016
반영,2,2016
학술,1,2016
용어,3,2016
영향력,2,2016
믿음,2,2016
자격,2,2016
능력,2,2016
주장,4,2016
수용,4,2016
일관,1,2016
동일,1,2016
중심,6,2016
다수,6,2016
부응,1,2016
리그,1,2016
운영,2,2016
반대,7,2016
우리나라,7,2016
국민,47,2016
소수,3,2016
개선,1,2016
대변,3,2016
스스로,2,2016
곤수,2,2016
조합,2,2016
원호,2,2016
갈등,27,2016
청년,88,2016
소외,3,2016
타결,1,2016
회복,3,2016
전환,4,2016
동기,3,2016
의존,2,2016
집단,6,2016
빈도,1,2016
윤활유,1,2016
절반,3,2016
승리,2,2016
판결,2,2016
지방,4,2016
보궐,1,2016
패배,1,2016
천막,1,2016
당사,1,2016
쇄신,1,2016
질타,1,2016
과거,3,2016
새누리당,2,2016
인정,4,2016
번복,1,2016
당권,1,2016
점화,2,2016
배제,1,2016
민심,5,2016
최종,2,2016
기회,7,2016
냉소,1,2016
귀결,1,2016
미지수,1,2016
메시지,1,2016
심판,1,2016
정권,8,2016
교체,2,2016
정치권,7,2016
참고문헌,1,2016
고상,2,2016
민희,2,2016
서울,11,2016
마인드맵,1,2016
방법론,1,2016
리뷰,2,2016
평가,6,2016
박근혜,3,2016
심층,4,2016
분석,4,2016
총선,10,2016
안보,1,2016
경제,14,2016
이중,1,2016
시험대,1,2016
여권,1,2016
유리,1,2016
구도,2,2016
공천,1,2016
경쟁,2,2016
현실,12,2016
진원,1,2016
대구,1,2016
이반,2,2016
판론,1,2016
레임덕,1,2016
야소,2,2016
소야,2,2016
등장,4,2016
수정,1,2016
중간,1,2016
핵심,5,2016
샤이,2,2016
환상,1,2016
피니언,1,2016
신화,1,2016
장소,1,2016
블로그,1,2016
사설,1,2016
연령,14,2016
조정,6,2016
이상,3,2016
중앙,5,2016
관리,6,2016
위원회,12,2016
현행,5,2016
관계,5,2016
개정,2,2016
의견,3,2016
제시,3,2016
학계,3,2016
시민단체,3,2016
관계자,3,2016
초청,2,2016
공청회,3,2016
인구,10,2016
구성,5,2016
진작,1,2016
지탄,2,2016
이제,1,2016
다음,1,2016
바로,1,2016
적용,2,2016
국가인권위,1,2016
하향,3,2016
권고,2,2016
표면,1,2016
고교생,1,2016
공부,1,2016
매진,1,2016
판단력,2,2016
교육,3,2016
현장,3,2016
부작용,1,2016
유일,2,2016
이해관계,6,2016
독자,6,2016
신념,1,2016
기초,6,2016
선거권,1,2016
행사,3,2016
소양,1,2016
정책,9,2016
실장,2,2016
신기,2,2016
선관위,1,2016
발언,5,2016
주목,3,2016
국가,15,2016
독일,1,2016
미국,3,2016
영국,3,2016
개국,2,2016
일본,17,2016
협력,6,2016
회원,1,2016
나라,15,2016
출산,1,2016
저하,1,2016
급속,1,2016
고령화,4,2016
출산율,6,2016
평균,1,2016
진행,4,2016
나이,3,2016
젊은이,7,2016
확대,8,2016
효과,2,2016
혼인,1,2016
약혼,1,2016
입대,1,2016
시험,1,2016
응시,1,2016
앞뒤,1,2016
성향,6,2016
유권자,5,2016
미래,12,2016
생각,11,2016
정당,4,2016
적극,1,2016
기성세대,9,2016
참정권,1,2016
인식,5,2016
정세균,6,2016
국회의장,7,2016
개헌,9,2016
누군가,2,2016
반드시,2,2016
신임,2,2016
개원,7,2016
의장,10,2016
오전,1,2016
이면,1,2016
소위,1,2016
체제,5,2016
산물,3,2016
헌법,9,2016
제정,3,2016
결코,1,2016
사안,4,2016
언제,1,2016
외면,3,2016
기준,4,2016
주체,4,2016
권력,3,2016
통합,11,2016
대한민국,15,2016
시대,9,2016
시대정신,2,2016
정사,2,2016
주춧돌,2,2016
정신,3,2016
입법,10,2016
관행,3,2016
수동,2,2016
주의,7,2016
실질,3,2016
역할,4,2016
능동,2,2016
의회,7,2016
전문,1,2016
존경,7,2016
국회의원,3,2016
양승태,1,2016
대법원,1,2016
박한철,1,2016
재판소,1,2016
황교안,1,2016
국무총리,1,2016
이인복,1,2016
위원장,1,2016
귀빈,1,2016
영광,1,2016
자리,4,2016
응원,1,2016
감사,2,2016
출범,3,2016
역사,5,2016
성년,2,2016
제헌,1,2016
우여곡절,1,2016
파란만장,1,2016
대사,2,2016
굴곡,1,2016
발전,3,2016
신장,1,2016
가슴,2,2016
순간,1,2016
마음,2,2016
걱정,4,2016
책임,2,2016
성숙,1,2016
기관,16,2016
위상,1,2016
확립,1,2016
의원,7,2016
직면,1,2016
안팎,1,2016
동북아,1,2016
중국,27,2016
도전,1,2016
한반도,1,2016
국제,2,2016
역학,1,2016
가속,1,2016
밀월,2,2016
북한,1,2016
도발,1,2016
개성,1,2016
공단,2,2016
폐쇄,1,2016
남북관계,1,2016
출구,2,2016
환경,1,2016
슬기,1,2016
극복,2,2016
사회,25,2016
글로벌,1,2016
금융,1,2016
복병,1,2016
형국,1,2016
바깥,1,2016
고용,2,2016
장기,2,2016
침체,2,2016
고령,1,2016
극도,1,2016
청년실업,1,2016
양극,1,2016
중산층,1,2016
붕괴,1,2016
살맛,1,2016
희망,3,2016
전력,2,2016
투구,1,2016
얼마,5,2016
도어,1,2016
구의역,1,2016
스크린,1,2016
수리,1,2016
정규,5,2016
죽음,2,2016
경고,2,2016
대학,2,2016
등록금,1,2016
마련,4,2016
가방,1,2016
공구,1,2016
컵라면,1,2016
보도,5,2016
자식,2,2016
부모,3,2016
전관예우,1,2016
행태,1,2016
외침,1,2016
공직자,1,2016
부정부패,1,2016
선생,1,2016
다산,1,2016
정약용,1,2016
가르침,1,2016
정독,1,2016
행복추구권,1,2016
불가침,1,2016
기본,5,2016
보장,4,2016
법앞,1,2016
평등,1,2016
차별,6,2016
서술,1,2016
행복,3,2016
불평등,1,2016
자신,3,2016
수호,1,2016
최선,3,2016
자유민,2,2016
주주,2,2016
자유,2,2016
시민사회,2,2016
원성,4,2016
전제,2,2016
성립,2,2016
가치관,1,2016
계층,1,2016
정파,1,2016
공존,1,2016
대결,2,2016
충돌,1,2016
존중,1,2016
상징,1,2016
이야기,8,2016
퍼센트,1,2016
각계,1,2016
각층,1,2016
이해,7,2016
수렴,1,2016
대화,3,2016
타협,2,2016
숙의,1,2016
단일,1,2016
결집,2,2016
개척,1,2016
그동안,1,2016
방조,1,2016
남북,1,2016
동서,1,2016
빈부,1,2016
격차,5,2016
노사,8,2016
불공정,3,2016
중소기업,2,2016
남녀,1,2016
마찰,1,2016
도농,1,2016
반성,1,2016
출발,5,2016
분열,2,2016
고리,1,2016
용광로,1,2016
현명,1,2016
균형,4,2016
선택,1,2016
토양,1,2016
자동,1,2016
완성,1,2016
민주당,3,2016
국민의당,1,2016
정의당,1,2016
모두,2,2016
합심,2,2016
노력,5,2016
방향,1,2016
고민,3,2016
가지,3,2016
강조,3,2016
지향,1,2016
우선,2,2016
가치,1,2016
주권,1,2016
명령,1,2016
여야,1,2016
극한,2,2016
청산,1,2016
무항,2,2016
해결,8,2016
만성,1,2016
경기,1,2016
불황,1,2016
동요,1,2016
일자리,3,2016
불안,3,2016
방황,1,2016
통계청,1,2016
실업,1,2016
체감,1,2016
실업률,2,2016
실업자,1,2016
가계,1,2016
부채,2,2016
서민,1,2016
허리,1,2016
만큼,1,2016
자영,3,2016
업자,3,2016
창업,1,2016
폐업,1,2016
하루,1,2016
임대료,1,2016
고통,1,2016
소득,4,2016
부진,1,2016
가계부채,2,2016
노후,2,2016
주거,7,2016
안정,4,2016
민간,1,2016
소비,3,2016
위축,1,2016
앞길,1,2016
당면,2,2016
경제위기,1,2016
양극화,2,2016
성장,3,2016
저출산,1,2016
구조,4,2016
위협,2,2016
선제,1,2016
생산,4,2016
의정,2,2016
활동,3,2016
행정,2,2016
사법,1,2016
삼권,1,2016
삼발이,1,2016
조화,1,2016
서로,1,2016
능률,1,2016
발휘,1,2016
견제,1,2016
만족,2,2016
성공,1,2016
준비,6,2016
밤새,1,2016
의사당,1,2016
건물,1,2016
잠자리,1,2016
횃불,1,2016
기술,1,2016
융합,1,2016
산업,2,2016
물결,1,2016
이세돌,2,2016
인공,1,2016
지능,1,2016
단면,1,2016
현안,1,2016
매몰,1,2016
앞날,1,2016
전략,4,2016
선진국,1,2016
투입,1,2016
안목,1,2016
지혜,2,2016
그릇,1,2016
에너지,1,2016
도약,1,2016
도탄,1,2016
민생,1,2016
상처,1,2016
치유,1,2016
통일,1,2016
밑그림,1,2016
자랑,2,2016
주인공,2,2016
수록,1,2016
편안,1,2016
지원,1,2016
박수,1,2016
선서,1,2016
내용,1,2016
다짐,1,2016
뉴스룸,1,2016
시청,3,2016
박원순,3,2016
시장,10,2016
집무실,3,2016
한쪽,2,2016
모양,2,2016
책장,8,2016
하나,2,2016
왼쪽,2,2016
다른,2,2016
오른쪽,3,2016
가운데,1,2016
형태,3,2016
모양새,2,2016
빈부격차,3,2016
지역,3,2016
우리,1,2016
모습,3,2016
특별,1,2016
모순,1,2016
서울시,2,2016
공사,3,2016
출연,3,2016
근로자,10,2016
이사,7,2016
상근,1,2016
이사회,1,2016
의결권,2,2016
공기업,4,2016
경영,8,2016
패러다임,1,2016
상생,1,2016
극단,2,2016
연결,1,2016
책무,1,2016
의지,1,2016
계획,3,2016
완전,1,2016
노조,4,2016
메트로,2,2016
도시,2,2016
철도공사,3,2016
당근,1,2016
사제,3,2016
적자,1,2016
성과급,4,2016
공동,2,2016
부담,2,2016
무산,1,2016
재계,1,2016
불똥,2,2016
노심초사,1,2016
공공기관,8,2016
개혁,6,2016
포기,1,2016
주의자,2,2016
이상주의,2,2016
비판,1,2016
무모,1,2016
실험,2,2016
일각,1,2016
대권,1,2016
소통,2,2016
방법,1,2016
해석,2,2016
성과,12,2016
봉제,7,2016
공공,8,2016
차질,1,2016
악화,1,2016
간섭,1,2016
철밥통,2,2016
노골,2,2016
효율,1,2016
전문성,2,2016
낙하산,1,2016
인사,2,2016
방만,1,2016
부패,2,2016
산적,1,2016
만병통치약,1,2016
잠재,1,2016
요인,1,2016
먼저,1,2016
국토부,8,2016
행시,1,2016
예산,11,2016
정원,6,2016
불이익,5,2016
압박,4,2016
국토교통부,3,2016
도입,1,2016
임금,5,2016
지난,2,2016
부문,1,2016
센티,5,2016
페널티,4,2016
부여,7,2016
방안,5,2016
공문,3,2016
지급,12,2016
조직,7,2016
목표,1,2016
통해,2,2016
문화,7,2016
연봉,3,2016
이행,6,2016
공정,4,2016
조기,3,2016
지연,1,2016
패널,8,2016
신자,2,2016
인천국제공항공사,2,2016
항공사,2,2016
토지,2,2016
주택,2,2016
수자원공사,2,2016
도로공사,3,2016
사장,2,2016
배점,1,2016
가점,1,2016
추가,3,2016
월봉,3,2016
삭감,2,2016
인건비,3,2016
인상,1,2016
동결,1,2016
협의,3,2016
노총,3,2016
산별,1,2016
성명,2,2016
공표,1,2016
정식,1,2016
지침,1,2016
인력,2,2016
안전,2,2016
서비스,3,2016
제공,1,2016
결정,2,2016
노동,1,2016
개악,1,2016
관철,1,2016
혈안,1,2016
생명,1,2016
라디오,2,2016
딸기,4,2016
대만,73,2016
표현,3,2016
무르단,1,2016
월급,6,2016
수도,2,2016
사기,1,2016
도나,1,2016
조국,2,2016
나약,2,2016
부재자,2,2016
귀향,2,2016
버스,3,2016
투표소,2,2016
신생,1,2016
무시,1,2016
팟캐스트,3,2016
김서영,4,2016
듣기,1,2016
귀신,3,2016
열망,1,2016
목소리,4,2016
인터뷰,1,2016
남쪽,2,2016
타이베이,5,2016
북쪽,1,2016
기차,1,2016
문제,9,2016
함정,1,2016
경계,1,2016
일리,1,2016
계급,1,2016
금수,4,2016
이효상,3,2016
특정,1,2016
담론,3,2016
한계,1,2016
대론,2,2016
가혹,1,2016
정의,2,2016
단물,3,2016
착취,1,2016
국민연금,15,2016
복지,7,2016
투자,8,2016
박근혜정부,1,2016
인수,3,2016
관심사,2,2016
모든,1,2016
노인,4,2016
연금,16,2016
만원,1,2016
공약,3,2016
재원,3,2016
가량,3,2016
충당,2,2016
검토,2,2016
중이,1,2016
얘기,3,2016
적립금,6,2016
보험료,4,2016
전용,2,2016
종자,2,2016
부당,1,2016
폭동,1,2016
동료,1,2016
반발,2,2016
유야무야,1,2016
요즘,3,2016
용처,1,2016
논쟁,1,2016
기금,7,2016
사업,1,2016
토론회,2,2016
채권,1,2016
임대주택,3,2016
공립,2,2016
어린이집,2,2016
병원,2,2016
건설,1,2016
컴백홈,1,2016
법안,2,2016
발의,1,2016
타깃,1,2016
보육,3,2016
비화,1,2016
의제,1,2016
수익,1,2016
담보,1,2016
신통,1,2016
심정,1,2016
일견,1,2016
차례,1,2016
금액,1,2016
고갈,5,2016
약속,1,2016
사학,1,2016
명문,2,2016
구상,1,2016
도달,2,2016
감소,2,2016
대비,1,2016
원대,1,2016
금융투자,1,2016
올인,1,2016
운용,1,2016
연못,1,2016
국내,1,2016
금융시장,1,2016
고래,1,2016
처치,1,2016
곤란,1,2016
착륙,1,2016
인프라,2,2016
구축,1,2016
속성,1,2016
부양,1,2016
근로,1,2016
연금제,2,2016
지탱,1,2016
치부,1,2016
전문가,6,2016
조원희,2,2016
국민대,2,2016
경제학,1,2016
신생아,1,2016
지속,2,2016
김우창,1,2016
과학기술원,2,2016
공학,1,2016
불안감,1,2016
해소,3,2016
증폭,1,2016
인수위,2,2016
시절,5,2016
필요,2,2016
논란,1,2016
증세,1,2016
방도,1,2016
누리,1,2016
분담,1,2016
중앙정부,1,2016
교육청,1,2016
옥신각신,2,2016
풍경,1,2016
왕구,1,2016
새해,4,2016
기획,6,2016
어머,1,2016
달라,1,2016
다시,1,2016
청춘,2,2016
호명,4,2016
연말,2,2016
한겨레,13,2016
하자,1,2016
이승한,1,2016
티브이,2,2016
칼럼니스트,2,2016
팔이,2,2016
이승,1,2016
주입,1,2016
자각,1,2016
겨를,1,2016
취재,4,2016
주문,1,2016
장강,1,2016
작가,1,2016
저자,1,2016
토론,1,2016
편집국,2,2016
윤곽,1,2016
고함,2,2016
자치,2,2016
김선기,1,2016
최효훈,1,2016
생김새,1,2016
공통점,2,2016
천차만별,1,2016
군대,2,2016
친구,1,2016
세상,2,2016
가난,3,2016
내무반,1,2016
일종,1,2016
편집,1,2016
회의,1,2016
시도,1,2016
부근,1,2016
신촌,1,2016
이승철,1,2016
옥탑,1,2016
가명,4,2016
조선,2,2016
오스트레일리아,1,2016
호주,1,2016
스탠,1,2016
소프,1,2016
마을,2,2016
농장,1,2016
이정환,1,2016
실종,1,2016
태명,1,2016
간직,1,2016
시리즈,1,2016
가제,2,2016
무기,1,2016
청동기시대,1,2016
구체화,1,2016
실체,1,2016
조언,1,2016
월세,1,2016
신분,1,2016
서막,1,2016
문패,1,2016
프리즘,1,2016
수저,5,2016
조회,1,2016
서류,3,2016
광탈,2,2016
십상,2,2016
스펙,2,2016
분통,2,2016
제목,2,2016
회수,1,2016
유명,1,2016
대형,2,2016
로펌,1,2016
클라이언트,1,2016
고객,1,2016
자녀,1,2016
일주일,1,2016
인턴,1,2016
한참,3,2016
여운,1,2016
속도,1,2016
전형,1,2016
탈락,1,2016
수입,1,2016
정애,5,2016
불만,1,2016
대치,1,2016
업그레이드,1,2016
자격증,1,2016
결혼,2,2016
적금,1,2016
당장,1,2016
퇴근,1,2016
알바,1,2016
남자친구,1,2016
데이트,1,2016
통장,1,2016
포털사이트,1,2016
댓글,5,2016
갑론,1,2016
취업,1,2016
구직,1,2016
사이트,1,2016
보험,1,2016
세금,1,2016
정직,1,2016
신입,1,2016
예상,1,2016
반론,2,2016
연민,1,2016
정심,1,2016
노동자,5,2016
비중,1,2016
후반,1,2016
중위,1,2016
미만,1,2016
실감,1,2016
빈곤,1,2016
동시,1,2016
고시원,1,2016
청년시절,1,2016
추억,1,2016
형편,1,2016
절망,1,2016
아파트,3,2016
하차,1,2016
원룸,3,2016
아름,2,2016
교차,2,2016
차지,6,2016
인근,1,2016
주상,2,2016
복합,2,2016
소개팅,1,2016
인생,1,2016
선물,1,2016
큐브,1,2016
혼자,1,2016
전세,1,2016
강원도,1,2016
원주시,1,2016
세종시,1,2016
등지,1,2016
강행,1,2016
부부,1,2016
독립,2,2016
캥거루,1,2016
사연,1,2016
좌담,3,2016
포스팅,2,2016
측면,2,2016
양쪽,2,2016
주변,2,2016
섭외,2,2016
미팅,1,2016
여성,4,2016
매체,3,2016
본인,1,2016
논객,1,2016
활동가,1,2016
한겨레신문,1,2016
구입,1,2016
에스,4,2016
면모,1,2016
지인,1,2016
남성,1,2016
젠더,2,2016
손희정,1,2016
연세대,2,2016
흥미,1,2016
초반,3,2016
중반,1,2016
촛불소녀,1,2016
시각,1,2016
산업화,1,2016
영화,3,2016
할아버지,1,2016
포삼,1,2016
포스트,2,2016
실재,1,2016
꼰대,1,2016
간극,1,2016
조장,1,2016
박탈,1,2016
딥톡,2,2016
종반,1,2016
노답,1,2016
강박,1,2016
균등,1,2016
기업,2,2016
대기업,1,2016
코스,1,2016
돌직구,1,2016
과소,1,2016
대표,6,2016
이의,1,2016
막무가내,1,2016
대식,1,2016
도마,1,2016
잠시,1,2016
한숨,1,2016
예정자,1,2016
주온,1,2016
녹색당,1,2016
비례,1,2016
후보,1,2016
카톡,1,2016
황보,1,2016
쯔위,12,2016
워드,3,2016
한류,2,2016
여러,1,2016
콘텐츠,2,2016
여행,2,2016
점점,1,2016
허물,1,2016
더욱,1,2016
지배,12,2016
거래,2,2016
상대,6,2016
눈길,2,2016
시야,2,2016
친절,1,2016
부족,1,2016
열쇳말,1,2016
식민지,2,2016
식민,7,2016
청일전쟁,1,2016
청나라,5,2016
조약,1,2016
시모노세키,1,2016
움직임,1,2016
진압,2,2016
총독부,1,2016
설치,1,2016
분리,1,2016
통치,5,2016
원주민,4,2016
탄압,1,2016
명나라,2,2016
출신,4,2016
우대,1,2016
유화,1,2016
거점,1,2016
무역,3,2016
중계,1,2016
시설,1,2016
조성,1,2016
반감,1,2016
호감,1,2016
정체,3,2016
종식,1,2016
국민당,14,2016
억압,1,2016
저항,2,2016
기억,1,2016
외성인,7,2016
한족,2,2016
대륙,8,2016
이주,2,2016
애초,1,2016
타이완,2,2016
본성인,6,2016
초기,1,2016
주자,1,2016
터전,1,2016
장제스,1,2016
중국국민당,2,2016
중국공산당,1,2016
전후,1,2016
장악,1,2016
고급,1,2016
관리직,1,2016
기득권,1,2016
발생,2,2016
광주,1,2016
항쟁,1,2016
만판,1,2016
비극,1,2016
공산당,1,2016
허가,1,2016
담배,2,2016
판매,2,2016
밀수,1,2016
린쟝,1,2016
마이,1,2016
단속,1,2016
소총,1,2016
머리,1,2016
가격,1,2016
중상,1,2016
항의,1,2016
발포,1,2016
본성,2,2016
학생,1,2016
사망,1,2016
군중,1,2016
봉기,2,2016
경찰서,1,2016
공격,1,2016
경찰,1,2016
기관총,1,2016
발사,1,2016
상자,1,2016
전국,1,2016
사태,1,2016
처리,4,2016
인권,1,2016
개조,1,2016
도착,1,2016
대적,2,2016
유혈,1,2016
처형,1,2016
학살,2,2016
언급,1,2016
보고,1,2016
공식,5,2016
희생,1,2016
추산,1,2016
샤오시,1,2016
감독,1,2016
연출,1,2016
양조위,1,2016
주연,1,2016
비정성시,1,2016
배경,1,2016
양안,7,2016
분단국가,1,2016
해협,1,2016
서안,1,2016
유엔,2,2016
총회,1,2016
중화인민공화국,2,2016
탈퇴,1,2016
올림픽,2,2016
출전,1,2016
국기,1,2016
청천백일,1,2016
홍기,1,2016
명칭,2,2016
사용,2,2016
깃발,1,2016
차이니즈,1,2016
컨센서스,4,2016
창조,2,2016
이산가족,1,2016
방문,1,2016
허용,1,2016
홍콩,4,2016
협상,5,2016
베이징,1,2016
도중,1,2016
귀국,1,2016
결렬,1,2016
합의,3,2016
사항,1,2016
중화민국,2,2016
이름,1,2016
돌파구,1,2016
진보당,1,2016
민진당,9,2016
천수이볜,3,2016
사상,1,2016
마지막,1,2016
통일부,1,2016
수치,1,2016
주임,3,2016
위원,3,2016
장관,1,2016
개념,1,2016
한자,1,2016
운동,4,2016
해바라기,2,2016
점거,3,2016
차이잉원,6,2016
총통,8,2016
당선자,7,2016
직선제,1,2016
기록,1,2016
열기,1,2016
사우스차이나,1,2016
모닝,1,2016
협회,1,2016
온라인,1,2016
인용,1,2016
의향,1,2016
잉원,9,2016
격분,1,2016
마잉주,1,2016
시발,1,2016
경제성장률,1,2016
육박,1,2016
와중,1,2016
집권,1,2016
협정,2,2016
비준,1,2016
날치기,1,2016
대학생,2,2016
여명,1,2016
교류,1,2016
이익,1,2016
축적,2,2016
잠정,1,2016
입법부,1,2016
접수,1,2016
시민운동,1,2016
어민,2,2016
농회,1,2016
농협,1,2016
재앙,1,2016
처지,1,2016
설득,1,2016
요소,1,2016
각자,1,2016
대만인,9,2016
중국인,8,2016
경향,1,2016
차원,1,2016
국립,2,2016
대학교,2,2016
위탁,1,2016
샘플,1,2016
노무현,3,2016
할머니,1,2016
산악,1,2016
이완,1,2016
부친,2,2016
조상,1,2016
푸젠성,1,2016
구분,1,2016
호소,1,2016
관료,1,2016
법대,1,2016
리덩후이,1,2016
법률,1,2016
고문,1,2016
행정원,1,2016
공직,1,2016
입문,1,2016
테이블,1,2016
외교,1,2016
혐의,1,2016
주석,1,2016
종전,1,2016
의석,2,2016
참여정부,1,2016
우리당,2,2016
획득,1,2016
자산,3,2016
귀속,1,2016
작업,1,2016
측근,1,2016
독재,2,2016
몰수,2,2016
임기,1,2016
진상,2,2016
규명,2,2016
쟁점,1,2016
격변,1,2016
디스,1,2016
팩트,1,2016
시즌,1,2016
도움,1,2016
말씀,1,2016
참고,1,2016
자료,1,2016
장영희,1,2016
외대,1,2016
센터,1,2016
국립대,1,2016
신문,1,2016
양안관계,1,2016
프레,1,2016
시안,1,2016
경향신문,1,2016
우산,1,2016
연대,1,2016
외유,1,2016
내강,1,2016
메르켈,1,2016
숙제,1,2016
내외,1,2016
뉴스,1,2016
통신,1,2016
허영,1,2016
엄습,1,2016
먼지,1,2016
바람,1,2016
헤럴드경제,1,2016
이재훈,1,2016
급식,33,2017
톡톡,1,2017
에바,9,2017
참치,6,2017
동의,6,2017
보감,2,2017
오지,3,2017
지리,3,2017
렛잇고,2,2017
무슨,1,2017
요즘,3,2017
은어,3,2017
학생,18,2017
학교,3,2017
먹기,1,2017
때문,2,2017
일명,3,2017
대해,1,2017
인터넷,6,2017
발음,2,2017
웃기,1,2017
단어,9,2017
외국,1,2017
통조림,1,2017
브랜드,1,2017
의미,13,2017
확장,2,2017
초성,2,2017
카카오,1,2017
리얼,1,2017
진짜,3,2017
장모,1,2017
실제,2,2017
대화,5,2017
주변,2,2017
분위기,1,2017
정도,15,2017
사람,13,2017
신문,1,2017
호들갑,1,2017
느낌,2,2017
프로그램,5,2017
방송,4,2017
개그,1,2017
친구,1,2017
시작,1,2017
인정,6,2017
머박,1,2017
대박,1,2017
김승혁,1,2017
초등학교,3,2017
말투,1,2017
이해,3,2017
고요,4,2017
문장,2,2017
유행,8,2017
표현,6,2017
정신,3,2017
아들,15,2017
카톡,1,2017
수준,4,2017
암호,1,2017
해독,1,2017
중학생,2,2017
소통,4,2017
불가능,1,2017
한참,1,2017
검색,1,2017
연습,1,2017
신라,1,2017
속어,1,2017
할아버지,1,2017
세대,29,2017
사용,7,2017
합의,4,2017
변형,2,2017
사적,3,2017
자리,13,2017
조금,1,2017
역할,1,2017
윤활유,2,2017
생각,20,2017
일종,3,2017
테스트,2,2017
호기심,1,2017
고등학생,2,2017
자제,2,2017
지도,5,2017
비속어,1,2017
욕설,1,2017
무의미,1,2017
어중간,1,2017
유행어,11,2017
생명,1,2017
광범위,2,2017
과도,10,2017
국어,6,2017
교사,5,2017
소리,2,2017
가요,1,2017
언어,4,2017
파괴,1,2017
농락,1,2017
끝말,1,2017
나열,1,2017
운타,2,2017
병살타,1,2017
보룬타,1,2017
삼루타,1,2017
소나타,1,2017
취타,2,2017
댓글,1,2017
언어유희,1,2017
재미,1,2017
저급,1,2017
대표,16,2017
남편,3,2017
얼마,1,2017
아기,1,2017
초등학생,3,2017
경로,2,2017
파악,2,2017
컴퓨터,1,2017
게임,2,2017
중학,1,2017
레알,1,2017
도둑,4,2017
관악구,1,2017
소재,2,2017
한글,2,2017
영어,2,2017
혼합,1,2017
눈물,9,2017
싸이월드,1,2017
버디버디,1,2017
특수문자,1,2017
이용,24,2017
외계어,3,2017
언론,3,2017
가루,7,2017
하이루,1,2017
채팅,1,2017
용어,5,2017
도깨비,1,2017
긔체,1,2017
스마트폰,1,2017
시절,15,2017
입력,1,2017
자음,1,2017
안습,1,2017
안구,1,2017
습기,1,2017
포기,1,2017
스타크래프트,1,2017
패배,1,2017
급여,1,2017
줌마,1,2017
집단,1,2017
친밀,1,2017
갈등,36,2017
걱정,3,2017
차별,7,2017
실시간,1,2017
방향,6,2017
변화,3,2017
문자,2,2017
탄생,3,2017
상황,4,2017
음성,1,2017
리듬,1,2017
교육,12,2017
교수,3,2017
발전,17,2017
개그맨,1,2017
방향성,2,2017
해체,1,2017
방식,3,2017
명작,1,2017
띵작,1,2017
작업,1,2017
기성세대,3,2017
차별성,1,2017
국문학,2,2017
노인,22,2017
틀니,1,2017
벌레,1,2017
인격,1,2017
모독,1,2017
사이,4,2017
비판,5,2017
이야기,6,2017
추구,4,2017
논의,3,2017
영향,5,2017
자극,2,2017
극단,2,2017
어감,1,2017
어휘,1,2017
학년,1,2017
조경준,2,2017
인턴,1,2017
한국,6,2017
외대,2,2017
경제학,1,2017
직장인,1,2017
서울,20,2017
왜냐면,1,2017
취준생,3,2017
만난,1,2017
세상,6,2017
면접,25,2017
서유진,5,2017
취업,8,2017
준비,4,2017
충남,3,2017
천안시,3,2017
이번,1,2017
대기실,3,2017
자기,5,2017
소개,8,2017
지원동,1,2017
쪽지,2,2017
이제,3,2017
시간,5,2017
다른,1,2017
먼저,1,2017
긴장,2,2017
입가,2,2017
미소,3,2017
지원,16,2017
동기,2,2017
안녕,1,2017
질문,5,2017
소린,2,2017
얘기,2,2017
경력,5,2017
기분,2,2017
신입,2,2017
가능,8,2017
서류,4,2017
짜증,1,2017
대학,2,2017
여자,1,2017
지방,10,2017
문과,1,2017
도움,1,2017
세트,1,2017
졸업,2,2017
공무원,16,2017
시험,4,2017
공시,5,2017
공부,1,2017
군데,3,2017
가지,6,2017
공백기,3,2017
입장,2,2017
변명,1,2017
모양,1,2017
나태,1,2017
사회,43,2017
결함,1,2017
눈빛,2,2017
알바,2,2017
사회생활,2,2017
직위,1,2017
이름,17,2017
나이,6,2017
부모,2,2017
직업,2,2017
채용,1,2017
불이익,2,2017
개인정보,2,2017
공개,3,2017
이력서,2,2017
검토,5,2017
무성의,2,2017
태도,2,2017
운전면허,4,2017
곤란,1,2017
중요,3,2017
풀이,2,2017
타지,1,2017
기차,1,2017
시외버스,2,2017
회사,1,2017
고생,1,2017
수고,1,2017
한마디,4,2017
어른,2,2017
투표,2,2017
청년,13,2017
실업,1,2017
미안,7,2017
냉담,1,2017
상처,8,2017
언제,1,2017
정상,1,2017
의문,1,2017
취준,1,2017
컬처,1,2017
랜드,1,2017
아버지,15,2017
가족,37,2017
조건,2,2017
주말,8,2017
드라마,13,2017
제작,2,2017
콘텐츠,3,2017
막장,8,2017
성황,2,2017
넝쿨,2,2017
당신,1,2017
이후,1,2017
대부분,1,2017
전통,3,2017
원형,2,2017
그대로,2,2017
유지,4,2017
현실,28,2017
감각,3,2017
유일,2,2017
코미디,1,2017
코드,1,2017
가미,3,2017
요소,3,2017
빈부격차,3,2017
근원,1,2017
극본,1,2017
원천,1,2017
현명,1,2017
조언,1,2017
사랑,2,2017
치유,11,2017
대상,5,2017
난리,1,2017
조윤희,1,2017
이동건,1,2017
커플,1,2017
신사,4,2017
월계수,2,2017
복점,3,2017
방영,1,2017
시청률,1,2017
기록,2,2017
전적,1,2017
구조,29,2017
풍속,3,2017
노력,3,2017
자식,1,2017
중심,5,2017
오늘날,1,2017
문화,10,2017
흥미,3,2017
평생,7,2017
성실,1,2017
신상,1,2017
비밀,1,2017
간직,2,2017
김영철,1,2017
슬하,1,2017
집안,3,2017
기둥,1,2017
나영,1,2017
김해숙,2,2017
아이,3,2017
외할머니,2,2017
외삼촌,2,2017
다복,1,2017
출생,1,2017
곡해,1,2017
안중희,1,2017
아이돌,1,2017
출신,1,2017
이준,1,2017
코믹,2,2017
연예,1,2017
기본,6,2017
서민,2,2017
핵가족,1,2017
부잣집,1,2017
지난주,1,2017
결혼,2,2017
골인,1,2017
정환,3,2017
류수영,1,2017
장녀,1,2017
혜영,3,2017
이유리,3,2017
연애,1,2017
결정,24,2017
영화,1,2017
연상,1,2017
상견례,2,2017
양가,1,2017
모친,1,2017
설전,1,2017
양상,1,2017
상징,4,2017
장면,10,2017
스토리텔링,1,2017
터치,1,2017
쉰내,1,2017
방지,3,2017
인간미,1,2017
속물,1,2017
근성,1,2017
비난,1,2017
복녀,1,2017
송옥숙,2,2017
대악,2,2017
맞춤법,2,2017
예법,1,2017
모습,3,2017
차규택,1,2017
강석우,1,2017
졸혼,3,2017
결심,1,2017
최대,3,2017
양념,1,2017
한편,2,2017
실감,1,2017
반영,6,2017
고민,2,2017
가해자,1,2017
교내,1,2017
왕따,1,2017
피해자,1,2017
만남,1,2017
임신,1,2017
직장,3,2017
위기,2,2017
스타,1,2017
팬덤,1,2017
엔터테인먼트,1,2017
업체,1,2017
풍경,1,2017
자녀교육,1,2017
학비,1,2017
치맛바람,2,2017
스몰,1,2017
웨딩,1,2017
질병,1,2017
젠더,1,2017
감수,1,2017
현모양처,2,2017
대변,1,2017
수동,1,2017
여성,3,2017
캐릭터,2,2017
지성,1,2017
인성,1,2017
섹시,2,2017
자평,1,2017
자립,1,2017
개성,1,2017
전면,1,2017
편집,1,2017
기법,1,2017
등장,1,2017
전작,1,2017
효과음,2,2017
적극,1,2017
활용,2,2017
사건,24,2017
결과,8,2017
인과관계,2,2017
타란티노,2,2017
테두리,1,2017
인상,1,2017
자녀,1,2017
시청,1,2017
무리,1,2017
억지,1,2017
남녀,1,2017
주인공,2,2017
로맨스,1,2017
트렌디,1,2017
시선,1,2017
둥지,1,2017
행복,4,2017
유난,1,2017
감동,1,2017
전달,1,2017
가슴,8,2017
훈기,1,2017
부모님,1,2017
연락,1,2017
핑계,1,2017
안락,1,2017
위안,1,2017
정리,1,2017
문재인,30,2017
대통령,175,2017
현충일,36,2017
추념,40,2017
사서,1,2017
국가보훈처,12,2017
장관,12,2017
기구,11,2017
격상,11,2017
전문,14,2017
애국,136,2017
대가,14,2017
명예,18,2017
오전,1,2017
국립서울현충원,1,2017
참석,2,2017
오늘,2,2017
현충원,11,2017
우리,2,2017
국민,114,2017
애국심,20,2017
지금,2,2017
대한민국,89,2017
식민지,8,2017
분단,8,2017
국립,1,2017
전쟁,39,2017
가난,24,2017
독재,8,2017
대결,7,2017
시련,14,2017
역사,45,2017
극복,10,2017
자랑,8,2017
독립운동,31,2017
친일,9,2017
독립운동가,52,2017
후손,15,2017
서러움,9,2017
나라,79,2017
강조,8,2017
자손,11,2017
기억,16,2017
국회,15,2017
위상,7,2017
강화,15,2017
국가,144,2017
헌신,50,2017
보상,37,2017
반역,7,2017
심판,36,2017
믿음,7,2017
존경,36,2017
유공,66,2017
유가족,30,2017
희생,38,2017
영전,6,2017
고개,6,2017
조국,69,2017
위로,6,2017
감사,18,2017
말씀,9,2017
충심,7,2017
경의,6,2017
국호,6,2017
신념,12,2017
항일,6,2017
의병,6,2017
광복군,10,2017
국권,10,2017
회복,10,2017
자주독립,6,2017
태극기,42,2017
손발톱,6,2017
설움,6,2017
해방,6,2017
휴전선,6,2017
목숨,6,2017
전선,12,2017
고지,26,2017
국군,6,2017
젊음,12,2017
군인,8,2017
위국,6,2017
맹세,6,2017
후방,6,2017
주민,14,2017
지게,6,2017
탄약,6,2017
식량,6,2017
철원,9,2017
백마,8,2017
양구,10,2017
단장,8,2017
능선,22,2017
산들,8,2017
무덤,8,2017
비극,6,2017
전우,14,2017
마음,29,2017
호국,25,2017
백골,10,2017
유해,10,2017
한구,8,2017
유골,8,2017
전장,14,2017
부상,8,2017
장애,16,2017
이념,35,2017
베트남,13,2017
참전,7,2017
바탕,8,2017
경제,42,2017
주저,6,2017
응답,12,2017
폭염,6,2017
정글,6,2017
역경,6,2017
임무,6,2017
수행,18,2017
이국,6,2017
후유,6,2017
부채,7,2017
차례,8,2017
보답,6,2017
독립,14,2017
달러,7,2017
외화,6,2017
이역,6,2017
만리,6,2017
독일,8,2017
근대,6,2017
역군,6,2017
범벅,6,2017
석탄,6,2017
파독,14,2017
병원,6,2017
파독간호사,11,2017
디딤돌,6,2017
작업장,12,2017
청계천,11,2017
다락방,12,2017
천장,6,2017
허리,6,2017
성노동자,6,2017
재봉틀,6,2017
실밥,6,2017
손끝,6,2017
애국자,23,2017
여공,10,2017
한강,6,2017
기적,6,2017
온몸,8,2017
감당,8,2017
회상,8,2017
정부,23,2017
훈장,8,2017
보수,10,2017
진보,10,2017
자체,8,2017
품속,6,2017
쟁탈전,6,2017
파독광부,6,2017
간호사,13,2017
환송,6,2017
항쟁,8,2017
민주,41,2017
현장,6,2017
서해,11,2017
바다,8,2017
방법,13,2017
출발,11,2017
제도,20,2017
화해,18,2017
좌우,7,2017
수호,18,2017
노소,7,2017
존중,10,2017
공헌,8,2017
통합,23,2017
부탁,7,2017
증오,8,2017
대립,10,2017
통치,26,2017
불행,9,2017
과거,18,2017
반복,13,2017
후유증,10,2017
경험,10,2017
수단,10,2017
정치,54,2017
청산,18,2017
보훈,26,2017
선언,10,2017
그동안,8,2017
정책,22,2017
군사,6,2017
원호,6,2017
공무,6,2017
영역,8,2017
확대,13,2017
군경,6,2017
마련,6,2017
공적,8,2017
상식,6,2017
눈높이,6,2017
걸음,6,2017
대상자,6,2017
자존감,6,2017
정의,12,2017
원칙,7,2017
정직,6,2017
개인,14,2017
기업,27,2017
성공,6,2017
동시,7,2017
순국선열,6,2017
영령,6,2017
열사,6,2017
추모,6,2017
명복,6,2017
운동,7,2017
보훈처,1,2017
위해,3,2017
바로,2,2017
시기,2,2017
동작구,10,2017
국립현충원,15,2017
여러분,1,2017
라며,1,2017
광부,5,2017
거론,1,2017
모두,2,2017
여기,1,2017
상의,1,2017
반드시,2,2017
안고,2,2017
여전,1,2017
뒤집힌,1,2017
다운,1,2017
골든타임,4,2017
김경,4,2017
지음,1,2017
지난해,2,2017
들불,3,2017
번진,1,2017
광장,4,2017
열망,5,2017
적폐,2,2017
현직,2,2017
권좌,2,2017
겨울,2,2017
승리,2,2017
가정,2,2017
일터,2,2017
과제,3,2017
골든,1,2017
타임,1,2017
저자,2,2017
인문학자,2,2017
부제,1,2017
고착,3,2017
수직,5,2017
성장,4,2017
일변도,2,2017
사고방식,2,2017
송두리째,2,2017
미래,4,2017
주장,8,2017
핵심,3,2017
패스트,1,2017
무빙,2,2017
퍼스트,1,2017
수평,3,2017
외환,1,2017
재벌,17,2017
금융,2,2017
권력,67,2017
체제,3,2017
절망,3,2017
대기업,3,2017
계약,2,2017
비정규직,8,2017
남발,1,2017
일자리,3,2017
역대,2,2017
최고,2,2017
실업률,2,2017
기류,1,2017
의사소통,2,2017
상태,2,2017
집단지성,2,2017
자유,12,2017
신입사원,2,2017
윗사람,2,2017
민주화,3,2017
민주주의,10,2017
정착,1,2017
밑바닥,2,2017
마무리,1,2017
투쟁,2,2017
연대,1,2017
두리,1,2017
공약,58,2017
파기,12,2017
이명,2,2017
박근혜,12,2017
편지,5,2017
한겨레,1,2017
부의,1,2017
윤형,5,2017
기자,2,2017
지난,2,2017
헌법재판소,8,2017
파면,15,2017
다소,1,2017
책임,7,2017
벼르,1,2017
이명박,7,2017
세운,1,2017
주요,1,2017
이행,10,2017
과정,10,2017
세밀,1,2017
추적,2,2017
전직,4,2017
차기,1,2017
헌법,64,2017
재판소,1,2017
자신,5,2017
저서,1,2017
동봉,1,2017
자택,2,2017
발송,1,2017
답신,1,2017
세간,1,2017
관심,1,2017
환경부,1,2017
국토교통부,1,2017
농림축산식품부,1,2017
저수지,3,2017
방안,5,2017
운영,1,2017
용역,1,2017
수질,1,2017
개선,2,2017
개방,2,2017
대강,1,2017
사업,2,2017
투입,1,2017
물줄기,1,2017
한반도,1,2017
실패,1,2017
집착,1,2017
혈세,1,2017
분별,1,2017
낭비,1,2017
환경,3,2017
부담,2,2017
재앙,1,2017
분야,2,2017
선구자,1,2017
발견,1,2017
직선,2,2017
쟁취,2,2017
독보,1,2017
구체,3,2017
숫자,5,2017
제시,5,2017
연간,1,2017
경제성장률,1,2017
소득,5,2017
강국,1,2017
세계,2,2017
고용,3,2017
실업자,1,2017
기준,14,2017
절반,2,2017
재정,2,2017
절감,2,2017
균형,3,2017
수입,1,2017
지출,1,2017
적자,1,2017
흑자,1,2017
달성,1,2017
통신비,1,2017
기름값,1,2017
생활비,1,2017
가구,1,2017
약속,8,2017
수업,1,2017
배치,2,2017
신규,1,2017
교통사고,1,2017
상자,1,2017
교부,1,2017
세율,1,2017
현행,21,2017
포인트,2,2017
증액,1,2017
공공기관,2,2017
구매,1,2017
중소기업,1,2017
물품,1,2017
퇴임,1,2017
연도,1,2017
합계출산율,1,2017
아토피,1,2017
피부,2,2017
질환,2,2017
퇴치,1,2017
깨알,1,2017
덕분,1,2017
이견,1,2017
제기,4,2017
완벽,1,2017
증명,1,2017
후임,1,2017
인색,1,2017
지도자,3,2017
자살률,1,2017
출산율,2,2017
가계부채,1,2017
처우,1,2017
주거,2,2017
비용,2,2017
대비,2,2017
빈곤,1,2017
근로시간,1,2017
각종,1,2017
지표,1,2017
확인,6,2017
반값,6,2017
등록금,9,2017
발언,5,2017
시민단체,1,2017
집회,3,2017
촛불집회,1,2017
규모,2,2017
보도,2,2017
반값등록금,3,2017
집권,5,2017
추진,8,2017
오해,1,2017
선거,8,2017
캠프,1,2017
위원회,1,2017
후보,1,2017
선출,7,2017
한나라당,1,2017
전신,1,2017
도부,1,2017
장학금,1,2017
확충,1,2017
법안,2,2017
야당,3,2017
방해,2,2017
간판,2,2017
양고기,1,2017
개고기,1,2017
중국,2,2017
고사,1,2017
구육,1,2017
전문가,1,2017
냉장고,1,2017
요청,2,2017
사항,2,2017
회고록,5,2017
수정,4,2017
재발,1,2017
무례,1,2017
주택,3,2017
담보,4,2017
대출,4,2017
정규직,2,2017
임금,4,2017
격차,2,2017
지속,1,2017
반대,2,2017
위피,1,2017
의무,3,2017
탑재,1,2017
폐지,3,2017
규제,2,2017
완화,2,2017
상환,1,2017
비율,2,2017
조정,3,2017
임기,10,2017
정규,4,2017
평균,1,2017
비중,1,2017
민간,1,2017
기관,10,2017
통계청,1,2017
공식,1,2017
조사,2,2017
경제활동,1,2017
인구,1,2017
근로,1,2017
형태,2,2017
부가,1,2017
특성,2,2017
근거,2,2017
출처,1,2017
독자,1,2017
사실,7,2017
검증,1,2017
태연,1,2017
거짓말,1,2017
품격,1,2017
초판,1,2017
개정판,1,2017
단순,1,2017
출판물,1,2017
청와대,4,2017
지지자,1,2017
충격,2,2017
이틀,1,2017
사망,1,2017
국정,20,2017
농단,4,2017
사과,6,2017
진실,1,2017
헌재,7,2017
불복,1,2017
사태,1,2017
요구,1,2017
역주행,4,2017
해결,8,2017
만일,1,2017
정치인,1,2017
실행,1,2017
실천,5,2017
효과,4,2017
관점,3,2017
부족,1,2017
배경,1,2017
문제,3,2017
악화,1,2017
개월,1,2017
검찰,2,2017
국가정보원,1,2017
대선,3,2017
개입,16,2017
은폐,1,2017
축소,2,2017
성완종,1,2017
리스트,1,2017
문건,1,2017
정윤회,1,2017
십상시,1,2017
수사,1,2017
지침,1,2017
담뱃값,1,2017
기습,1,2017
한국사,1,2017
교과서,1,2017
누리,3,2017
교육청,1,2017
할머니,1,2017
대못,1,2017
위안부,1,2017
강행,1,2017
반구,1,2017
전향,1,2017
금기,1,2017
국민연금,1,2017
연기금,1,2017
보장,9,2017
의결,1,2017
사면권,2,2017
제한,9,2017
실소,1,2017
행사,20,2017
기초,3,2017
연금,4,2017
중증,1,2017
진료,1,2017
전액,1,2017
일련,1,2017
예고,1,2017
고령,1,2017
아이러니,1,2017
여당,2,2017
김무성,2,2017
안철수,1,2017
의원,6,2017
정당,3,2017
공천,1,2017
선제,1,2017
공직,4,2017
후보자,2,2017
완전,1,2017
경선,1,2017
철수,1,2017
법칙,1,2017
번복,1,2017
인생,1,2017
조롱,2,2017
타격,1,2017
노동,5,2017
택배,1,2017
대형,1,2017
화물차,1,2017
기사,1,2017
학습,1,2017
보험,6,2017
골프장,1,2017
캐디,1,2017
특수,1,2017
산재,1,2017
적용,3,2017
제화,1,2017
권성동,1,2017
김진태,3,2017
김회선,1,2017
사위,1,2017
국회의원,2,2017
지킴,1,2017
자임,1,2017
뒤통수,1,2017
최저임금법,2,2017
위반,21,2017
시정,1,2017
조치,1,2017
벌금,1,2017
과태료,1,2017
징벌,1,2017
손해,2,2017
배상,1,2017
남짓,1,2017
노동자,1,2017
추가,2,2017
안정,2,2017
지위,5,2017
개혁,9,2017
노예,1,2017
약탈,1,2017
가수,2,2017
배우,1,2017
임시완,1,2017
광고,1,2017
출연,3,2017
무지,1,2017
미생,1,2017
만큼,1,2017
신중,3,2017
보육,3,2017
대란,1,2017
예산,3,2017
발생,1,2017
전업,4,2017
주부,4,2017
어린이집,1,2017
맞춤,1,2017
맞벌이,1,2017
대책,2,2017
신호,1,2017
출산,1,2017
출마,1,2017
프레임,1,2017
신뢰,4,2017
아이콘,1,2017
양심,1,2017
대통령직,1,2017
액세서리,1,2017
당선,3,2017
제안,1,2017
반환,1,2017
부처,2,2017
보고,2,2017
업무,2,2017
부여,5,2017
권한,15,2017
이익,2,2017
악용,1,2017
보충,8,2017
의견,12,2017
탄핵,20,2017
안창호,4,2017
재판관,5,2017
관련,3,2017
만장일치,2,2017
선고,2,2017
헌법재판관,2,2017
법질서,12,2017
폐습,13,2017
면서,1,2017
다음,1,2017
청구인,16,2017
법률,9,2017
행위,23,2017
용납,2,2017
중대,6,2017
법정,2,2017
제왕,13,2017
필요조건,2,2017
향후,1,2017
모색,1,2017
개진,2,2017
정사,1,2017
대통령제,4,2017
인간,6,2017
존엄,5,2017
가치,13,2017
권리,1,2017
불가침,1,2017
규정,7,2017
근본,1,2017
성격,1,2017
공동체,5,2017
개념,1,2017
이상,1,2017
존재,3,2017
시대,3,2017
지향,7,2017
제정,3,2017
개헌,1,2017
혁명,1,2017
내각,1,2017
부정,6,2017
처벌,1,2017
개정,9,2017
제외,2,2017
나머지,1,2017
채택,2,2017
정치권,9,2017
집중,14,2017
견제,3,2017
장치,2,2017
미흡,2,2017
평가,3,2017
여야,1,2017
존엄성,1,2017
기본권,6,2017
실현,9,2017
직선제,1,2017
임제,1,2017
해산,1,2017
장기,1,2017
가능성,2,2017
차단,2,2017
국정감사권,1,2017
부활,1,2017
신설,1,2017
정경,18,2017
유착,18,2017
폐해,2,2017
상존,1,2017
권위,3,2017
주의,7,2017
근절,1,2017
까닭,1,2017
문제점,6,2017
형성,2,2017
측면,3,2017
획기,2,2017
법률안제출권,2,2017
편성,3,2017
제출,2,2017
행정입법,1,2017
작동,1,2017
리더십,3,2017
결합,2,2017
비선,13,2017
조직,14,2017
남용,10,2017
보통,1,2017
평등,6,2017
비밀선거,1,2017
확보,8,2017
투명,16,2017
절차,8,2017
신조어,1,2017
워터게이트,1,2017
미국,7,2017
우리나라,8,2017
행정부,4,2017
인사청문회,1,2017
공직자,8,2017
범위,1,2017
지방자치단체,1,2017
연방국,1,2017
중앙정부,1,2017
종속,1,2017
자율,4,2017
지방자치,3,2017
시행,2,2017
심화,1,2017
원수,2,2017
수반,2,2017
양적,1,2017
증가,1,2017
질적,1,2017
전문화,1,2017
다양,1,2017
실질,3,2017
활동,1,2017
공간,1,2017
정성,4,2017
예측,1,2017
통제,3,2017
계속,2,2017
연결고리,1,2017
단절,2,2017
참여,3,2017
대의,2,2017
민주제,1,2017
원리,9,2017
서원,3,2017
차관,1,2017
참모,3,2017
추천,1,2017
고위,2,2017
인사,2,2017
영향력,3,2017
조장,4,2017
지시,3,2017
구성,3,2017
절대,3,2017
발휘,2,2017
차이,1,2017
국무총리,1,2017
국무위원,1,2017
의사결정,2,2017
복종,1,2017
하향,1,2017
의사,5,2017
연고,1,2017
자의,4,2017
획득,2,2017
소외,1,2017
승자,1,2017
독식,1,2017
다수,2,2017
자원,2,2017
극한,1,2017
분열,2,2017
세력,2,2017
이전,2,2017
투구,2,2017
지역,7,2017
유발,1,2017
공정,13,2017
객관,2,2017
당파,1,2017
법치국가,4,2017
훼손,4,2017
침해,3,2017
본질,1,2017
사익,2,2017
동선,1,2017
공통,1,2017
기밀,1,2017
문서,1,2017
기간,1,2017
유출,1,2017
묵인,1,2017
공공,1,2017
방과,1,2017
경영,1,2017
합법,1,2017
고질,1,2017
지적,2,2017
보호,1,2017
고도,1,2017
산업화,1,2017
주역,1,2017
부인,2,2017
경제성장,1,2017
불법,3,2017
부패,4,2017
원인,2,2017
특권,1,2017
주체,3,2017
자발,1,2017
창의성,1,2017
위축,1,2017
초래,2,2017
질서,7,2017
창의,3,2017
적정,1,2017
분배,1,2017
시장,1,2017
지배,1,2017
경제력,1,2017
조화,3,2017
경제정책,1,2017
경제민주화,1,2017
비밀리,1,2017
주도,2,2017
재단,2,2017
기금,2,2017
시장경제,3,2017
재산권,1,2017
결론,1,2017
분할,1,2017
상호,1,2017
권력분립,2,2017
분권,11,2017
한계,1,2017
보완,1,2017
직접,1,2017
현대,2,2017
대안,2,2017
국가원수,1,2017
로서,1,2017
주권,3,2017
경향,1,2017
역량,1,2017
효율,1,2017
선진국,1,2017
문턱,1,2017
양극,1,2017
일본,5,2017
러시아,1,2017
강대국,1,2017
바구니,1,2017
북한,1,2017
미사일,1,2017
위협,1,2017
안전,4,2017
도모,3,2017
평화통일,4,2017
억압,1,2017
타협,1,2017
숙의,2,2017
중시,1,2017
이해관계,2,2017
조율,1,2017
해소,1,2017
참조,6,2017
소모,1,2017
정쟁,1,2017
협치,4,2017
공유,3,2017
전환,1,2017
근접,1,2017
정부형태,3,2017
지지,1,2017
비례,4,2017
스위스,1,2017
개별,1,2017
남북분단,1,2017
안보,1,2017
감정,2,2017
이원집정부제,1,2017
의원내각제,1,2017
리제,1,2017
선택,1,2017
분산,2,2017
변경,1,2017
중앙,2,2017
이양,1,2017
근거리,1,2017
지방자치제도,1,2017
국민주권,2,2017
시민,2,2017
의식,1,2017
고양,1,2017
뿌리,1,2017
자치,1,2017
상향,1,2017
배분,1,2017
이바지,1,2017
일조,1,2017
통일,3,2017
기여,2,2017
국회의원선거,1,2017
비례대표제,1,2017
출발점,1,2017
원적,1,2017
유권자,1,2017
정체,1,2017
확립,2,2017
선정,1,2017
천명,1,2017
법령,1,2017
구체화,1,2017
국민소환제,1,2017
국민발안제,1,2017
국민투표제,1,2017
직접민주제,1,2017
행정각부,1,2017
국가정보원장,1,2017
검찰총장,1,2017
경찰청장,1,2017
국세청,1,2017
임명,2,2017
비대,1,2017
형평성,1,2017
활성화,1,2017
상원,1,2017
설치,1,2017
양원제,2,2017
단계,2,2017
유념,1,2017
설계,1,2017
권력투쟁,1,2017
담합,1,2017
전락,1,2017
이성,1,2017
수렴,3,2017
공론,1,2017
정권,3,2017
사유화,1,2017
청구,4,2017
기각,5,2017
해석,2,2017
목적,2,2017
신임,1,2017
배반,1,2017
자격,1,2017
상실,1,2017
여부,2,2017
확정,1,2017
고정,1,2017
경위,1,2017
종합,1,2017
성별,1,2017
종교,1,2017
신분,1,2017
생활,3,2017
증거,1,2017
비교,1,2017
준수,2,2017
파생,1,2017
감안,1,2017
법치,2,2017
준법,3,2017
현행법,1,2017
입법,2,2017
위법,2,2017
용서,1,2017
백성,1,2017
성현,1,2017
일반,1,2017
위법행위,2,2017
대처,2,2017
청탁,2,2017
금품,2,2017
수수,2,2017
사립학교,1,2017
관계자,1,2017
언론인,1,2017
포함,2,2017
자등,1,2017
직무관련성,1,2017
제재,1,2017
직무,4,2017
청렴,2,2017
풍요,1,2017
영위,1,2017
용인,1,2017
충돌,2,2017
타파,2,2017
공백,1,2017
국론,1,2017
손실,1,2017
난국,1,2017
반성,1,2017
성찰,1,2017
구실,1,2017
요인,1,2017
시대정신,3,2017
명령,1,2017
개편,1,2017
각인,1,2017
기회,1,2017
능력,1,2017
균등,2,2017
향상,2,2017
플라톤,2,2017
저술,1,2017
철인,1,2017
국가론,1,2017
동족,1,2017
내란,1,2017
비화,2,2017
당사자,1,2017
파멸,1,2017
경고,2,2017
시사,1,2017
공법,1,2017
하수,1,2017
아모스,1,2017
성경,1,2017
불의,1,2017
판단,1,2017
규범,1,2017
표준,1,2017
설정,1,2017
소명,1,2017
계기,1,2017
여적,1,2017
국제,2,2017
통용,2,2017
연령,13,2017
재상,2,2017
비스마르크,3,2017
도입,1,2017
노령,2,2017
지급,3,2017
세로,3,2017
유엔,3,2017
복지,2,2017
로우,1,2017
우대,1,2017
정년,8,2017
연장,1,2017
반발,1,2017
여론,2,2017
방침,1,2017
나름,1,2017
전기,1,2017
고령자,3,2017
후기,1,2017
의료,1,2017
혜택,1,2017
바람,1,2017
교체,1,2017
사례,2,2017
민주당,3,2017
표창원,2,2017
소셜미디어,2,2017
파장,1,2017
반기문,3,2017
사무,2,2017
총장,2,2017
겨냥,1,2017
정무,1,2017
해명,1,2017
논란,1,2017
대변인,2,2017
국민의당,2,2017
장진영,2,2017
정지,2,2017
노무현,1,2017
김영삼,1,2017
김대중,1,2017
일각,1,2017
기성,2,2017
불신,1,2017
반감,1,2017
논쟁,1,2017
계절,1,2017
소셜,1,2017
시험,55,2018
선호,5,2018
이유,1,2018
우린,1,2018
직장,10,2018
공공기관,24,2018
전국,6,2018
시장,8,2018
공기업,30,2018
준정부기관,4,2018
모두,2,2018
수치,4,2018
지난해,4,2018
기준,8,2018
근무,12,2018
평균,12,2018
연봉,3,2018
월급,9,2018
만원,6,2018
대기업,8,2018
액수,5,2018
한해,1,2018
한국,31,2018
사회,50,2018
이슈,10,2018
공공,25,2018
기관,24,2018
채용,25,2018
정성,3,2018
경찰,2,2018
수사,22,2018
비리,5,2018
문재인,19,2018
정부,73,2018
정책,15,2018
비정규직,31,2018
정규직,45,2018
본격,4,2018
추진,15,2018
반발,7,2018
경향신문,2,2018
위원회,26,2018
서울시,6,2018
청년,59,2018
자치,6,2018
중구,3,2018
서울,14,2018
사무실,4,2018
직원,14,2018
준비,25,2018
계약,10,2018
대상자,1,2018
정규,21,2018
전환,18,2018
각종,2,2018
이야기,13,2018
일자리,28,2018
낙엽,7,2018
보장,35,2018
퇴근,10,2018
종이,1,2018
과장,2,2018
안정,23,2018
연차,5,2018
육아,7,2018
탄력,4,2018
근로,6,2018
오름,7,2018
학점,3,2018
블라인드,2,2018
부문,13,2018
바다,15,2018
장점,5,2018
직무,11,2018
패기,2,2018
정시,4,2018
해고,7,2018
위험,2,2018
안정감,3,2018
만족감,2,2018
태양,11,2018
경험,18,2018
차별,20,2018
두려움,4,2018
하청,8,2018
비교,3,2018
업무,16,2018
사람,65,2018
관리자,2,2018
부분,1,2018
별개,1,2018
규모,3,2018
사업,5,2018
오지,1,2018
이동,2,2018
서비스,4,2018
제공,1,2018
연고,4,2018
당장,6,2018
발령,2,2018
조직,8,2018
문화,7,2018
보수,12,2018
계급,2,2018
단조,2,2018
국가,31,2018
능력,12,2018
표준,2,2018
수능,4,2018
공무원,52,2018
유사,2,2018
회사,22,2018
테스트,1,2018
기본,1,2018
정보,4,2018
중요,16,2018
요구,9,2018
내용,2,2018
선배,2,2018
계곡,3,2018
가중,1,2018
서류,1,2018
면접,5,2018
부담,12,2018
의사소통,1,2018
수리,1,2018
평가,12,2018
분류,1,2018
기업,13,2018
추가,4,2018
주변,5,2018
예정,7,2018
공사,2,2018
포기,6,2018
중심,8,2018
방식,19,2018
생각,59,2018
공정,7,2018
대학,13,2018
입학사정관,1,2018
수시,1,2018
확대,5,2018
의견,6,2018
주관성,2,2018
배제,3,2018
객관성,2,2018
취업,32,2018
객관,1,2018
지표,1,2018
수업,9,2018
교수,11,2018
점수,1,2018
친구,13,2018
연관,3,2018
정도,19,2018
타당도,1,2018
선발,4,2018
사실,8,2018
학교,13,2018
전공,3,2018
공부,7,2018
적성,1,2018
합격자,1,2018
승진,1,2018
유형,2,2018
나머지,1,2018
방법,3,2018
관리,4,2018
고등학교,3,2018
졸업,9,2018
직업,13,2018
교육,25,2018
이직,2,2018
업체,4,2018
실무,14,2018
안전,2,2018
차원,4,2018
차이,4,2018
역량,3,2018
발휘,5,2018
자리,13,2018
제도,32,2018
불공정,7,2018
비율,4,2018
갈등,30,2018
조정,3,2018
반달,8,2018
측면,5,2018
함양,2,2018
논란,8,2018
편입,2,2018
반대,6,2018
차등,2,2018
미안,5,2018
무시,2,2018
본인,5,2018
낙하산,1,2018
위치,3,2018
입장,10,2018
양쪽,2,2018
이해,7,2018
취준생,4,2018
관심,8,2018
입사,5,2018
대상,5,2018
여지,1,2018
기회,4,2018
마음,9,2018
존재,5,2018
천둥,4,2018
개입,7,2018
끼리,1,2018
경쟁,9,2018
인턴,16,2018
애초,3,2018
티오,7,2018
약속,7,2018
사용,4,2018
원래,3,2018
생활,14,2018
고민,9,2018
교대,1,2018
상황,24,2018
임용,1,2018
고사,1,2018
여부,4,2018
영양사,2,2018
영양,1,2018
교사,10,2018
보건,3,2018
역할,8,2018
영어,4,2018
체육,1,2018
사범,1,2018
보조,1,2018
선생님,3,2018
실제,10,2018
판단,5,2018
일괄,2,2018
캠퍼스,1,2018
통합,4,2018
자신,18,2018
지위,2,2018
박탈,3,2018
처우,7,2018
개선,5,2018
고용,6,2018
형태,2,2018
만큼,11,2018
대가,3,2018
맹신,1,2018
대안,5,2018
전형,3,2018
특성,4,2018
반칙,1,2018
시작,16,2018
대졸,4,2018
수준,6,2018
대우,4,2018
자체,4,2018
기술,1,2018
일반,6,2018
경력,4,2018
거론,2,2018
절차,5,2018
동의,7,2018
적합,1,2018
제로,2,2018
베이스,2,2018
고통,4,2018
축적,5,2018
인정,7,2018
리스크,3,2018
정치,66,2018
부서장,1,2018
확률,1,2018
부서,2,2018
가능성,4,2018
인연,2,2018
자격,5,2018
한편,6,2018
세대,85,2018
교육과정,2,2018
반영,5,2018
투표,4,2018
부모,7,2018
동일,4,2018
원칙,3,2018
퇴직,11,2018
불편,3,2018
순간,3,2018
방향,3,2018
시간,7,2018
적용,4,2018
공백,2,2018
발생,3,2018
일종,3,2018
쉐어,4,2018
기반,1,2018
백업,1,2018
하나,1,2018
오후,1,2018
절반,2,2018
필요,1,2018
다만,1,2018
참석자,1,2018
이름,10,2018
가명,1,2018
사고,1,2018
분위기,4,2018
현장,5,2018
느낌,1,2018
얘기,7,2018
적응,3,2018
인턴제,1,2018
학창시절,1,2018
근무시간,1,2018
잡셰어링,1,2018
출범,4,2018
내년,8,2018
기구,6,2018
의회,3,2018
구성,5,2018
예산,1,2018
편성,1,2018
집행,3,2018
발굴,2,2018
최영애,3,2018
인권,21,2018
위원장,38,2018
맘충,3,2018
혐오,18,2018
인간,3,2018
벌레,4,2018
크레파스,2,2018
살색,7,2018
배경,5,2018
국가인권위,2,2018
회의,7,2018
권고,18,2018
당시,2,2018
김해,2,2018
외국인,4,2018
노동자,7,2018
대표,10,2018
인종차별,2,2018
해당,1,2018
인권위,47,2018
진정,8,2018
기술표준원,2,2018
색깔,2,2018
개정,6,2018
연주황,2,2018
최종,3,2018
살구색,2,2018
글자,1,2018
양심,2,2018
병역,2,2018
거부,4,2018
나이,8,2018
변화,4,2018
시절,11,2018
나라,6,2018
박근혜,13,2018
연합체,1,2018
국제,3,2018
미비,1,2018
위원,2,2018
임명,1,2018
법제,1,2018
지적,9,2018
차례,5,2018
등급,2,2018
보류,1,2018
판정,1,2018
유지,8,2018
모범,1,2018
수모,1,2018
취임,8,2018
위상,2,2018
부활,1,2018
책임,6,2018
제정,6,2018
설립,3,2018
참여,7,2018
초대,1,2018
사무,1,2018
총장,1,2018
상임,1,2018
활동,2,2018
집무실,1,2018
여혐,3,2018
남혐,5,2018
집단,8,2018
해결,14,2018
기획,11,2018
대응,5,2018
뿌리,2,2018
의지,2,2018
여론,6,2018
모델,2,2018
전담,1,2018
인력,1,2018
배치,1,2018
차별시정,1,2018
국장,1,2018
단장,1,2018
겸임,1,2018
계획,10,2018
구조,6,2018
임기,5,2018
대결,5,2018
구도,4,2018
여성,7,2018
남성,4,2018
대립,4,2018
생산,2,2018
건강,2,2018
언론,6,2018
사건,7,2018
보도,5,2018
상징,1,2018
미러링,2,2018
한마디,6,2018
워마드,1,2018
질문,3,2018
줄기,1,2018
물길,1,2018
시점,3,2018
물줄기,2,2018
프랑스,5,2018
사례,5,2018
운동,9,2018
설명,6,2018
매장,1,2018
도심지,1,2018
유리창,1,2018
행동,2,2018
나름,2,2018
성장,6,2018
성소수자,2,2018
난민,6,2018
소수,3,2018
확장,2,2018
고리,2,2018
특정,1,2018
동성애,2,2018
가짜,1,2018
뉴스,1,2018
강화,5,2018
현실,8,2018
염두,1,2018
관심사,1,2018
쟁탈전,3,2018
지하철,1,2018
노인,5,2018
양보,1,2018
일반석,1,2018
싸움,1,2018
목격,1,2018
초창,2,2018
노령화,1,2018
진행,4,2018
선도,2,2018
뒷북,3,2018
실력,1,2018
초기,1,2018
시민,3,2018
단체,3,2018
활동가,1,2018
정직,2,2018
등장,1,2018
사안,4,2018
비판,3,2018
과거,5,2018
성격,2,2018
의제,2,2018
방어,3,2018
모습,5,2018
의미,9,2018
정립,2,2018
관료,2,2018
수행,1,2018
지론,1,2018
각오,2,2018
혁신,7,2018
강조,5,2018
영역,2,2018
시민단체,3,2018
전문가,7,2018
시민사회단체,1,2018
공채,3,2018
연수,2,2018
훈련,1,2018
권위,4,2018
무게,1,2018
강제,2,2018
조사,15,2018
효능,1,2018
구심,2,2018
실효,1,2018
국제연합,1,2018
대체,5,2018
복무,3,2018
방안,14,2018
정경,1,2018
국방부,2,2018
장관,8,2018
기간,6,2018
현역,1,2018
만남,1,2018
부처,3,2018
교육부,2,2018
국무총리,2,2018
총리,1,2018
국민,53,2018
상대,4,2018
설득,4,2018
작업,2,2018
반복,3,2018
독립,6,2018
금지법,4,2018
희망,2,2018
다짐,3,2018
손가락,1,2018
청와대,16,2018
대통령,155,2018
임명장,2,2018
허리,2,2018
인사,3,2018
사진,3,2018
인상,11,2018
나중,2,2018
조국,1,2018
수석,4,2018
쓴소리,4,2018
말씀,1,2018
협조,2,2018
지시,6,2018
성품,1,2018
위아래,1,2018
방문,1,2018
단식,2,2018
이집트,2,2018
농성,2,2018
인사청문회,1,2018
국회의원,2,2018
질의,1,2018
소신,1,2018
국회,6,2018
독립성,1,2018
차별금지법,7,2018
단순화,1,2018
지법,1,2018
인식,3,2018
저변,1,2018
성안,1,2018
소수자,2,2018
결단,2,2018
발의,1,2018
통과,2,2018
근본,2,2018
공감,5,2018
확산,3,2018
작동,4,2018
사형,7,2018
폐지,4,2018
걸음,4,2018
전원,1,2018
결정,3,2018
권리,2,2018
규약,1,2018
선택,8,2018
의정서,3,2018
가입,11,2018
중단,2,2018
주년,1,2018
선언,3,2018
세계,6,2018
모라토리엄,1,2018
관측,1,2018
화두,4,2018
견인,1,2018
고백,2,2018
성폭력,1,2018
담소,1,2018
성폭행,1,2018
범죄자,2,2018
무인도,1,2018
입버릇,1,2018
웃음,1,2018
위로,4,2018
마지막,7,2018
구제,1,2018
관계,2,2018
관계자,5,2018
부응,1,2018
소리,3,2018
칭찬,1,2018
정환,2,2018
지구촌,1,2018
선거,19,2018
나이지리아,10,2018
올드보이,3,2018
기득권,4,2018
아프리카,5,2018
최대,6,2018
산유,2,2018
이자,1,2018
대륙,2,2018
맹주,2,2018
인구,5,2018
명의,1,2018
대국,2,2018
수식어,2,2018
사상,2,2018
정권,13,2018
교체,2,2018
국제사회,3,2018
주목,4,2018
이후,2,2018
유권자,6,2018
목소리,7,2018
내면,1,2018
대한,1,2018
고조,2,2018
종족,2,2018
북부,3,2018
이슬람,4,2018
남부,3,2018
기독교,4,2018
세력,11,2018
빈부,1,2018
격차,1,2018
무장,2,2018
창궐,1,2018
특유,1,2018
불안,7,2018
요인,1,2018
불모,1,2018
민주주의,3,2018
안착,1,2018
시선,1,2018
부통령,5,2018
장성,1,2018
출신,9,2018
현직,3,2018
수완,3,2018
선거운동,1,2018
공식,5,2018
개월,3,2018
대선,15,2018
레이스,1,2018
대진표,1,2018
양강,1,2018
부하,7,2018
재선,2,2018
도전,4,2018
집권,10,2018
진보,7,2018
후보,14,2018
야당,5,2018
인민,1,2018
민주당,2,2018
아티,1,2018
아부,4,2018
카르,4,2018
대항,1,2018
캐릭터,1,2018
이력,1,2018
정반대,2,2018
상대방,2,2018
약점,1,2018
육군,1,2018
소장,1,2018
부패,2,2018
경제,21,2018
실패,5,2018
명분,2,2018
무혈,1,2018
쿠데타,7,2018
권좌,1,2018
구금,1,2018
귀향,1,2018
경영,1,2018
석유,2,2018
신탁,1,2018
일선,1,2018
복귀,1,2018
부정부패,1,2018
추방,1,2018
표심,2,2018
공략,1,2018
단골,1,2018
슬로건,1,2018
폐쇄,1,2018
퍼스트,1,2018
레이디,1,2018
공약,4,2018
승리,3,2018
굿럭,1,2018
나단,1,2018
장기,2,2018
종지부,1,2018
전력,1,2018
의식,3,2018
스스로,1,2018
변형,1,2018
민주주의자,1,2018
투사,1,2018
이미지,3,2018
지층,1,2018
결집,1,2018
도널드,1,2018
트럼프,2,2018
미국,6,2018
초청,1,2018
백악관,1,2018
정상회담,1,2018
방미,1,2018
정상,1,2018
사하라,1,2018
이남,1,2018
연설,1,2018
유엔,1,2018
총회,1,2018
노역,1,2018
대판,1,2018
노예,1,2018
인신매매,1,2018
사이버,1,2018
범죄,9,2018
범법,1,2018
행위,4,2018
증가,2,2018
공동,2,2018
열변,1,2018
부각,1,2018
둔화,1,2018
살림살이,2,2018
악화,4,2018
가도,2,2018
작용,1,2018
이듬해,2,2018
경제성장률,1,2018
마이너스,3,2018
경기,1,2018
침체,1,2018
수렁,1,2018
상태,3,2018
육박,1,2018
지지율,7,2018
급락,4,2018
토막,1,2018
대적,1,2018
소탕,1,2018
근절,1,2018
보코하람,1,2018
극단,3,2018
주의,14,2018
테러,1,2018
치안,1,2018
극복,2,2018
사업가,3,2018
정치인,6,2018
성공,4,2018
명성,1,2018
관세청,1,2018
퇴임,1,2018
부동산,1,2018
투자,5,2018
창업,1,2018
돈세탁,1,2018
혐의,17,2018
출마,1,2018
소송,2,2018
곤욕,1,2018
지사,1,2018
다마,1,2018
입지,1,2018
만족,2,2018
포함,2,2018
그간,1,2018
연방주,1,2018
모토,1,2018
어필,1,2018
권한,3,2018
분산,1,2018
해외,3,2018
숙련,1,2018
유치,2,2018
경쟁력,1,2018
논리,4,2018
원유,1,2018
수출,1,2018
수입,5,2018
국고,1,2018
충당,3,2018
기형,1,2018
주장,16,2018
분권,1,2018
주민,1,2018
각자,2,2018
책임감,1,2018
심화,3,2018
발전,5,2018
잔칫상,1,2018
유력,2,2018
정국,1,2018
장악,2,2018
바닥,2,2018
민심,4,2018
굿판,1,2018
불만,2,2018
권력,3,2018
지형,1,2018
양분,2,2018
기성,1,2018
정당,6,2018
대권,2,2018
경쟁자,2,2018
분출,1,2018
수렴,2,2018
한계,2,2018
좌우,1,2018
이념,1,2018
편의,1,2018
자유,8,2018
몰두,1,2018
설정,2,2018
후견인,1,2018
수혜자,1,2018
이해관계,1,2018
엘리트,2,2018
버팀목,1,2018
기업가,1,2018
정치가,1,2018
쓰레기,1,2018
빈민,1,2018
독자,1,2018
행사,1,2018
승자,1,2018
낙점,1,2018
그룹,1,2018
덕분,2,2018
지지,3,2018
가능,9,2018
법적,2,2018
다수,2,2018
득표,2,2018
당선,8,2018
규정,3,2018
연줄,1,2018
영향력,1,2018
향배,1,2018
이면,1,2018
지배,1,2018
장로제,3,2018
연장,8,2018
주술,1,2018
종교,2,2018
의례,1,2018
군사,1,2018
실권,1,2018
독점,1,2018
체제,2,2018
세습,1,2018
이권,1,2018
결탁,1,2018
지리,1,2018
빈곤,5,2018
지역,7,2018
복음주의,1,2018
거대,1,2018
달러,3,2018
비용,3,2018
신고,2,2018
여명,3,2018
이변,1,2018
승부,1,2018
우여곡절,1,2018
헌법,1,2018
후보자,1,2018
연령,8,2018
얼굴,3,2018
유학,2,2018
활용,1,2018
인지도,1,2018
안간힘,1,2018
씨앗,1,2018
정년,11,2018
금액,9,2018
자동,4,2018
삭감,3,2018
시스템,1,2018
도입,1,2018
일본,29,2018
도쿄,5,2018
만난,1,2018
쓰루호,2,2018
세이,1,2018
시로,1,2018
통신,2,2018
도코모,2,2018
꼬박,1,2018
법정,4,2018
은퇴,5,2018
지금,1,2018
매달,1,2018
연금,137,2018
상담,2,2018
동안,1,2018
다음,3,2018
국책,2,2018
연구기관,2,2018
개혁,24,2018
재정,20,2018
고심,1,2018
식비,1,2018
의류,1,2018
교제비,1,2018
지출,2,2018
불가능,1,2018
아내,1,2018
노후,19,2018
지장,1,2018
의무,5,2018
일손,1,2018
부족,5,2018
표면,1,2018
고령,2,2018
속도,3,2018
사회보장,1,2018
재원,1,2018
근로자,5,2018
공적,7,2018
수급,5,2018
개시,2,2018
국민연금,50,2018
후생,6,2018
공제,1,2018
정액,1,2018
보험료,39,2018
기초,5,2018
소득,23,2018
일정,2,2018
지원,7,2018
직장인,2,2018
결과,7,2018
자영,1,2018
업자,2,2018
개인,6,2018
사업자,1,2018
수령,11,2018
적자,4,2018
기록,3,2018
지급,24,2018
추정,1,2018
마무,3,2018
고헤이,1,2018
게이오대,1,2018
장수,1,2018
고령화,8,2018
보험,2,2018
감소,2,2018
저출산,8,2018
조치,3,2018
고갈,8,2018
생활자,1,2018
보호관찰,1,2018
소개,1,2018
기업체,1,2018
대책,2,2018
마련,14,2018
회장,2,2018
카스,1,2018
노부,1,2018
후지,1,2018
제록스,1,2018
임원,1,2018
커리어,1,2018
머리,1,2018
부장,4,2018
조절,1,2018
장치,2,2018
대대,1,2018
급여,4,2018
고정,5,2018
단계,2,2018
거시,6,2018
슬라이드,6,2018
기대수명,1,2018
출산율,1,2018
물가,1,2018
상승,1,2018
디플레이션,1,2018
미래,9,2018
대비,5,2018
구축,1,2018
홍무,1,2018
와세다대,1,2018
학부,1,2018
소비,1,2018
기금,14,2018
위기,8,2018
상존,1,2018
분기,1,2018
흑자,1,2018
운영,2,2018
실적,1,2018
적립금,1,2018
결혼,5,2018
출산,4,2018
젊은이,4,2018
부자,1,2018
증세,1,2018
방편,1,2018
국립,1,2018
문제,2,2018
연구소,2,2018
야마모토,4,2018
가쓰야,1,2018
이론,1,2018
구부,1,2018
토대,1,2018
금수,2,2018
부과,4,2018
보너스,2,2018
합의,8,2018
내각,1,2018
고이즈미,1,2018
이치로,1,2018
인기,4,2018
인플레이션,1,2018
지속,3,2018
연기금,1,2018
시대,4,2018
확충,1,2018
논의,10,2018
노오,4,2018
안산,2,2018
시화,2,2018
인천,2,2018
공단,2,2018
나와라,1,2018
널렸다,1,2018
홍대,2,2018
인천공항,2,2018
혼술족,2,2018
중소기업,3,2018
농촌,2,2018
은둔,5,2018
외톨이,4,2018
간다,1,2018
기사,4,2018
당사자,5,2018
어른,4,2018
댓글,5,2018
올해,3,2018
미취,1,2018
가운데,1,2018
주로,1,2018
중장,1,2018
년층,1,2018
꼰대,2,2018
배때,1,2018
사회생활,1,2018
구직,1,2018
노력,7,2018
체념,1,2018
삼포,1,2018
연애,1,2018
네티즌,2,2018
내재,1,2018
관점,2,2018
풍경,1,2018
녀석,1,2018
통계,1,2018
백수,4,2018
여자,1,2018
인터넷,4,2018
게임,2,2018
아들,2,2018
닥트,1,2018
욕실,1,2018
시공,1,2018
무관,1,2018
학력,1,2018
메일,1,2018
펜대,1,2018
이끼,1,2018
응원,2,2018
비난,1,2018
격려,1,2018
문프,1,2018
증시,1,2018
주식,1,2018
대중,1,2018
커뮤니티,4,2018
제목,5,2018
클릭,2,2018
원문,2,2018
반말,1,2018
비속어,1,2018
충실,1,2018
인용,2,2018
루리웹,3,2018
취준,3,2018
신입,3,2018
취득,2,2018
한국사,1,2018
컴활,1,2018
실기,1,2018
학원,4,2018
발목,2,2018
토요일,1,2018
문장,1,2018
듯이,1,2018
가슴,1,2018
코레일,2,2018
응시,1,2018
허탈,1,2018
자소,3,2018
항목,1,2018
거짓말,1,2018
취직,3,2018
망상,2,2018
걱정,4,2018
머릿속,1,2018
아르바이트,4,2018
행복,6,2018
슈우,1,2018
네이버,3,2018
의욕,1,2018
동생,1,2018
처제,1,2018
학자금,1,2018
대출,5,2018
월세,1,2018
이력서,1,2018
추천,2,2018
꼰대질,1,2018
허송,1,2018
세월,1,2018
가족,16,2018
신경,1,2018
뽐뿌,3,2018
엄마,2,2018
얼마,2,2018
경영학,1,2018
복지,5,2018
익명,1,2018
유머,2,2018
진짜,4,2018
쌍욕,1,2018
업종,1,2018
지식,1,2018
과도,3,2018
스트레스,1,2018
신세,1,2018
한탄,1,2018
전희진,1,2018
남편,1,2018
휴대폰,3,2018
컴퓨터,1,2018
소식,1,2018
교류,1,2018
혼자,2,2018
도서관,4,2018
산책,1,2018
등산,1,2018
중반,3,2018
조선,1,2018
알바,4,2018
천지,1,2018
파크,3,2018
요새,1,2018
벼슬,3,2018
주위,1,2018
인생,2,2018
낭비,1,2018
팩폭,1,2018
유난,1,2018
세상,4,2018
불펜,1,2018
소설가,1,2018
화제,1,2018
조성,1,2018
고궁,1,2018
공원,1,2018
정리,1,2018
신잡,1,2018
유럽,2,2018
독립운동,1,2018
표창원,1,2018
혜경궁,1,2018
어제,1,2018
클리앙,1,2018
유총,1,2018
가격,1,2018
장난감,2,2018
놀이,2,2018
응급처치,4,2018
할마,2,2018
할빠들,3,2018
자식,6,2018
기쁨,2,2018
손주,18,2018
서초구,6,2018
신청,5,2018
주가,1,2018
이상인,1,2018
조부모,8,2018
이상,2,2018
보미,3,2018
자도,1,2018
급증,3,2018
수요,2,2018
격월,2,2018
정원,2,2018
수강생,1,2018
수료증,3,2018
아이,5,2018
수당,2,2018
수강,1,2018
수료,1,2018
할아버지,10,2018
할머니,7,2018
열정,1,2018
프로그램,2,2018
최신,2,2018
육아법,3,2018
필수,1,2018
서초,1,2018
구청,1,2018
자녀,6,2018
습관,2,2018
지도,1,2018
기법,1,2018
손녀,3,2018
박영,1,2018
교재,1,2018
강사,1,2018
카메라,1,2018
촬영,1,2018
이태현,1,2018
손자,1,2018
다리,1,2018
기분,1,2018
대한민국,5,2018
시청,1,2018
김기남,1,2018
주말,1,2018
평일,1,2018
휴가,2,2018
요즘,2,2018
자신감,1,2018
외손,2,2018
친손주,2,2018
이성실,2,2018
지방,41,2018
학년,2,2018
감사,2,2018
명예퇴직,1,2018
김무영,1,2018
남자,2,2018
영향,3,2018
의사,1,2018
체력,1,2018
외손녀,2,2018
허봉,1,2018
스킨십,1,2018
단어,6,2018
베이비,1,2018
마사지,1,2018
최고,5,2018
할빠,1,2018
전문,3,2018
기자,4,2018
칼럼,2,2018
전업,3,2018
주부,3,2018
최저,3,2018
생계,2,2018
제대로,1,2018
베이비부머,2,2018
용돈,2,2018
전락,1,2018
상한선,8,2018
가입자,9,2018
출발,2,2018
원대,3,2018
무지,1,2018
유기,1,2018
사이,5,2018
안락,2,2018
공백기,1,2018
보전,5,2018
대다수,2,2018
가정,2,2018
학비,1,2018
자금,2,2018
목돈,1,2018
실정,1,2018
최선,1,2018
부부,1,2018
활성화,1,2018
배우자,1,2018
도중,2,2018
사망,1,2018
노령,5,2018
유리,1,2018
한쪽,1,2018
유족,3,2018
그동안,1,2018
소멸,1,2018
계산법,1,2018
업주,2,2018
부들,1,2018
방치,1,2018
동시,2,2018
이중,1,2018
회사원,1,2018
해법,1,2018
시행,1,2018
태생,1,2018
후세,1,2018
명시,5,2018
검토,10,2018
보좌,4,2018
발언,3,2018
관해,1,2018
자문,5,2018
착수,3,2018
가지,4,2018
달라,1,2018
우선,1,2018
근거,2,2018
불안감,4,2018
제기,1,2018
해소,1,2018
적극,1,2018
납부,2,2018
명문,5,2018
동력,2,2018
부작용,4,2018
미래세,1,2018
운용,1,2018
차질,1,2018
확정,1,2018
부채,1,2018
인도,1,2018
타격,1,2018
현행,1,2018
사학,2,2018
지방자치단체,1,2018
조항,2,2018
추상,2,2018
박능후,5,2018
종합,3,2018
주문,1,2018
가구,2,2018
분배,1,2018
가계,1,2018
양극,1,2018
타개,1,2018
전제,2,2018
손호,3,2018
사색,1,2018
미네르바,7,2018
부엉이,7,2018
계엄령,11,2018
망령,2,2018
기무사,4,2018
문건,11,2018
친위,3,2018
교감,3,2018
규명,3,2018
황혼,3,2018
비상,4,2018
헤겔,5,2018
통해,1,2018
지식인,8,2018
운명,3,2018
묘사,2,2018
그리스,2,2018
속담,2,2018
지혜,2,2018
역사,7,2018
예측,2,2018
유명,1,2018
사후,1,2018
해석,1,2018
따름,1,2018
학문,3,2018
실감,2,2018
노무현,14,2018
이회창,1,2018
전면,1,2018
출구조사,1,2018
심층,1,2018
북한,1,2018
태도,3,2018
노년,3,2018
냉전,4,2018
한나라당,4,2018
극우,1,2018
노선,1,2018
대통령선거,1,2018
청년실업,1,2018
집값,1,2018
폭등,2,2018
대학생,1,2018
변수,2,2018
부끄러움,1,2018
절감,1,2018
기무사령부,1,2018
대사,4,2018
선포,5,2018
년대,1,2018
김영삼,9,2018
정치군인,1,2018
숙청,1,2018
문민통제,1,2018
확립,1,2018
학자,1,2018
엉터리,1,2018
삼류,1,2018
정치학자,1,2018
일각,1,2018
국무회의,1,2018
계엄,6,2018
승인,1,2018
보안,1,2018
군인,2,2018
상정,1,2018
제시,2,2018
비상계엄,1,2018
사령관,1,2018
내정,1,2018
쿠테타,1,2018
황교안,3,2018
대행,2,2018
방송국,1,2018
일화,2,2018
요원,1,2018
파견,1,2018
체포,2,2018
군법,3,2018
재판소,1,2018
회부,1,2018
해제,1,2018
현행범,1,2018
정족수,1,2018
미달,1,2018
사령부,2,2018
전두환,8,2018
신군부,1,2018
만행,1,2018
체험,4,2018
항쟁,1,2018
불순,1,2018
잠입,1,2018
폭동,1,2018
지침,2,2018
저항,6,2018
제작,1,2018
충격,2,2018
간담,2,2018
폭염,1,2018
명예,2,2018
서강대,2,2018
외교학,1,2018
이유식,3,2018
누가,1,2018
악재,2,2018
실사,4,2018
구시,4,2018
규제,8,2018
앞장,2,2018
과제,1,2018
산적,2,2018
시험대,2,2018
막바지,2,2018
중순,2,2018
토론회,3,2018
유승민,3,2018
언쟁,2,2018
실현,1,2018
포퓰리즘,1,2018
추궁,1,2018
발단,1,2018
특위,1,2018
여야,1,2018
사항,1,2018
역공,1,2018
의문,1,2018
설계,2,2018
기억,4,2018
개편,6,2018
초점,1,2018
시기,1,2018
이연,1,2018
진실,1,2018
납득,1,2018
관련,1,2018
눈치,2,2018
홍보,1,2018
무리,1,2018
목표,1,2018
방침,2,2018
연유,1,2018
일방,3,2018
단언,1,2018
국정,2,2018
게다,1,2018
공표,1,2018
신호,1,2018
일비,1,2018
지방선거,3,2018
추세,3,2018
하락,1,2018
드라이브,1,2018
적폐,4,2018
청산,3,2018
한반도,2,2018
평화,2,2018
정착,1,2018
박수,1,2018
정의,2,2018
패러다임,1,2018
중산층,1,2018
피로,1,2018
대열,1,2018
이탈,2,2018
조짐,2,2018
임금,4,2018
과속,1,2018
노동,2,2018
단축,1,2018
폭풍,1,2018
민생,1,2018
유능,1,2018
의심,1,2018
고착,1,2018
보강,1,2018
제화,1,2018
불신,1,2018
수익,1,2018
호전,1,2018
도움,2,2018
본부장,1,2018
수익률,2,2018
뒷걸음질,1,2018
공격,2,2018
진영,4,2018
재벌,2,2018
지주,1,2018
포획,2,2018
촛불,2,2018
명령,2,2018
궤도,1,2018
진퇴양난,1,2018
동선,1,2018
실천,3,2018
눈길,1,2018
행보,1,2018
은행,1,2018
완화,2,2018
금산,1,2018
분리,1,2018
천명,1,2018
세기,1,2018
영국,4,2018
자동차,2,2018
산업,1,2018
깃발,1,2018
타이밍,1,2018
생명,1,2018
쐐기,1,2018
하순,1,2018
의료,1,2018
기기,1,2018
통탄,1,2018
기류,2,2018
면세점,3,2018
공항,1,2018
입국,1,2018
참여연대,1,2018
보호,1,2018
발상,1,2018
이사,1,2018
성과,1,2018
강퍅,1,2018
논설,1,2018
고문,1,2018
사설,9,2018
뇌관,2,2018
기미,2,2018
형평성,2,2018
결코,1,2018
라며,1,2018
진화,1,2018
민관,1,2018
추계,3,2018
인화,1,2018
역대,2,2018
처방,1,2018
부양,1,2018
적립,2,2018
가혹,1,2018
적정,1,2018
믿음,1,2018
세금,1,2018
수긍,2,2018
특권,2,2018
수술,1,2018
여당,2,2018
제안,2,2018
스웨덴,2,2018
사정,3,2018
대타협,2,2018
초당,1,2018
협력,3,2018
분담,1,2018
복지부,3,2018
계산,7,2018
바로,1,2018
발표,2,2018
휴일,2,2018
오전,1,2018
이례,3,2018
상한,1,2018
중인,1,2018
항의,1,2018
활기,1,2018
경제활동,2,2018
기여,1,2018
신체,1,2018
정신,1,2018
선진국,2,2018
캐나다,2,2018
덴마크,2,2018
노르,2,2018
방황,1,2018
공급,1,2018
출구,1,2018
촉진,1,2018
노조,1,2018
이기주의,2,2018
제어,1,2018
사회학,8,2018
관찰,2,2018
복학,11,2018
종렬,4,2018
지음,1,2018
오월,1,2018
학회,2,2018
기도,2,2018
삼천이,1,2018
작가,2,2018
기안,2,2018
웹툰,2,2018
매일,2,2018
마음속,2,2018
두운,1,2018
마술,2,2018
리얼리즘,1,2018
수작,1,2018
만화,1,2018
언어,2,2018
포착,1,2018
계명,1,2018
대학교,1,2018
서사,1,2018
학계,1,2018
상실,1,2018
동물,1,2018
속물,1,2018
김홍중,1,2018
자기계발,1,2018
통치,3,2018
자본주의,2,2018
멍청이,1,2018
서동진,1,2018
담론,3,2018
소외,1,2018
인터뷰,1,2018
재학,1,2018
생존,3,2018
가치,1,2018
가수,1,2018
자이언티,1,2018
노래,1,2018
양화대교,1,2018
가사,1,2018
배경음악,1,2018
무한,1,2018
패배,2,2018
상처,1,2018
수도권,1,2018
유행,1,2018
공동체,1,2018
해체,1,2018
경계,1,2018
가부장,1,2018
핵가족,2,2018
경제력,1,2018
연대,2,2018
추구,1,2018
독특,1,2018
성찰,1,2018
시도,4,2018
재치,1,2018
개념화,1,2018
끈기,1,2018
도피,1,2018
양식,1,2018
적당,6,2018
요약,1,2018
정체,2,2018
공유,2,2018
공간,3,2018
핵심,1,2018
몰입,4,2018
유대,1,2018
스타일,2,2018
법인,1,2018
영어학원,1,2018
민주,1,2018
중간,1,2018
습속,1,2018
성실,1,2018
합격,4,2018
자재,1,2018
특별,3,2018
세팅,1,2018
에너지,1,2018
정서,1,2018
규범,1,2018
서로,1,2018
강남,1,2018
유수,1,2018
광고,1,2018
확보,1,2018
스펙,7,2018
채린,1,2018
장시간,1,2018
주거,4,2018
하루하루,1,2018
전망,1,2018
주의자,1,2018
지은이,1,2018
빈약,1,2018
자본,2,2018
선후배,1,2018
동향,1,2018
제언,1,2018
열망,1,2018
대화,3,2018
우주,1,2018
여건,1,2018
촉구,1,2018
대구,9,2018
경북,6,2018
사고방식,1,2018
노동시간,1,2018
점철,1,2018
미학,1,2018
폴리스,1,2018
단기,1,2018
사관학교,1,2018
유념,1,2018
현상,1,2018
실재,2,2018
목적,2,2018
김지훈,3,2018
골짜기,2,2018
김민서,7,2018
이전,2,2018
지난,1,2018
그때,1,2018
학생,4,2018
순번,2,2018
예약,7,2018
이용자,4,2018
까닭,2,2018
더욱,1,2018
보통,2,2018
달리,1,2018
반납,3,2018
도서,2,2018
가로,1,2018
김씨,5,2018
저자,4,2018
과외,1,2018
저리,1,2018
형편,1,2018
평소,1,2018
부당,2,2018
메시지,1,2018
소고기,1,2018
집회,3,2018
등록금,6,2018
시급,1,2018
처지,1,2018
지목,1,2018
대로,3,2018
흐름,1,2018
고발,2,2018
자격증,1,2018
토익,1,2018
외국어,1,2018
성적,1,2018
도생,1,2018
바탕,1,2018
전략,1,2018
죄수,1,2018
딜레마,1,2018
황해,4,2018
민씨,2,2018
박성택,2,2018
수험,1,2018
황씨,6,2018
박씨,4,2018
행정고시,3,2018
수년,1,2018
낙방,1,2018
고교생,1,2018
일감,1,2018
풀타임,1,2018
생활비,1,2018
개념,1,2018
후회,1,2018
경쟁률,1,2018
병행,1,2018
공시,2,2018
전념,1,2018
신통,1,2018
다행,1,2018
문송,1,2018
문과,1,2018
인문학,1,2018
여기저기,1,2018
문자,1,2018
즈음,1,2018
통보,1,2018
고시,1,2018
독서실,1,2018
고시원,1,2018
쳇바퀴,1,2018
산학,1,2018
무기계약직,1,2018
해지,1,2018
하루아침,1,2018
한시름,1,2018
인수,1,2018
인계,1,2018
잡일,1,2018
외부,1,2018
민원,1,2018
불친절,1,2018
매뉴얼,1,2018
야근,1,2018
땜빵,1,2018
기성세대,3,2018
배분,1,2018
실생활,1,2018
누적,1,2018
폭발,1,2018
반감,1,2018
미시,1,2018
위험성,1,2018
진출,1,2018
전가,2,2018
학자금대출,4,2018
문현진,4,2018
숙제,1,2018
아버지,1,2018
아빠,1,2018
투쟁,2,2018
문씨,3,2018
감당,1,2018
개별,1,2018
원망,1,2018
적금,1,2018
뒷일,1,2018
신청서,1,2018
주소,1,2018
전화번호,1,2018
장학재단,1,2018
공통,1,2018
퇴진,1,2018
촛불집회,1,2018
반값,1,2018
고생,1,2018
후배,1,2018
조금,1,2018
임대주택,1,2018
또래,1,2018
청슬,1,2018
아치,2,2018
자립,1,2018
상상력,1,2018
공작,3,2018
타령,2,2018
이명박,34,2018
피의자,3,2018
신분,3,2018
검찰,39,2018
모든,1,2018
깡그리,1,2018
부인,4,2018
며칠,2,2018
구속,3,2018
영장,4,2018
청구,2,2018
법원,2,2018
발부,2,2018
전직,8,2018
감옥,3,2018
장면,2,2018
우리,1,2018
다른,1,2018
불행,1,2018
보복,44,2018
우리나라,2,2018
예상,1,2018
청사,1,2018
서재,2,2018
궤멸,1,2018
죽음,1,2018
홍준표,7,2018
복수,2,2018
일념,1,2018
포토,2,2018
라인,2,2018
엠비,1,2018
부메랑,2,2018
협박,1,2018
김성태,1,2018
원내,1,2018
비극,3,2018
잉태,1,2018
부정,1,2018
풀이,1,2018
해원,1,2018
논평,1,2018
정치권,2,2018
반대파,1,2018
탄압,2,2018
표현,1,2018
김대중,13,2018
박정희,3,2018
핍박,1,2018
제거,1,2018
적화통일,1,2018
거짓,1,2018
음해,1,2018
노태우,5,2018
조작,1,2018
신년사,1,2018
화합,1,2018
일체,1,2018
계층,1,2018
배격,1,2018
특혜,2,2018
용납,2,2018
재임,1,2018
형사,1,2018
처벌,1,2018
사면,1,2018
건의,1,2018
석방,1,2018
근대화,1,2018
업적,1,2018
기념,1,2018
피해자,1,2018
가해자,1,2018
화해,1,2018
손길,1,2018
추적,1,2018
강금실,1,2018
천정배,1,2018
검사,2,2018
법조,1,2018
법무부,1,2018
황금기,1,2018
참모,1,2018
기용,1,2018
철저,1,2018
통제,1,2018
탄핵,1,2018
답변,1,2018
자연,1,2018
취재,1,2018
단서,1,2018
흔적,1,2018
측근,2,2018
진술,3,2018
입증,1,2018
재직,1,2018
뇌물,2,2018
전달,1,2018
횡령,1,2018
재판,2,2018
증언,1,2018
기자회견,1,2018
출두,2,2018
국정원,1,2018
폭로,1,2018
투구,1,2018
페이스북,1,2018
전전,4,2018
미명,1,2018
퇴행,1,2018
국익,1,2018
뇌물수수,1,2018
공범,1,2018
권양숙,1,2018
여사,1,2018
사생결단,1,2018
충돌,1,2018
불법,2,2018
법질서,1,2018
수호,1,2018
짐작,1,2018
자살,3,2018
복수심,1,2018
취임식,1,2018
일촉즉발,1,2018
정심,1,2018
국세청,10,2018
다스,6,2018
세무,13,2018
사찰,5,2018
정기,1,2018
부품,1,2018
여권,2,2018
실소,1,2018
유주,1,2018
경주,1,2018
관할,1,2018
투입,2,2018
충견,2,2018
공권력,1,2018
세무조사,6,2018
태광,6,2018
실업,6,2018
쌍둥이,1,2018
후원자,1,2018
박연차,1,2018
부산,3,2018
소재,1,2018
자료,1,2018
중대,1,2018
남용,1,2018
재발,1,2018
방지,1,2018
열거,1,2018
승희,1,2018
사과,1,2018
로남불,1,2018
수수,1,2018
제왕,1,2018
손해,1,2018
동원,1,2018
변호,1,2018
사비,1,2018
삼성,1,2018
대납,1,2018
청탁,1,2018
명목,1,2018
교훈,2,2018
행태,1,2018
증거,2,2018
사실관계,1,2018
참담,1,2018
소환,2,2018
존중,1,2018
사법,2,2018
도곡동,2,2018
소유,2,2018
고수,1,2018
항변,1,2018
진위,1,2018
불이익,1,2018
오해,1,2018
중앙,1,2018
일보,1,2018
양비론,1,2018
일관,1,2018
소명,2,2018
품격,1,2018
집착,1,2018
냉정,1,2018
법리,1,2018
심판,1,2018
기소,1,2018
신문,1,2018
불리,1,2018
무기,1,2018
프레임,4,2018
의도,1,2018
위력,1,2018
동정,1,2018
전례,1,2018
총선,2,2018
김종필,1,2018
총재,1,2018
자민련,6,2018
약진,1,2018
선거구,3,2018
무소속,1,2018
신한국당,1,2018
의석,1,2018
차지,1,2018
티케,1,2018
효과,1,2018
제한,1,2018
선임,1,2018
건보,10,2019
공단,20,2019
노조,17,2019
민노총,8,2019
집회,10,2019
불참,14,2019
벌금,3,2019
만원,1,2019
건강,4,2019
보험,4,2019
노동조합,4,2019
상급,2,2019
단체,2,2019
민주,2,2019
노총,2,2019
참석,7,2019
조합원,11,2019
사이,3,2019
논란,4,2019
보노,8,2019
운수,2,2019
소속,2,2019
집행,2,2019
부가,1,2019
사례,2,2019
처음,1,2019
경우,1,2019
중심,3,2019
강요,4,2019
목소리,7,2019
확산,2,2019
공공,6,2019
일종,3,2019
세대,33,2019
갈등,66,2019
관계자,4,2019
토요일,1,2019
세종,1,2019
지난달,6,2019
서울,2,2019
중구,2,2019
정부,40,2019
교섭,1,2019
승리,1,2019
총력,1,2019
투쟁,1,2019
선포,1,2019
대회,1,2019
참가,1,2019
지부,2,2019
명목,1,2019
부별,1,2019
직원,6,2019
정규,3,2019
가입,1,2019
전국,3,2019
온라인,1,2019
커뮤니티,2,2019
불법,1,2019
동원,1,2019
사정,1,2019
위주,1,2019
불만,7,2019
표시,3,2019
내부,3,2019
임금,4,2019
협상,1,2019
관심사,1,2019
기관,3,2019
주최,1,2019
추산,1,2019
철폐,1,2019
구호,1,2019
월급,1,2019
인상,8,2019
비정규직,2,2019
정규직,2,2019
이상,4,2019
주장,4,2019
설립,1,2019
전통,1,2019
일괄,1,2019
기준,3,2019
부들,1,2019
자발,1,2019
교수,6,2019
김태기,2,2019
단국대,2,2019
의견,6,2019
일관,1,2019
횡포,1,2019
김동섭,1,2019
아웃룩,1,2019
삐빅,4,2019
악수,3,2019
지하철,8,2019
개찰구,6,2019
승차권,10,2019
모습,2,2019
가지,2,2019
소리,10,2019
이하,1,2019
승객,2,2019
동시,3,2019
화살표,2,2019
역무,2,2019
내지,1,2019
경로,3,2019
우대,5,2019
사용,2,2019
사람,12,2019
위해,1,2019
방법,3,2019
내년,6,2019
전후,1,2019
노인,20,2019
진입,4,2019
국민연금,14,2019
노령,1,2019
연금,80,2019
사회,29,2019
파열음,2,2019
연장,8,2019
대선,5,2019
정년,13,2019
이슈,2,2019
청년,5,2019
노동,4,2019
개혁,14,2019
선배,1,2019
마음,1,2019
불편,1,2019
심판,1,2019
축구,4,2019
경기,1,2019
레드,1,2019
카드,1,2019
승차,5,2019
무료,1,2019
신호,1,2019
법원,1,2019
가동,1,2019
인정,1,2019
결정,4,2019
연령,14,2019
대표,3,2019
대상,5,2019
무임,3,2019
복지,2,2019
제도,8,2019
적자,8,2019
하소연,1,2019
복지부,2,2019
얼마,3,2019
정액,1,2019
외래,1,2019
진료,3,2019
할인,1,2019
증가,4,2019
의료,1,2019
감당,1,2019
소득,2,2019
반발,7,2019
베이비부머,3,2019
잠재,1,2019
표면,1,2019
시작,7,2019
시대,1,2019
집단,12,2019
고령,3,2019
한국,11,2019
전쟁,2,2019
인구,6,2019
수명,4,2019
예상,3,2019
일손,2,2019
사회보장,2,2019
급증,3,2019
병원,1,2019
시설,1,2019
요양,1,2019
위기,3,2019
재정,5,2019
고갈,4,2019
부담,8,2019
간병,2,2019
가족,2,2019
다툼,1,2019
혜택,1,2019
거리,1,2019
운동장,2,2019
안전,1,2019
지적,4,2019
나이,4,2019
조정,7,2019
퇴직,4,2019
공백기,3,2019
노후,3,2019
공무원,30,2019
교직원,2,2019
불리,4,2019
논의,3,2019
금단,1,2019
열매,1,2019
당장,2,2019
총선,2,2019
코앞,1,2019
칼날,1,2019
정치인,2,2019
해결,12,2019
생산,2,2019
현장,1,2019
부족,5,2019
빈자리,1,2019
대체,2,2019
데이비드,1,2019
영국,2,2019
옥스퍼드대,1,2019
국가,3,2019
소멸,1,2019
이민,1,2019
정도,2,2019
취업,6,2019
후반,1,2019
가능성,2,2019
등장,2,2019
선임,2,2019
연구,2,2019
위원,2,2019
김승택,1,2019
연구원,2,2019
각종,1,2019
선거,2,2019
실행,1,2019
여부,2,2019
쟁점,1,2019
만큼,2,2019
부각,1,2019
실제,1,2019
유권자,3,2019
차지,2,2019
비율,2,2019
명꼴,3,2019
피크,1,2019
기업,4,2019
현실,4,2019
형태,2,2019
일자리,4,2019
기회,1,2019
고음,1,2019
최보,1,2019
식이,1,2019
만난,1,2019
다음,1,2019
폭탄,3,2019
분명,1,2019
폭발,5,2019
강원,2,2019
산불,2,2019
발생,5,2019
지난주,2,2019
가장,2,2019
국내,1,2019
소식,2,2019
눈덩이,2,2019
불어,1,2019
충당,3,2019
부채,5,2019
조원,2,2019
작년,1,2019
억원,1,2019
군인,4,2019
이후,1,2019
원인,2,2019
재직,2,2019
기간,3,2019
내내,1,2019
업무,4,2019
최재,5,2019
더미,1,2019
이사장,7,2019
주원,1,2019
관리,6,2019
적립금,3,2019
자체,1,2019
지급,11,2019
보전,4,2019
조항,1,2019
명문,1,2019
보험료,17,2019
동의,5,2019
반대,1,2019
정책,8,2019
정권,7,2019
생각,5,2019
정치권,1,2019
총무처,1,2019
생활,1,2019
신설,1,2019
창립,1,2019
멤버,1,2019
센터,3,2019
실장,2,2019
전략기획,1,2019
사업,1,2019
본부장,2,2019
출신,2,2019
상태,3,2019
만성,1,2019
수급,6,2019
개시,1,2019
연동,2,2019
봉급,1,2019
물가,1,2019
자신,11,2019
셀프,1,2019
평가,4,2019
국회,3,2019
주도,2,2019
초안,1,2019
봉책,1,2019
익비,4,2019
대비,1,2019
동결,1,2019
완벽,1,2019
과거,7,2019
진전,1,2019
세금,6,2019
보장,3,2019
약속,3,2019
소급,1,2019
적용,2,2019
이론,1,2019
파기,1,2019
형평성,1,2019
형평,1,2019
딜레마,1,2019
마당,1,2019
증원,1,2019
기적,1,2019
플러스,1,2019
미래,2,2019
박봉,1,2019
민간,2,2019
평균,3,2019
연봉,1,2019
정상,1,2019
국민,20,2019
개인,2,2019
사용자,1,2019
지속,2,2019
가능,2,2019
통합,2,2019
시행,2,2019
혼란,1,2019
미국,1,2019
연방,1,2019
임용,1,2019
방안,4,2019
검토,1,2019
채택,2,2019
공사,1,2019
보수,5,2019
정치,8,2019
지도자,1,2019
임기,2,2019
허리띠,1,2019
선택,1,2019
근본,1,2019
세월,1,2019
악화,3,2019
형편,1,2019
가입자,2,2019
상대,2,2019
주목,2,2019
국방부,1,2019
예산,1,2019
직업,1,2019
특수,1,2019
사학,4,2019
구조,3,2019
학령,1,2019
급감,2,2019
파탄,2,2019
예정,2,2019
코스,1,2019
체적,1,2019
부실,2,2019
덩어리,1,2019
초기,1,2019
지출,1,2019
기금,3,2019
적립,1,2019
장수,1,2019
축복,1,2019
숙제,2,2019
양산,1,2019
경제성장,1,2019
실업난,1,2019
요즘,1,2019
은퇴,1,2019
작동,1,2019
추계,1,2019
보고,1,2019
전망,1,2019
뒷날,1,2019
상황,5,2019
걱정,1,2019
대통령,12,2019
운용,8,2019
눈높이,3,2019
사기,1,2019
묘책,1,2019
조금,1,2019
불가능,1,2019
하늘,1,2019
전면,2,2019
지시,1,2019
장관,1,2019
치열,1,2019
현행,1,2019
유지,1,2019
시점,3,2019
나중,1,2019
사태,1,2019
속도,1,2019
납부,1,2019
한계,1,2019
대책,1,2019
용돈,1,2019
역대,1,2019
정면,1,2019
바가지,1,2019
낙하산,2,2019
공석,1,2019
수익률,1,2019
수익,4,2019
마이너스,2,2019
전문가,9,2019
개입,2,2019
재무,1,2019
투자,2,2019
주가,1,2019
바람,1,2019
전주,1,2019
지방,1,2019
금융,1,2019
의결권,1,2019
행사,1,2019
스튜어드,2,2019
코드,2,2019
박수,1,2019
경영,3,2019
그림,1,2019
개선,1,2019
악용,1,2019
정의,3,2019
변질,1,2019
위험,1,2019
독립,1,2019
철저,1,2019
입장,2,2019
단독,1,2019
한국인,3,2019
의식,5,2019
조사,11,2019
해소,10,2019
노력,7,2019
심각,2,2019
노사,8,2019
빈부,2,2019
이념,2,2019
남녀,19,2019
지역,4,2019
문재인,11,2019
심화,4,2019
시선,2,2019
여론조사,4,2019
확인,3,2019
절반,3,2019
이번,1,2019
인식,6,2019
가까이,1,2019
응답,19,2019
미투,3,2019
운동,2,2019
격화,1,2019
요인,2,2019
부상,2,2019
감안,1,2019
젠더,3,2019
집권,1,2019
리서치,3,2019
동일,1,2019
비교,2,2019
부정,2,2019
답변,1,2019
능력,2,2019
포인트,3,2019
차이,1,2019
비판,1,2019
결과,2,2019
행보,1,2019
실망,2,2019
해석,2,2019
최창렬,1,2019
용인대,1,2019
정치학,1,2019
국정,3,2019
농단,1,2019
세력,1,2019
단죄,1,2019
진행,1,2019
분배,1,2019
각층,1,2019
총괄,1,2019
소장,2,2019
이강원,3,2019
국무조정실,1,2019
컨트롤,1,2019
타워,1,2019
제어,1,2019
미비,1,2019
분출,2,2019
항목,1,2019
노동자,1,2019
최저,2,2019
단축,1,2019
법정,1,2019
근로,1,2019
시간,1,2019
본격,1,2019
상승세,1,2019
연속,1,2019
하락,1,2019
순위,1,2019
사무,1,2019
윤순,1,2019
경실련,1,2019
노동계,1,2019
요구,1,2019
다발,1,2019
측면,2,2019
간과,1,2019
조율,1,2019
양쪽,1,2019
책임,4,2019
현상,2,2019
상승,1,2019
강타,1,2019
홍대,1,2019
누드모델,1,2019
몰카,1,2019
사건,1,2019
촉발,1,2019
혜화역,1,2019
시위,1,2019
광영,1,2019
중앙대,1,2019
사회학,2,2019
일베,1,2019
웹사이트,1,2019
여성,18,2019
혐오,8,2019
대항,1,2019
워마드,1,2019
남성,29,2019
구도,2,2019
인터넷,1,2019
댓글,1,2019
결합,1,2019
감정,1,2019
결집,1,2019
조건,1,2019
여론,5,2019
회의,2,2019
발전,2,2019
공론,11,2019
법제,2,2019
절차,4,2019
활용,2,2019
우호,1,2019
회피,1,2019
수단,1,2019
남용,1,2019
행정,2,2019
신뢰,2,2019
숙의,1,2019
민주주의,1,2019
기여,1,2019
신고리,1,2019
원전,1,2019
개편,1,2019
대입,1,2019
이해,2,2019
경험,1,2019
작용,1,2019
조언,1,2019
대외,1,2019
부원장,1,2019
재호,1,2019
표준화,1,2019
이용,1,2019
불신,1,2019
제화,4,2019
공감,3,2019
일정,1,2019
여건,1,2019
구비,1,2019
제안,2,2019
공공기관,1,2019
한참,1,2019
체계,1,2019
법적,1,2019
우선,1,2019
주민,1,2019
등록,1,2019
현황,1,2019
성별,2,2019
지역별,1,2019
비례,1,2019
추출,1,2019
표본,1,2019
오차,1,2019
수준,1,2019
주말,2,2019
대남,3,2019
항변,2,2019
우리,1,2019
착각,3,2019
최근,1,2019
하나,1,2019
대한,1,2019
통계,2,2019
분석,1,2019
일이,1,2019
지지율,6,2019
아래,1,2019
이유,1,2019
성향,2,2019
장년,2,2019
포함,2,2019
수치,2,2019
반면,1,2019
얘기,4,2019
계층,3,2019
군대,1,2019
준비,2,2019
연애,1,2019
결혼,1,2019
출산,1,2019
포기,1,2019
자락,1,2019
무관심,1,2019
트렌드,1,2019
소비,1,2019
대접,1,2019
또래,1,2019
과도기,1,2019
기성세대,7,2019
배경,1,2019
전조,1,2019
대학생,2,2019
회사원,1,2019
영업,3,2019
무직,1,2019
이야기,2,2019
곤란,1,2019
한마디,1,2019
정리,1,2019
희생양,2,2019
고물,1,2019
조치,1,2019
설계,1,2019
대학,2,2019
현수,1,2019
차별,9,2019
한쪽,1,2019
역차별,1,2019
호현,1,2019
방식,2,2019
통과,1,2019
여성폭력,1,2019
방지법,1,2019
피해자,4,2019
한정,1,2019
가해자,1,2019
방법론,1,2019
박씨,1,2019
문제,1,2019
공유,1,2019
법안,2,2019
마련,1,2019
필요,1,2019
대결,1,2019
잡음,1,2019
배제,2,2019
지위,1,2019
구제,1,2019
외면,1,2019
사각,1,2019
지대,1,2019
게시판,1,2019
청와대,2,2019
청원,2,2019
폐기,1,2019
동년배,1,2019
경쟁,1,2019
고용,4,2019
정보원,1,2019
할당,1,2019
지원,1,2019
창업,1,2019
전가,1,2019
행태,1,2019
조성수,1,2019
직장,1,2019
여자,4,2019
심부름,1,2019
가정,1,2019
집안일,1,2019
진출,1,2019
공전,1,2019
극단,1,2019
펜스,1,2019
이성,1,2019
차단,1,2019
접촉,1,2019
남혐,1,2019
여혐,1,2019
범죄,1,2019
곽금주,1,2019
서울대,1,2019
심리학,1,2019
구사,1,2019
특정,1,2019
효과,1,2019
불공정,5,2019
정성,1,2019
분노,3,2019
화두,1,2019
공정,3,2019
캠코더,1,2019
인사,1,2019
직장인,1,2019
김성,1,2019
박근혜,1,2019
경제,2,2019
사안,1,2019
실력,2,2019
정유,1,2019
특권,1,2019
반칙,1,2019
상징,1,2019
격파,1,2019
금수,1,2019
핵심,1,2019
수저,2,2019
김현동,1,2019
대변인,1,2019
평창,2,2019
동계,1,2019
올림픽,1,2019
아이스하키,1,2019
단일,1,2019
아시안,1,2019
게임,3,2019
야구,2,2019
비난,1,2019
선수,2,2019
김지훈,1,2019
손흥민,1,2019
병역,1,2019
면제,1,2019
제기,1,2019
명예,1,2019
구정우,1,2019
성균관대,1,2019
실패,1,2019
선민의식,1,2019
반영,1,2019
공간,1,2019
사고,1,2019
소외,1,2019
유시민,1,2019
노무현,1,2019
재단,1,2019
발언,1,2019
공부,1,2019
남자,1,2019
격분,1,2019
지점,1,2019
욕망,3,2019
충족,1,2019
대중,1,2019
추종,1,2019
스타일,1,2019
계몽,1,2019
가르침,1,2019
권태,1,2019
동등,1,2019
교육,1,2019
문화,1,2019
자리,1,2019
관념,1,2019
억압,1,2019
